Scenario,Category,Violation,Number of Offense,Sanction
A student was spotted wearing casual clothes while attending classes in the computer laboratory.,Minor Offenses,Non-wearing of the prescribed uniform inside the campus,1st Offense,Violation slip issued by the SDO
A student was seen entering the LRC without wearing the prescribed university uniform.,Minor Offenses,Non-wearing of the prescribed uniform inside the campus,1st Offense,Violation slip issued by the SDO
"During a campus event, a student was found wearing shorts instead of the required uniform.",Minor Offenses,Non-wearing of the prescribed uniform inside the campus,2nd Offense,Violation slip and a written warning issued by the SDO
A student was caught wearing a jeans in the cafeteria during class hours.,Minor Offenses,Non-wearing of the prescribed uniform inside the campus,2nd Offense,Violation slip and a written warning issued by the SDO
"A student attended a lecture in the AVR wearing a t-shirt and sneakers, contrary to the dress code.",Minor Offenses,Non-wearing of the prescribed uniform inside the campus,1st Offense,Violation slip issued by the SDO
A student entered the university’s in streetwear rather than the prescribed uniform.,Minor Offenses,Non-wearing of the prescribed uniform inside the campus,2nd Offense,Violation slip and a written warning issued by the SDO
Security reported a student walking around the university in non-uniform clothing during school hours.,Minor Offenses,Non-wearing of the prescribed uniform inside the campus,1st Offense,Violation slip issued by the SDO
"A student was observed in the library lounge without the correct uniform, instead wearing casual shorts and sandals.",Minor Offenses,Non-wearing of the prescribed uniform inside the campus,2nd Offense,Violation slip and a written warning issued by the SDO
"A group of students was seen leaving the gym in non-uniform attire, heading directly to class without changing into their uniforms.",Minor Offenses,Non-wearing of the prescribed uniform inside the campus,3rd Offense,The student is charged with a Major Offense under Section VI.E.19.
A student attended a laboratory class in a casual outfit without wearing the mandated lab uniform.,Minor Offenses,Non-wearing of the prescribed uniform inside the campus,2nd Offense,Violation slip and a written warning issued by the SDO
"A student was noticed walking through the university corridors wearing a jacket and jeans, not adhering to the uniform policy.",Minor Offenses,Non-wearing of the prescribed uniform inside the campus,1st Offense,Violation slip issued by the SDO
"While attending a seminar in the AVR, a student was found not wearing the required uniform, opting for everyday clothes.",Minor Offenses,Non-wearing of the prescribed uniform inside the campus,3rd Offense,The student is charged with a Major Offense under Section VI.E.19.
A student failed to present their ID when entering the campus entrance in the morning.,Minor Offenses,Non-wearing or failure to bring University ID on campus or during official University activities outside the campus.,1st Offense,Violation slip issued by the SDO
A student was found attending a university-wide seminar without their ID.,Minor Offenses,Non-wearing or failure to bring University ID on campus or during official University activities outside the campus.,1st Offense,Violation slip issued by the SDO
A student participated in an official university sports event off-campus without bringing their ID.,Minor Offenses,Non-wearing or failure to bring University ID on campus or during official University activities outside the campus.,2nd Offense,Violation slip and a written warning issued by the SDO
"During a surprise inspection at the library, a student was unable to show their university ID.",Minor Offenses,Non-wearing or failure to bring University ID on campus or during official University activities outside the campus.,2nd Offense,Violation slip and a written warning issued by the SDO
A student forgot their ID and was denied entry to the university.,Minor Offenses,Non-wearing or failure to bring University ID on campus or during official University activities outside the campus.,1st Offense,Violation slip issued by the SDO
A student attending a field trip representing the university was not carrying their ID.,Minor Offenses,Non-wearing or failure to bring University ID on campus or during official University activities outside the campus.,2nd Offense,Violation slip and a written warning issued by the SDO
A student was stopped by security personnel for walking on campus without displaying their ID.,Minor Offenses,Non-wearing or failure to bring University ID on campus or during official University activities outside the campus.,1st Offense,Violation slip issued by the SDO
A student attended a NU Bites outside the campus and forgot to bring their ID.,Minor Offenses,Non-wearing or failure to bring University ID on campus or during official University activities outside the campus.,2nd Offense,Violation slip and a written warning issued by the SDO
"A student entered the school without wearing their ID, which is required for identification.",Minor Offenses,Non-wearing or failure to bring University ID on campus or during official University activities outside the campus.,3rd Offense,The student is charged with a Major Offense under Section VI.E.19.
"A student was asked for their ID at an on-campus event and could not present it, claiming it was left at home.",Minor Offenses,Non-wearing or failure to bring University ID on campus or during official University activities outside the campus.,1st Offense,Violation slip issued by the SDO
"Security caught a student attending a university meeting without an ID, preventing entry to the building.",Minor Offenses,Non-wearing or failure to bring University ID on campus or during official University activities outside the campus.,3rd Offense,The student is charged with a Major Offense under Section VI.E.19.
A student forgot to wear their ID while entering school campus.,Minor Offenses,Non-wearing or failure to bring University ID on campus or during official University activities outside the campus.,2nd Offense,Violation slip and a written warning issued by the SDO
"A student attended a lecture wearing heavily ripped jeans, which were deemed inappropriate.",Minor Offenses,"Wearing inappropriate attire within the University premises, such as but not limited to:
a. Torn, worn-out, or ripped jeans or bottoms
b. Bare-shouldered top or dress (e.g., sleeveless, spaghetti straps, razor back, tube, strapless, halter, etc.)
c. Top or dress with a plunging neckline, exposed back, and midriff
d. Shorts and skirt more than two (2) inches above the knee
e. Figure-hugging attire, crop top and the like.
f. See-through or sheer attire
g. Joggers, jogging pants, sweatpants, leggings, and the like h. Slippers, flip-flops, slip-ons, slides, and open shoes.
i. Cross-dressing",1st Offense,Violation slip issued by the SDO
A student was found in worn-out cargo pants that were fraying at the seams during class.,Minor Offenses,"Wearing inappropriate attire within the University premises, such as but not limited to:
a. Torn, worn-out, or ripped jeans or bottoms
b. Bare-shouldered top or dress (e.g., sleeveless, spaghetti straps, razor back, tube, strapless, halter, etc.)
c. Top or dress with a plunging neckline, exposed back, and midriff
d. Shorts and skirt more than two (2) inches above the knee
e. Figure-hugging attire, crop top and the like.
f. See-through or sheer attire
g. Joggers, jogging pants, sweatpants, leggings, and the like h. Slippers, flip-flops, slip-ons, slides, and open shoes.
i. Cross-dressing",2nd Offense,Violation slip and a written warning issued by the SDO
A student was caught wearing leggings with multiple holes while in the cafeteria.,Minor Offenses,"Wearing inappropriate attire within the University premises, such as but not limited to:
a. Torn, worn-out, or ripped jeans or bottoms
b. Bare-shouldered top or dress (e.g., sleeveless, spaghetti straps, razor back, tube, strapless, halter, etc.)
c. Top or dress with a plunging neckline, exposed back, and midriff
d. Shorts and skirt more than two (2) inches above the knee
e. Figure-hugging attire, crop top and the like.
f. See-through or sheer attire
g. Joggers, jogging pants, sweatpants, leggings, and the like h. Slippers, flip-flops, slip-ons, slides, and open shoes.
i. Cross-dressing",1st Offense,Violation slip issued by the SDO
"During an event, a student was noticed wearing shorts with significant tears at the back.",Minor Offenses,"Wearing inappropriate attire within the University premises, such as but not limited to:
a. Torn, worn-out, or ripped jeans or bottoms
b. Bare-shouldered top or dress (e.g., sleeveless, spaghetti straps, razor back, tube, strapless, halter, etc.)
c. Top or dress with a plunging neckline, exposed back, and midriff
d. Shorts and skirt more than two (2) inches above the knee
e. Figure-hugging attire, crop top and the like.
f. See-through or sheer attire
g. Joggers, jogging pants, sweatpants, leggings, and the like h. Slippers, flip-flops, slip-ons, slides, and open shoes.
i. Cross-dressing",3rd Offense,The student is charged with a Major Offense under Section VI.E.19.
A student was stopped at the entrance for wearing jeans that were excessively torn and revealing.,Minor Offenses,"Wearing inappropriate attire within the University premises, such as but not limited to:
a. Torn, worn-out, or ripped jeans or bottoms
b. Bare-shouldered top or dress (e.g., sleeveless, spaghetti straps, razor back, tube, strapless, halter, etc.)
c. Top or dress with a plunging neckline, exposed back, and midriff
d. Shorts and skirt more than two (2) inches above the knee
e. Figure-hugging attire, crop top and the like.
f. See-through or sheer attire
g. Joggers, jogging pants, sweatpants, leggings, and the like h. Slippers, flip-flops, slip-ons, slides, and open shoes.
i. Cross-dressing",1st Offense,Violation slip issued by the SDO
"A student was seen in class wearing jeans with noticeable wear and tear, distracting others.",Minor Offenses,"Wearing inappropriate attire within the University premises, such as but not limited to:
a. Torn, worn-out, or ripped jeans or bottoms
b. Bare-shouldered top or dress (e.g., sleeveless, spaghetti straps, razor back, tube, strapless, halter, etc.)
c. Top or dress with a plunging neckline, exposed back, and midriff
d. Shorts and skirt more than two (2) inches above the knee
e. Figure-hugging attire, crop top and the like.
f. See-through or sheer attire
g. Joggers, jogging pants, sweatpants, leggings, and the like h. Slippers, flip-flops, slip-ons, slides, and open shoes.
i. Cross-dressing",2nd Offense,Violation slip and a written warning issued by the SDO
"A student attended a workshop wearing a pair of torn pants, which violated the dress code.",Minor Offenses,"Wearing inappropriate attire within the University premises, such as but not limited to:
a. Torn, worn-out, or ripped jeans or bottoms
b. Bare-shouldered top or dress (e.g., sleeveless, spaghetti straps, razor back, tube, strapless, halter, etc.)
c. Top or dress with a plunging neckline, exposed back, and midriff
d. Shorts and skirt more than two (2) inches above the knee
e. Figure-hugging attire, crop top and the like.
f. See-through or sheer attire
g. Joggers, jogging pants, sweatpants, leggings, and the like h. Slippers, flip-flops, slip-ons, slides, and open shoes.
i. Cross-dressing",3rd Offense,The student is charged with a Major Offense under Section VI.E.19.
A student was reported for wearing ripped sweatpants that were not suitable for campus attire.,Minor Offenses,"Wearing inappropriate attire within the University premises, such as but not limited to:
a. Torn, worn-out, or ripped jeans or bottoms
b. Bare-shouldered top or dress (e.g., sleeveless, spaghetti straps, razor back, tube, strapless, halter, etc.)
c. Top or dress with a plunging neckline, exposed back, and midriff
d. Shorts and skirt more than two (2) inches above the knee
e. Figure-hugging attire, crop top and the like.
f. See-through or sheer attire
g. Joggers, jogging pants, sweatpants, leggings, and the like h. Slippers, flip-flops, slip-ons, slides, and open shoes.
i. Cross-dressing",1st Offense,Violation slip issued by the SDO
"A student entered the library in jeans that had a large rip, prompting a dress code check.",Minor Offenses,"Wearing inappropriate attire within the University premises, such as but not limited to:
a. Torn, worn-out, or ripped jeans or bottoms
b. Bare-shouldered top or dress (e.g., sleeveless, spaghetti straps, razor back, tube, strapless, halter, etc.)
c. Top or dress with a plunging neckline, exposed back, and midriff
d. Shorts and skirt more than two (2) inches above the knee
e. Figure-hugging attire, crop top and the like.
f. See-through or sheer attire
g. Joggers, jogging pants, sweatpants, leggings, and the like h. Slippers, flip-flops, slip-ons, slides, and open shoes.
i. Cross-dressing",2nd Offense,Violation slip and a written warning issued by the SDO
"A student was seen in class wearing frayed shorts, which were not appropriate for the university setting.",Minor Offenses,"Wearing inappropriate attire within the University premises, such as but not limited to:
a. Torn, worn-out, or ripped jeans or bottoms
b. Bare-shouldered top or dress (e.g., sleeveless, spaghetti straps, razor back, tube, strapless, halter, etc.)
c. Top or dress with a plunging neckline, exposed back, and midriff
d. Shorts and skirt more than two (2) inches above the knee
e. Figure-hugging attire, crop top and the like.
f. See-through or sheer attire
g. Joggers, jogging pants, sweatpants, leggings, and the like h. Slippers, flip-flops, slip-ons, slides, and open shoes.
i. Cross-dressing",3rd Offense,The student is charged with a Major Offense under Section VI.E.19.
"A student was caught wearing heavily ripped bottoms during a university event, violating the dress code.",Minor Offenses,"Wearing inappropriate attire within the University premises, such as but not limited to:
a. Torn, worn-out, or ripped jeans or bottoms
b. Bare-shouldered top or dress (e.g., sleeveless, spaghetti straps, razor back, tube, strapless, halter, etc.)
c. Top or dress with a plunging neckline, exposed back, and midriff
d. Shorts and skirt more than two (2) inches above the knee
e. Figure-hugging attire, crop top and the like.
f. See-through or sheer attire
g. Joggers, jogging pants, sweatpants, leggings, and the like h. Slippers, flip-flops, slip-ons, slides, and open shoes.
i. Cross-dressing",1st Offense,Violation slip issued by the SDO
A student was reminded of the dress code after wearing jeans with significant rips on campus.,Minor Offenses,"Wearing inappropriate attire within the University premises, such as but not limited to:
a. Torn, worn-out, or ripped jeans or bottoms
b. Bare-shouldered top or dress (e.g., sleeveless, spaghetti straps, razor back, tube, strapless, halter, etc.)
c. Top or dress with a plunging neckline, exposed back, and midriff
d. Shorts and skirt more than two (2) inches above the knee
e. Figure-hugging attire, crop top and the like.
f. See-through or sheer attire
g. Joggers, jogging pants, sweatpants, leggings, and the like h. Slippers, flip-flops, slip-ons, slides, and open shoes.
i. Cross-dressing",2nd Offense,Violation slip and a written warning issued by the SDO
A student was stopped at the entrance for wearing a sleeveless top that violated the dress code.,Minor Offenses,"Wearing inappropriate attire within the University premises, such as but not limited to:
a. Torn, worn-out, or ripped jeans or bottoms
b. Bare-shouldered top or dress (e.g., sleeveless, spaghetti straps, razor back, tube, strapless, halter, etc.)
c. Top or dress with a plunging neckline, exposed back, and midriff
d. Shorts and skirt more than two (2) inches above the knee
e. Figure-hugging attire, crop top and the like.
f. See-through or sheer attire
g. Joggers, jogging pants, sweatpants, leggings, and the like h. Slippers, flip-flops, slip-ons, slides, and open shoes.
i. Cross-dressing",1st Offense,Violation slip issued by the SDO
"A student attended a seminar in a dress with spaghetti straps, which were deemed inappropriate.",Minor Offenses,"Wearing inappropriate attire within the University premises, such as but not limited to:
a. Torn, worn-out, or ripped jeans or bottoms
b. Bare-shouldered top or dress (e.g., sleeveless, spaghetti straps, razor back, tube, strapless, halter, etc.)
c. Top or dress with a plunging neckline, exposed back, and midriff
d. Shorts and skirt more than two (2) inches above the knee
e. Figure-hugging attire, crop top and the like.
f. See-through or sheer attire
g. Joggers, jogging pants, sweatpants, leggings, and the like h. Slippers, flip-flops, slip-ons, slides, and open shoes.
i. Cross-dressing",2nd Offense,Violation slip and a written warning issued by the SDO
"A student was found in a strapless dress during class, violating the university’s dress code.",Minor Offenses,"Wearing inappropriate attire within the University premises, such as but not limited to:
a. Torn, worn-out, or ripped jeans or bottoms
b. Bare-shouldered top or dress (e.g., sleeveless, spaghetti straps, razor back, tube, strapless, halter, etc.)
c. Top or dress with a plunging neckline, exposed back, and midriff
d. Shorts and skirt more than two (2) inches above the knee
e. Figure-hugging attire, crop top and the like.
f. See-through or sheer attire
g. Joggers, jogging pants, sweatpants, leggings, and the like h. Slippers, flip-flops, slip-ons, slides, and open shoes.
i. Cross-dressing",1st Offense,Violation slip issued by the SDO
"A student entered the cafeteria wearing a halter top, prompting a reminder of the dress code.",Minor Offenses,"Wearing inappropriate attire within the University premises, such as but not limited to:
a. Torn, worn-out, or ripped jeans or bottoms
b. Bare-shouldered top or dress (e.g., sleeveless, spaghetti straps, razor back, tube, strapless, halter, etc.)
c. Top or dress with a plunging neckline, exposed back, and midriff
d. Shorts and skirt more than two (2) inches above the knee
e. Figure-hugging attire, crop top and the like.
f. See-through or sheer attire
g. Joggers, jogging pants, sweatpants, leggings, and the like h. Slippers, flip-flops, slip-ons, slides, and open shoes.
i. Cross-dressing",1st Offense,Violation slip issued by the SDO
"A student was seen in a bare-shouldered dress during a formal event, which violated the guidelines.",Minor Offenses,"Wearing inappropriate attire within the University premises, such as but not limited to:
a. Torn, worn-out, or ripped jeans or bottoms
b. Bare-shouldered top or dress (e.g., sleeveless, spaghetti straps, razor back, tube, strapless, halter, etc.)
c. Top or dress with a plunging neckline, exposed back, and midriff
d. Shorts and skirt more than two (2) inches above the knee
e. Figure-hugging attire, crop top and the like.
f. See-through or sheer attire
g. Joggers, jogging pants, sweatpants, leggings, and the like h. Slippers, flip-flops, slip-ons, slides, and open shoes.
i. Cross-dressing",3rd Offense,The student is charged with a Major Offense under Section VI.E.19.
A student was caught wearing a sleeveless shirt while attending a lecture.,Minor Offenses,"Wearing inappropriate attire within the University premises, such as but not limited to:
a. Torn, worn-out, or ripped jeans or bottoms
b. Bare-shouldered top or dress (e.g., sleeveless, spaghetti straps, razor back, tube, strapless, halter, etc.)
c. Top or dress with a plunging neckline, exposed back, and midriff
d. Shorts and skirt more than two (2) inches above the knee
e. Figure-hugging attire, crop top and the like.
f. See-through or sheer attire
g. Joggers, jogging pants, sweatpants, leggings, and the like h. Slippers, flip-flops, slip-ons, slides, and open shoes.
i. Cross-dressing",2nd Offense,Violation slip and a written warning issued by the SDO
A student was reported for wearing a top with thin straps during a university meeting.,Minor Offenses,"Wearing inappropriate attire within the University premises, such as but not limited to:
a. Torn, worn-out, or ripped jeans or bottoms
b. Bare-shouldered top or dress (e.g., sleeveless, spaghetti straps, razor back, tube, strapless, halter, etc.)
c. Top or dress with a plunging neckline, exposed back, and midriff
d. Shorts and skirt more than two (2) inches above the knee
e. Figure-hugging attire, crop top and the like.
f. See-through or sheer attire
g. Joggers, jogging pants, sweatpants, leggings, and the like h. Slippers, flip-flops, slip-ons, slides, and open shoes.
i. Cross-dressing",1st Offense,Violation slip issued by the SDO
"A student attended a workshop in a tube top, which was not appropriate for the setting.",Minor Offenses,"Wearing inappropriate attire within the University premises, such as but not limited to:
a. Torn, worn-out, or ripped jeans or bottoms
b. Bare-shouldered top or dress (e.g., sleeveless, spaghetti straps, razor back, tube, strapless, halter, etc.)
c. Top or dress with a plunging neckline, exposed back, and midriff
d. Shorts and skirt more than two (2) inches above the knee
e. Figure-hugging attire, crop top and the like.
f. See-through or sheer attire
g. Joggers, jogging pants, sweatpants, leggings, and the like h. Slippers, flip-flops, slip-ons, slides, and open shoes.
i. Cross-dressing",2nd Offense,Violation slip and a written warning issued by the SDO
A student was reminded to dress appropriately after entering the library in a bare-shouldered top.,Minor Offenses,"Wearing inappropriate attire within the University premises, such as but not limited to:
a. Torn, worn-out, or ripped jeans or bottoms
b. Bare-shouldered top or dress (e.g., sleeveless, spaghetti straps, razor back, tube, strapless, halter, etc.)
c. Top or dress with a plunging neckline, exposed back, and midriff
d. Shorts and skirt more than two (2) inches above the knee
e. Figure-hugging attire, crop top and the like.
f. See-through or sheer attire
g. Joggers, jogging pants, sweatpants, leggings, and the like h. Slippers, flip-flops, slip-ons, slides, and open shoes.
i. Cross-dressing",3rd Offense,The student is charged with a Major Offense under Section VI.E.19.
"A student was found wearing a razor back top, which violated the university's dress code.",Minor Offenses,"Wearing inappropriate attire within the University premises, such as but not limited to:
a. Torn, worn-out, or ripped jeans or bottoms
b. Bare-shouldered top or dress (e.g., sleeveless, spaghetti straps, razor back, tube, strapless, halter, etc.)
c. Top or dress with a plunging neckline, exposed back, and midriff
d. Shorts and skirt more than two (2) inches above the knee
e. Figure-hugging attire, crop top and the like.
f. See-through or sheer attire
g. Joggers, jogging pants, sweatpants, leggings, and the like h. Slippers, flip-flops, slip-ons, slides, and open shoes.
i. Cross-dressing",1st Offense,Violation slip issued by the SDO
A student was caught wearing a dress without sleeves at an official university function.,Minor Offenses,"Wearing inappropriate attire within the University premises, such as but not limited to:
a. Torn, worn-out, or ripped jeans or bottoms
b. Bare-shouldered top or dress (e.g., sleeveless, spaghetti straps, razor back, tube, strapless, halter, etc.)
c. Top or dress with a plunging neckline, exposed back, and midriff
d. Shorts and skirt more than two (2) inches above the knee
e. Figure-hugging attire, crop top and the like.
f. See-through or sheer attire
g. Joggers, jogging pants, sweatpants, leggings, and the like h. Slippers, flip-flops, slip-ons, slides, and open shoes.
i. Cross-dressing",3rd Offense,The student is charged with a Major Offense under Section VI.E.19.
"A student attended a campus event in a halter dress, prompting a dress code violation notice.",Minor Offenses,"Wearing inappropriate attire within the University premises, such as but not limited to:
a. Torn, worn-out, or ripped jeans or bottoms
b. Bare-shouldered top or dress (e.g., sleeveless, spaghetti straps, razor back, tube, strapless, halter, etc.)
c. Top or dress with a plunging neckline, exposed back, and midriff
d. Shorts and skirt more than two (2) inches above the knee
e. Figure-hugging attire, crop top and the like.
f. See-through or sheer attire
g. Joggers, jogging pants, sweatpants, leggings, and the like h. Slippers, flip-flops, slip-ons, slides, and open shoes.
i. Cross-dressing",1st Offense,Violation slip issued by the SDO
A student was reported for wearing a top with a plunging neckline during class.,Minor Offenses,"Wearing inappropriate attire within the University premises, such as but not limited to:
a. Torn, worn-out, or ripped jeans or bottoms
b. Bare-shouldered top or dress (e.g., sleeveless, spaghetti straps, razor back, tube, strapless, halter, etc.)
c. Top or dress with a plunging neckline, exposed back, and midriff
d. Shorts and skirt more than two (2) inches above the knee
e. Figure-hugging attire, crop top and the like.
f. See-through or sheer attire
g. Joggers, jogging pants, sweatpants, leggings, and the like h. Slippers, flip-flops, slip-ons, slides, and open shoes.
i. Cross-dressing",1st Offense,Violation slip issued by the SDO
"A student attended a seminar in a dress with a plunging back, which was inappropriate.",Minor Offenses,"Wearing inappropriate attire within the University premises, such as but not limited to:
a. Torn, worn-out, or ripped jeans or bottoms
b. Bare-shouldered top or dress (e.g., sleeveless, spaghetti straps, razor back, tube, strapless, halter, etc.)
c. Top or dress with a plunging neckline, exposed back, and midriff
d. Shorts and skirt more than two (2) inches above the knee
e. Figure-hugging attire, crop top and the like.
f. See-through or sheer attire
g. Joggers, jogging pants, sweatpants, leggings, and the like h. Slippers, flip-flops, slip-ons, slides, and open shoes.
i. Cross-dressing",2nd Offense,Violation slip and a written warning issued by the SDO
A student was found wearing a top that exposed midriff during an academic meeting.,Minor Offenses,"Wearing inappropriate attire within the University premises, such as but not limited to:
a. Torn, worn-out, or ripped jeans or bottoms
b. Bare-shouldered top or dress (e.g., sleeveless, spaghetti straps, razor back, tube, strapless, halter, etc.)
c. Top or dress with a plunging neckline, exposed back, and midriff
d. Shorts and skirt more than two (2) inches above the knee
e. Figure-hugging attire, crop top and the like.
f. See-through or sheer attire
g. Joggers, jogging pants, sweatpants, leggings, and the like h. Slippers, flip-flops, slip-ons, slides, and open shoes.
i. Cross-dressing",1st Offense,Violation slip issued by the SDO
A student was caught in a dress with a deep neckline during a university function.,Minor Offenses,"Wearing inappropriate attire within the University premises, such as but not limited to:
a. Torn, worn-out, or ripped jeans or bottoms
b. Bare-shouldered top or dress (e.g., sleeveless, spaghetti straps, razor back, tube, strapless, halter, etc.)
c. Top or dress with a plunging neckline, exposed back, and midriff
d. Shorts and skirt more than two (2) inches above the knee
e. Figure-hugging attire, crop top and the like.
f. See-through or sheer attire
g. Joggers, jogging pants, sweatpants, leggings, and the like h. Slippers, flip-flops, slip-ons, slides, and open shoes.
i. Cross-dressing",3rd Offense,The student is charged with a Major Offense under Section VI.E.19.
"A student entered the library wearing a top with a plunging neckline, violating dress code guidelines.",Minor Offenses,"Wearing inappropriate attire within the University premises, such as but not limited to:
a. Torn, worn-out, or ripped jeans or bottoms
b. Bare-shouldered top or dress (e.g., sleeveless, spaghetti straps, razor back, tube, strapless, halter, etc.)
c. Top or dress with a plunging neckline, exposed back, and midriff
d. Shorts and skirt more than two (2) inches above the knee
e. Figure-hugging attire, crop top and the like.
f. See-through or sheer attire
g. Joggers, jogging pants, sweatpants, leggings, and the like h. Slippers, flip-flops, slip-ons, slides, and open shoes.
i. Cross-dressing",2nd Offense,Violation slip and a written warning issued by the SDO
"A student was seen in class wearing a top that revealed too much skin, leading to a dress code violation.",Minor Offenses,"Wearing inappropriate attire within the University premises, such as but not limited to:
a. Torn, worn-out, or ripped jeans or bottoms
b. Bare-shouldered top or dress (e.g., sleeveless, spaghetti straps, razor back, tube, strapless, halter, etc.)
c. Top or dress with a plunging neckline, exposed back, and midriff
d. Shorts and skirt more than two (2) inches above the knee
e. Figure-hugging attire, crop top and the like.
f. See-through or sheer attire
g. Joggers, jogging pants, sweatpants, leggings, and the like h. Slippers, flip-flops, slip-ons, slides, and open shoes.
i. Cross-dressing",3rd Offense,The student is charged with a Major Offense under Section VI.E.19.
A student was reminded about appropriate attire after wearing a plunging neckline shirt to a workshop.,Minor Offenses,"Wearing inappropriate attire within the University premises, such as but not limited to:
a. Torn, worn-out, or ripped jeans or bottoms
b. Bare-shouldered top or dress (e.g., sleeveless, spaghetti straps, razor back, tube, strapless, halter, etc.)
c. Top or dress with a plunging neckline, exposed back, and midriff
d. Shorts and skirt more than two (2) inches above the knee
e. Figure-hugging attire, crop top and the like.
f. See-through or sheer attire
g. Joggers, jogging pants, sweatpants, leggings, and the like h. Slippers, flip-flops, slip-ons, slides, and open shoes.
i. Cross-dressing",1st Offense,Violation slip issued by the SDO
"A student was noticed in a backless dress during an official event, violating the dress code.",Minor Offenses,"Wearing inappropriate attire within the University premises, such as but not limited to:
a. Torn, worn-out, or ripped jeans or bottoms
b. Bare-shouldered top or dress (e.g., sleeveless, spaghetti straps, razor back, tube, strapless, halter, etc.)
c. Top or dress with a plunging neckline, exposed back, and midriff
d. Shorts and skirt more than two (2) inches above the knee
e. Figure-hugging attire, crop top and the like.
f. See-through or sheer attire
g. Joggers, jogging pants, sweatpants, leggings, and the like h. Slippers, flip-flops, slip-ons, slides, and open shoes.
i. Cross-dressing",3rd Offense,The student is charged with a Major Offense under Section VI.E.19.
A student was stopped at the entrance for wearing a top with a deep plunge during a formal event.,Minor Offenses,"Wearing inappropriate attire within the University premises, such as but not limited to:
a. Torn, worn-out, or ripped jeans or bottoms
b. Bare-shouldered top or dress (e.g., sleeveless, spaghetti straps, razor back, tube, strapless, halter, etc.)
c. Top or dress with a plunging neckline, exposed back, and midriff
d. Shorts and skirt more than two (2) inches above the knee
e. Figure-hugging attire, crop top and the like.
f. See-through or sheer attire
g. Joggers, jogging pants, sweatpants, leggings, and the like h. Slippers, flip-flops, slip-ons, slides, and open shoes.
i. Cross-dressing",2nd Offense,Violation slip and a written warning issued by the SDO
"A student attended a lecture in a top with a plunging neckline, which drew attention from faculty.",Minor Offenses,"Wearing inappropriate attire within the University premises, such as but not limited to:
a. Torn, worn-out, or ripped jeans or bottoms
b. Bare-shouldered top or dress (e.g., sleeveless, spaghetti straps, razor back, tube, strapless, halter, etc.)
c. Top or dress with a plunging neckline, exposed back, and midriff
d. Shorts and skirt more than two (2) inches above the knee
e. Figure-hugging attire, crop top and the like.
f. See-through or sheer attire
g. Joggers, jogging pants, sweatpants, leggings, and the like h. Slippers, flip-flops, slip-ons, slides, and open shoes.
i. Cross-dressing",1st Offense,Violation slip issued by the SDO
A student was seen wearing a dress with an exposed back during a university-sponsored event.,Minor Offenses,"Wearing inappropriate attire within the University premises, such as but not limited to:
a. Torn, worn-out, or ripped jeans or bottoms
b. Bare-shouldered top or dress (e.g., sleeveless, spaghetti straps, razor back, tube, strapless, halter, etc.)
c. Top or dress with a plunging neckline, exposed back, and midriff
d. Shorts and skirt more than two (2) inches above the knee
e. Figure-hugging attire, crop top and the like.
f. See-through or sheer attire
g. Joggers, jogging pants, sweatpants, leggings, and the like h. Slippers, flip-flops, slip-ons, slides, and open shoes.
i. Cross-dressing",3rd Offense,The student is charged with a Major Offense under Section VI.E.19.
A student was warned for wearing a plunging neckline at a career fair on campus.,Minor Offenses,"Wearing inappropriate attire within the University premises, such as but not limited to:
a. Torn, worn-out, or ripped jeans or bottoms
b. Bare-shouldered top or dress (e.g., sleeveless, spaghetti straps, razor back, tube, strapless, halter, etc.)
c. Top or dress with a plunging neckline, exposed back, and midriff
d. Shorts and skirt more than two (2) inches above the knee
e. Figure-hugging attire, crop top and the like.
f. See-through or sheer attire
g. Joggers, jogging pants, sweatpants, leggings, and the like h. Slippers, flip-flops, slip-ons, slides, and open shoes.
i. Cross-dressing",2nd Offense,Violation slip and a written warning issued by the SDO
A student was caught wearing shorts that were significantly above the knee during class.,Minor Offenses,"Wearing inappropriate attire within the University premises, such as but not limited to:
a. Torn, worn-out, or ripped jeans or bottoms
b. Bare-shouldered top or dress (e.g., sleeveless, spaghetti straps, razor back, tube, strapless, halter, etc.)
c. Top or dress with a plunging neckline, exposed back, and midriff
d. Shorts and skirt more than two (2) inches above the knee
e. Figure-hugging attire, crop top and the like.
f. See-through or sheer attire
g. Joggers, jogging pants, sweatpants, leggings, and the like h. Slippers, flip-flops, slip-ons, slides, and open shoes.
i. Cross-dressing",1st Offense,Violation slip issued by the SDO
A student attended a meeting wearing a skirt that was deemed inappropriate due to its length.,Minor Offenses,"Wearing inappropriate attire within the University premises, such as but not limited to:
a. Torn, worn-out, or ripped jeans or bottoms
b. Bare-shouldered top or dress (e.g., sleeveless, spaghetti straps, razor back, tube, strapless, halter, etc.)
c. Top or dress with a plunging neckline, exposed back, and midriff
d. Shorts and skirt more than two (2) inches above the knee
e. Figure-hugging attire, crop top and the like.
f. See-through or sheer attire
g. Joggers, jogging pants, sweatpants, leggings, and the like h. Slippers, flip-flops, slip-ons, slides, and open shoes.
i. Cross-dressing",2nd Offense,Violation slip and a written warning issued by the SDO
A student was reported for wearing excessively short shorts while on campus.,Minor Offenses,"Wearing inappropriate attire within the University premises, such as but not limited to:
a. Torn, worn-out, or ripped jeans or bottoms
b. Bare-shouldered top or dress (e.g., sleeveless, spaghetti straps, razor back, tube, strapless, halter, etc.)
c. Top or dress with a plunging neckline, exposed back, and midriff
d. Shorts and skirt more than two (2) inches above the knee
e. Figure-hugging attire, crop top and the like.
f. See-through or sheer attire
g. Joggers, jogging pants, sweatpants, leggings, and the like h. Slippers, flip-flops, slip-ons, slides, and open shoes.
i. Cross-dressing",1st Offense,Violation slip issued by the SDO
A student was reminded to follow the dress code after wearing a skirt that was too short.,Minor Offenses,"Wearing inappropriate attire within the University premises, such as but not limited to:
a. Torn, worn-out, or ripped jeans or bottoms
b. Bare-shouldered top or dress (e.g., sleeveless, spaghetti straps, razor back, tube, strapless, halter, etc.)
c. Top or dress with a plunging neckline, exposed back, and midriff
d. Shorts and skirt more than two (2) inches above the knee
e. Figure-hugging attire, crop top and the like.
f. See-through or sheer attire
g. Joggers, jogging pants, sweatpants, leggings, and the like h. Slippers, flip-flops, slip-ons, slides, and open shoes.
i. Cross-dressing",3rd Offense,The student is charged with a Major Offense under Section VI.E.19.
A student entered the cafeteria wearing shorts that were more than two inches above the knee.,Minor Offenses,"Wearing inappropriate attire within the University premises, such as but not limited to:
a. Torn, worn-out, or ripped jeans or bottoms
b. Bare-shouldered top or dress (e.g., sleeveless, spaghetti straps, razor back, tube, strapless, halter, etc.)
c. Top or dress with a plunging neckline, exposed back, and midriff
d. Shorts and skirt more than two (2) inches above the knee
e. Figure-hugging attire, crop top and the like.
f. See-through or sheer attire
g. Joggers, jogging pants, sweatpants, leggings, and the like h. Slippers, flip-flops, slip-ons, slides, and open shoes.
i. Cross-dressing",2nd Offense,Violation slip and a written warning issued by the SDO
A student was stopped at the entrance for wearing a skirt that did not meet the length requirement.,Minor Offenses,"Wearing inappropriate attire within the University premises, such as but not limited to:
a. Torn, worn-out, or ripped jeans or bottoms
b. Bare-shouldered top or dress (e.g., sleeveless, spaghetti straps, razor back, tube, strapless, halter, etc.)
c. Top or dress with a plunging neckline, exposed back, and midriff
d. Shorts and skirt more than two (2) inches above the knee
e. Figure-hugging attire, crop top and the like.
f. See-through or sheer attire
g. Joggers, jogging pants, sweatpants, leggings, and the like h. Slippers, flip-flops, slip-ons, slides, and open shoes.
i. Cross-dressing",1st Offense,Violation slip issued by the SDO
"A student was seen in class wearing shorts that were excessively high, violating dress code policies.",Minor Offenses,"Wearing inappropriate attire within the University premises, such as but not limited to:
a. Torn, worn-out, or ripped jeans or bottoms
b. Bare-shouldered top or dress (e.g., sleeveless, spaghetti straps, razor back, tube, strapless, halter, etc.)
c. Top or dress with a plunging neckline, exposed back, and midriff
d. Shorts and skirt more than two (2) inches above the knee
e. Figure-hugging attire, crop top and the like.
f. See-through or sheer attire
g. Joggers, jogging pants, sweatpants, leggings, and the like h. Slippers, flip-flops, slip-ons, slides, and open shoes.
i. Cross-dressing",3rd Offense,The student is charged with a Major Offense under Section VI.E.19.
A student was found attending an official event in a skirt that was deemed too short.,Minor Offenses,"Wearing inappropriate attire within the University premises, such as but not limited to:
a. Torn, worn-out, or ripped jeans or bottoms
b. Bare-shouldered top or dress (e.g., sleeveless, spaghetti straps, razor back, tube, strapless, halter, etc.)
c. Top or dress with a plunging neckline, exposed back, and midriff
d. Shorts and skirt more than two (2) inches above the knee
e. Figure-hugging attire, crop top and the like.
f. See-through or sheer attire
g. Joggers, jogging pants, sweatpants, leggings, and the like h. Slippers, flip-flops, slip-ons, slides, and open shoes.
i. Cross-dressing",2nd Offense,Violation slip and a written warning issued by the SDO
A student was reported for wearing shorts that were more than two inches above the knee during an exam.,Minor Offenses,"Wearing inappropriate attire within the University premises, such as but not limited to:
a. Torn, worn-out, or ripped jeans or bottoms
b. Bare-shouldered top or dress (e.g., sleeveless, spaghetti straps, razor back, tube, strapless, halter, etc.)
c. Top or dress with a plunging neckline, exposed back, and midriff
d. Shorts and skirt more than two (2) inches above the knee
e. Figure-hugging attire, crop top and the like.
f. See-through or sheer attire
g. Joggers, jogging pants, sweatpants, leggings, and the like h. Slippers, flip-flops, slip-ons, slides, and open shoes.
i. Cross-dressing",1st Offense,Violation slip issued by the SDO
"A student was caught wearing a skirt that was significantly above the knee, prompting a dress code reminder.",Minor Offenses,"Wearing inappropriate attire within the University premises, such as but not limited to:
a. Torn, worn-out, or ripped jeans or bottoms
b. Bare-shouldered top or dress (e.g., sleeveless, spaghetti straps, razor back, tube, strapless, halter, etc.)
c. Top or dress with a plunging neckline, exposed back, and midriff
d. Shorts and skirt more than two (2) inches above the knee
e. Figure-hugging attire, crop top and the like.
f. See-through or sheer attire
g. Joggers, jogging pants, sweatpants, leggings, and the like h. Slippers, flip-flops, slip-ons, slides, and open shoes.
i. Cross-dressing",3rd Offense,The student is charged with a Major Offense under Section VI.E.19.
A student attended a workshop in shorts that violated the university's dress code.,Minor Offenses,"Wearing inappropriate attire within the University premises, such as but not limited to:
a. Torn, worn-out, or ripped jeans or bottoms
b. Bare-shouldered top or dress (e.g., sleeveless, spaghetti straps, razor back, tube, strapless, halter, etc.)
c. Top or dress with a plunging neckline, exposed back, and midriff
d. Shorts and skirt more than two (2) inches above the knee
e. Figure-hugging attire, crop top and the like.
f. See-through or sheer attire
g. Joggers, jogging pants, sweatpants, leggings, and the like h. Slippers, flip-flops, slip-ons, slides, and open shoes.
i. Cross-dressing",2nd Offense,Violation slip and a written warning issued by the SDO
A student was reminded to adhere to the dress code after being spotted in a short skirt during classes.,Minor Offenses,"Wearing inappropriate attire within the University premises, such as but not limited to:
a. Torn, worn-out, or ripped jeans or bottoms
b. Bare-shouldered top or dress (e.g., sleeveless, spaghetti straps, razor back, tube, strapless, halter, etc.)
c. Top or dress with a plunging neckline, exposed back, and midriff
d. Shorts and skirt more than two (2) inches above the knee
e. Figure-hugging attire, crop top and the like.
f. See-through or sheer attire
g. Joggers, jogging pants, sweatpants, leggings, and the like h. Slippers, flip-flops, slip-ons, slides, and open shoes.
i. Cross-dressing",1st Offense,Violation slip issued by the SDO
"A student was caught wearing figure-hugging leggings during a lecture, prompting a dress code violation.",Minor Offenses,"Wearing inappropriate attire within the University premises, such as but not limited to:
a. Torn, worn-out, or ripped jeans or bottoms
b. Bare-shouldered top or dress (e.g., sleeveless, spaghetti straps, razor back, tube, strapless, halter, etc.)
c. Top or dress with a plunging neckline, exposed back, and midriff
d. Shorts and skirt more than two (2) inches above the knee
e. Figure-hugging attire, crop top and the like.
f. See-through or sheer attire
g. Joggers, jogging pants, sweatpants, leggings, and the like h. Slippers, flip-flops, slip-ons, slides, and open shoes.
i. Cross-dressing",1st Offense,Violation slip issued by the SDO
A student attended a seminar in a crop top that was deemed inappropriate for the academic setting.,Minor Offenses,"Wearing inappropriate attire within the University premises, such as but not limited to:
a. Torn, worn-out, or ripped jeans or bottoms
b. Bare-shouldered top or dress (e.g., sleeveless, spaghetti straps, razor back, tube, strapless, halter, etc.)
c. Top or dress with a plunging neckline, exposed back, and midriff
d. Shorts and skirt more than two (2) inches above the knee
e. Figure-hugging attire, crop top and the like.
f. See-through or sheer attire
g. Joggers, jogging pants, sweatpants, leggings, and the like h. Slippers, flip-flops, slip-ons, slides, and open shoes.
i. Cross-dressing",2nd Offense,Violation slip and a written warning issued by the SDO
A student was seen in a fitted dress that violated the dress code during an official event.,Minor Offenses,"Wearing inappropriate attire within the University premises, such as but not limited to:
a. Torn, worn-out, or ripped jeans or bottoms
b. Bare-shouldered top or dress (e.g., sleeveless, spaghetti straps, razor back, tube, strapless, halter, etc.)
c. Top or dress with a plunging neckline, exposed back, and midriff
d. Shorts and skirt more than two (2) inches above the knee
e. Figure-hugging attire, crop top and the like.
f. See-through or sheer attire
g. Joggers, jogging pants, sweatpants, leggings, and the like h. Slippers, flip-flops, slip-ons, slides, and open shoes.
i. Cross-dressing",3rd Offense,The student is charged with a Major Offense under Section VI.E.19.
"A student entered the cafeteria wearing a figure-hugging dress, which attracted attention for the wrong reasons.",Minor Offenses,"Wearing inappropriate attire within the University premises, such as but not limited to:
a. Torn, worn-out, or ripped jeans or bottoms
b. Bare-shouldered top or dress (e.g., sleeveless, spaghetti straps, razor back, tube, strapless, halter, etc.)
c. Top or dress with a plunging neckline, exposed back, and midriff
d. Shorts and skirt more than two (2) inches above the knee
e. Figure-hugging attire, crop top and the like.
f. See-through or sheer attire
g. Joggers, jogging pants, sweatpants, leggings, and the like h. Slippers, flip-flops, slip-ons, slides, and open shoes.
i. Cross-dressing",1st Offense,Violation slip issued by the SDO
A student was reminded about appropriate attire after wearing a crop top to a workshop.,Minor Offenses,"Wearing inappropriate attire within the University premises, such as but not limited to:
a. Torn, worn-out, or ripped jeans or bottoms
b. Bare-shouldered top or dress (e.g., sleeveless, spaghetti straps, razor back, tube, strapless, halter, etc.)
c. Top or dress with a plunging neckline, exposed back, and midriff
d. Shorts and skirt more than two (2) inches above the knee
e. Figure-hugging attire, crop top and the like.
f. See-through or sheer attire
g. Joggers, jogging pants, sweatpants, leggings, and the like h. Slippers, flip-flops, slip-ons, slides, and open shoes.
i. Cross-dressing",2nd Offense,Violation slip and a written warning issued by the SDO
A student was reported for wearing tight pants that were not suitable for campus attire.,Minor Offenses,"Wearing inappropriate attire within the University premises, such as but not limited to:
a. Torn, worn-out, or ripped jeans or bottoms
b. Bare-shouldered top or dress (e.g., sleeveless, spaghetti straps, razor back, tube, strapless, halter, etc.)
c. Top or dress with a plunging neckline, exposed back, and midriff
d. Shorts and skirt more than two (2) inches above the knee
e. Figure-hugging attire, crop top and the like.
f. See-through or sheer attire
g. Joggers, jogging pants, sweatpants, leggings, and the like h. Slippers, flip-flops, slip-ons, slides, and open shoes.
i. Cross-dressing",1st Offense,Violation slip issued by the SDO
"A student was found wearing a figure-hugging outfit during a university meeting, violating the dress code.",Minor Offenses,"Wearing inappropriate attire within the University premises, such as but not limited to:
a. Torn, worn-out, or ripped jeans or bottoms
b. Bare-shouldered top or dress (e.g., sleeveless, spaghetti straps, razor back, tube, strapless, halter, etc.)
c. Top or dress with a plunging neckline, exposed back, and midriff
d. Shorts and skirt more than two (2) inches above the knee
e. Figure-hugging attire, crop top and the like.
f. See-through or sheer attire
g. Joggers, jogging pants, sweatpants, leggings, and the like h. Slippers, flip-flops, slip-ons, slides, and open shoes.
i. Cross-dressing",3rd Offense,The student is charged with a Major Offense under Section VI.E.19.
"A student attended a class in a crop top, which violated the university’s dress code policy.",Minor Offenses,"Wearing inappropriate attire within the University premises, such as but not limited to:
a. Torn, worn-out, or ripped jeans or bottoms
b. Bare-shouldered top or dress (e.g., sleeveless, spaghetti straps, razor back, tube, strapless, halter, etc.)
c. Top or dress with a plunging neckline, exposed back, and midriff
d. Shorts and skirt more than two (2) inches above the knee
e. Figure-hugging attire, crop top and the like.
f. See-through or sheer attire
g. Joggers, jogging pants, sweatpants, leggings, and the like h. Slippers, flip-flops, slip-ons, slides, and open shoes.
i. Cross-dressing",2nd Offense,Violation slip and a written warning issued by the SDO
"A student was caught wearing a tight dress during a formal event, prompting a reminder of the dress code.",Minor Offenses,"Wearing inappropriate attire within the University premises, such as but not limited to:
a. Torn, worn-out, or ripped jeans or bottoms
b. Bare-shouldered top or dress (e.g., sleeveless, spaghetti straps, razor back, tube, strapless, halter, etc.)
c. Top or dress with a plunging neckline, exposed back, and midriff
d. Shorts and skirt more than two (2) inches above the knee
e. Figure-hugging attire, crop top and the like.
f. See-through or sheer attire
g. Joggers, jogging pants, sweatpants, leggings, and the like h. Slippers, flip-flops, slip-ons, slides, and open shoes.
i. Cross-dressing",1st Offense,Violation slip issued by the SDO
"A student was seen wearing a crop top at a university-sponsored event, leading to a dress code warning.",Minor Offenses,"Wearing inappropriate attire within the University premises, such as but not limited to:
a. Torn, worn-out, or ripped jeans or bottoms
b. Bare-shouldered top or dress (e.g., sleeveless, spaghetti straps, razor back, tube, strapless, halter, etc.)
c. Top or dress with a plunging neckline, exposed back, and midriff
d. Shorts and skirt more than two (2) inches above the knee
e. Figure-hugging attire, crop top and the like.
f. See-through or sheer attire
g. Joggers, jogging pants, sweatpants, leggings, and the like h. Slippers, flip-flops, slip-ons, slides, and open shoes.
i. Cross-dressing",3rd Offense,The student is charged with a Major Offense under Section VI.E.19.
A student was reminded to change after entering class in figure-hugging pants that violated the dress code.,Minor Offenses,"Wearing inappropriate attire within the University premises, such as but not limited to:
a. Torn, worn-out, or ripped jeans or bottoms
b. Bare-shouldered top or dress (e.g., sleeveless, spaghetti straps, razor back, tube, strapless, halter, etc.)
c. Top or dress with a plunging neckline, exposed back, and midriff
d. Shorts and skirt more than two (2) inches above the knee
e. Figure-hugging attire, crop top and the like.
f. See-through or sheer attire
g. Joggers, jogging pants, sweatpants, leggings, and the like h. Slippers, flip-flops, slip-ons, slides, and open shoes.
i. Cross-dressing",2nd Offense,Violation slip and a written warning issued by the SDO
A student was stopped by security for wearing excessively tight clothing while on campus.,Minor Offenses,"Wearing inappropriate attire within the University premises, such as but not limited to:
a. Torn, worn-out, or ripped jeans or bottoms
b. Bare-shouldered top or dress (e.g., sleeveless, spaghetti straps, razor back, tube, strapless, halter, etc.)
c. Top or dress with a plunging neckline, exposed back, and midriff
d. Shorts and skirt more than two (2) inches above the knee
e. Figure-hugging attire, crop top and the like.
f. See-through or sheer attire
g. Joggers, jogging pants, sweatpants, leggings, and the like h. Slippers, flip-flops, slip-ons, slides, and open shoes.
i. Cross-dressing",3rd Offense,The student is charged with a Major Offense under Section VI.E.19.
A student was reported for wearing a sheer blouse that exposed too much skin during class.,Minor Offenses,"Wearing inappropriate attire within the University premises, such as but not limited to:
a. Torn, worn-out, or ripped jeans or bottoms
b. Bare-shouldered top or dress (e.g., sleeveless, spaghetti straps, razor back, tube, strapless, halter, etc.)
c. Top or dress with a plunging neckline, exposed back, and midriff
d. Shorts and skirt more than two (2) inches above the knee
e. Figure-hugging attire, crop top and the like.
f. See-through or sheer attire
g. Joggers, jogging pants, sweatpants, leggings, and the like h. Slippers, flip-flops, slip-ons, slides, and open shoes.
i. Cross-dressing",1st Offense,Violation slip issued by the SDO
"A student attended a seminar in a dress that was see-through, prompting a dress code violation.",Minor Offenses,"Wearing inappropriate attire within the University premises, such as but not limited to:
a. Torn, worn-out, or ripped jeans or bottoms
b. Bare-shouldered top or dress (e.g., sleeveless, spaghetti straps, razor back, tube, strapless, halter, etc.)
c. Top or dress with a plunging neckline, exposed back, and midriff
d. Shorts and skirt more than two (2) inches above the knee
e. Figure-hugging attire, crop top and the like.
f. See-through or sheer attire
g. Joggers, jogging pants, sweatpants, leggings, and the like h. Slippers, flip-flops, slip-ons, slides, and open shoes.
i. Cross-dressing",2nd Offense,Violation slip and a written warning issued by the SDO
A student was found in the cafeteria wearing sheer leggings that violated the dress code.,Minor Offenses,"Wearing inappropriate attire within the University premises, such as but not limited to:
a. Torn, worn-out, or ripped jeans or bottoms
b. Bare-shouldered top or dress (e.g., sleeveless, spaghetti straps, razor back, tube, strapless, halter, etc.)
c. Top or dress with a plunging neckline, exposed back, and midriff
d. Shorts and skirt more than two (2) inches above the knee
e. Figure-hugging attire, crop top and the like.
f. See-through or sheer attire
g. Joggers, jogging pants, sweatpants, leggings, and the like h. Slippers, flip-flops, slip-ons, slides, and open shoes.
i. Cross-dressing",1st Offense,Violation slip issued by the SDO
A student was caught wearing a see-through top during an official university event.,Minor Offenses,"Wearing inappropriate attire within the University premises, such as but not limited to:
a. Torn, worn-out, or ripped jeans or bottoms
b. Bare-shouldered top or dress (e.g., sleeveless, spaghetti straps, razor back, tube, strapless, halter, etc.)
c. Top or dress with a plunging neckline, exposed back, and midriff
d. Shorts and skirt more than two (2) inches above the knee
e. Figure-hugging attire, crop top and the like.
f. See-through or sheer attire
g. Joggers, jogging pants, sweatpants, leggings, and the like h. Slippers, flip-flops, slip-ons, slides, and open shoes.
i. Cross-dressing",3rd Offense,The student is charged with a Major Offense under Section VI.E.19.
"A student entered the library wearing a sheer shirt, which was not deemed appropriate.",Minor Offenses,"Wearing inappropriate attire within the University premises, such as but not limited to:
a. Torn, worn-out, or ripped jeans or bottoms
b. Bare-shouldered top or dress (e.g., sleeveless, spaghetti straps, razor back, tube, strapless, halter, etc.)
c. Top or dress with a plunging neckline, exposed back, and midriff
d. Shorts and skirt more than two (2) inches above the knee
e. Figure-hugging attire, crop top and the like.
f. See-through or sheer attire
g. Joggers, jogging pants, sweatpants, leggings, and the like h. Slippers, flip-flops, slip-ons, slides, and open shoes.
i. Cross-dressing",2nd Offense,Violation slip and a written warning issued by the SDO
A student was reminded of the dress code after being seen in a sheer dress during class.,Minor Offenses,"Wearing inappropriate attire within the University premises, such as but not limited to:
a. Torn, worn-out, or ripped jeans or bottoms
b. Bare-shouldered top or dress (e.g., sleeveless, spaghetti straps, razor back, tube, strapless, halter, etc.)
c. Top or dress with a plunging neckline, exposed back, and midriff
d. Shorts and skirt more than two (2) inches above the knee
e. Figure-hugging attire, crop top and the like.
f. See-through or sheer attire
g. Joggers, jogging pants, sweatpants, leggings, and the like h. Slippers, flip-flops, slip-ons, slides, and open shoes.
i. Cross-dressing",3rd Offense,The student is charged with a Major Offense under Section VI.E.19.
A student was stopped at the entrance for wearing pants that were see-through and inappropriate for campus.,Minor Offenses,"Wearing inappropriate attire within the University premises, such as but not limited to:
a. Torn, worn-out, or ripped jeans or bottoms
b. Bare-shouldered top or dress (e.g., sleeveless, spaghetti straps, razor back, tube, strapless, halter, etc.)
c. Top or dress with a plunging neckline, exposed back, and midriff
d. Shorts and skirt more than two (2) inches above the knee
e. Figure-hugging attire, crop top and the like.
f. See-through or sheer attire
g. Joggers, jogging pants, sweatpants, leggings, and the like h. Slippers, flip-flops, slip-ons, slides, and open shoes.
i. Cross-dressing",1st Offense,Violation slip issued by the SDO
"A student was reported for wearing a top that was mostly sheer, violating the dress code policy.",Minor Offenses,"Wearing inappropriate attire within the University premises, such as but not limited to:
a. Torn, worn-out, or ripped jeans or bottoms
b. Bare-shouldered top or dress (e.g., sleeveless, spaghetti straps, razor back, tube, strapless, halter, etc.)
c. Top or dress with a plunging neckline, exposed back, and midriff
d. Shorts and skirt more than two (2) inches above the knee
e. Figure-hugging attire, crop top and the like.
f. See-through or sheer attire
g. Joggers, jogging pants, sweatpants, leggings, and the like h. Slippers, flip-flops, slip-ons, slides, and open shoes.
i. Cross-dressing",2nd Offense,Violation slip and a written warning issued by the SDO
"A student attended a workshop in leggings that were too sheer, prompting a dress code reminder.",Minor Offenses,"Wearing inappropriate attire within the University premises, such as but not limited to:
a. Torn, worn-out, or ripped jeans or bottoms
b. Bare-shouldered top or dress (e.g., sleeveless, spaghetti straps, razor back, tube, strapless, halter, etc.)
c. Top or dress with a plunging neckline, exposed back, and midriff
d. Shorts and skirt more than two (2) inches above the knee
e. Figure-hugging attire, crop top and the like.
f. See-through or sheer attire
g. Joggers, jogging pants, sweatpants, leggings, and the like h. Slippers, flip-flops, slip-ons, slides, and open shoes.
i. Cross-dressing",1st Offense,Violation slip issued by the SDO
A student was seen wearing a see-through blouse that drew attention during a meeting.,Minor Offenses,"Wearing inappropriate attire within the University premises, such as but not limited to:
a. Torn, worn-out, or ripped jeans or bottoms
b. Bare-shouldered top or dress (e.g., sleeveless, spaghetti straps, razor back, tube, strapless, halter, etc.)
c. Top or dress with a plunging neckline, exposed back, and midriff
d. Shorts and skirt more than two (2) inches above the knee
e. Figure-hugging attire, crop top and the like.
f. See-through or sheer attire
g. Joggers, jogging pants, sweatpants, leggings, and the like h. Slippers, flip-flops, slip-ons, slides, and open shoes.
i. Cross-dressing",3rd Offense,The student is charged with a Major Offense under Section VI.E.19.
"A student was found wearing a sheer top at a university function, violating the dress code.",Minor Offenses,"Wearing inappropriate attire within the University premises, such as but not limited to:
a. Torn, worn-out, or ripped jeans or bottoms
b. Bare-shouldered top or dress (e.g., sleeveless, spaghetti straps, razor back, tube, strapless, halter, etc.)
c. Top or dress with a plunging neckline, exposed back, and midriff
d. Shorts and skirt more than two (2) inches above the knee
e. Figure-hugging attire, crop top and the like.
f. See-through or sheer attire
g. Joggers, jogging pants, sweatpants, leggings, and the like h. Slippers, flip-flops, slip-ons, slides, and open shoes.
i. Cross-dressing",2nd Offense,Violation slip and a written warning issued by the SDO
A student was caught in class wearing a sheer outfit that was not acceptable for the academic environment.,Minor Offenses,"Wearing inappropriate attire within the University premises, such as but not limited to:
a. Torn, worn-out, or ripped jeans or bottoms
b. Bare-shouldered top or dress (e.g., sleeveless, spaghetti straps, razor back, tube, strapless, halter, etc.)
c. Top or dress with a plunging neckline, exposed back, and midriff
d. Shorts and skirt more than two (2) inches above the knee
e. Figure-hugging attire, crop top and the like.
f. See-through or sheer attire
g. Joggers, jogging pants, sweatpants, leggings, and the like h. Slippers, flip-flops, slip-ons, slides, and open shoes.
i. Cross-dressing",1st Offense,Violation slip issued by the SDO
"A student was reported for wearing joggers during a lecture, which violated the dress code.",Minor Offenses,"Wearing inappropriate attire within the University premises, such as but not limited to:
a. Torn, worn-out, or ripped jeans or bottoms
b. Bare-shouldered top or dress (e.g., sleeveless, spaghetti straps, razor back, tube, strapless, halter, etc.)
c. Top or dress with a plunging neckline, exposed back, and midriff
d. Shorts and skirt more than two (2) inches above the knee
e. Figure-hugging attire, crop top and the like.
f. See-through or sheer attire
g. Joggers, jogging pants, sweatpants, leggings, and the like h. Slippers, flip-flops, slip-ons, slides, and open shoes.
i. Cross-dressing",1st Offense,Violation slip issued by the SDO
"A student attended a university event in sweatpants, prompting a reminder of the dress code.",Minor Offenses,"Wearing inappropriate attire within the University premises, such as but not limited to:
a. Torn, worn-out, or ripped jeans or bottoms
b. Bare-shouldered top or dress (e.g., sleeveless, spaghetti straps, razor back, tube, strapless, halter, etc.)
c. Top or dress with a plunging neckline, exposed back, and midriff
d. Shorts and skirt more than two (2) inches above the knee
e. Figure-hugging attire, crop top and the like.
f. See-through or sheer attire
g. Joggers, jogging pants, sweatpants, leggings, and the like h. Slippers, flip-flops, slip-ons, slides, and open shoes.
i. Cross-dressing",2nd Offense,Violation slip and a written warning issued by the SDO
A student was found in class wearing leggings that were not appropriate for the setting.,Minor Offenses,"Wearing inappropriate attire within the University premises, such as but not limited to:
a. Torn, worn-out, or ripped jeans or bottoms
b. Bare-shouldered top or dress (e.g., sleeveless, spaghetti straps, razor back, tube, strapless, halter, etc.)
c. Top or dress with a plunging neckline, exposed back, and midriff
d. Shorts and skirt more than two (2) inches above the knee
e. Figure-hugging attire, crop top and the like.
f. See-through or sheer attire
g. Joggers, jogging pants, sweatpants, leggings, and the like h. Slippers, flip-flops, slip-ons, slides, and open shoes.
i. Cross-dressing",1st Offense,Violation slip issued by the SDO
"A student was caught wearing joggers while attending a seminar, which was deemed inappropriate.",Minor Offenses,"Wearing inappropriate attire within the University premises, such as but not limited to:
a. Torn, worn-out, or ripped jeans or bottoms
b. Bare-shouldered top or dress (e.g., sleeveless, spaghetti straps, razor back, tube, strapless, halter, etc.)
c. Top or dress with a plunging neckline, exposed back, and midriff
d. Shorts and skirt more than two (2) inches above the knee
e. Figure-hugging attire, crop top and the like.
f. See-through or sheer attire
g. Joggers, jogging pants, sweatpants, leggings, and the like h. Slippers, flip-flops, slip-ons, slides, and open shoes.
i. Cross-dressing",3rd Offense,The student is charged with a Major Offense under Section VI.E.19.
"A student entered the classroom in sweatpants, violating the university’s dress code policy.",Minor Offenses,"Wearing inappropriate attire within the University premises, such as but not limited to:
a. Torn, worn-out, or ripped jeans or bottoms
b. Bare-shouldered top or dress (e.g., sleeveless, spaghetti straps, razor back, tube, strapless, halter, etc.)
c. Top or dress with a plunging neckline, exposed back, and midriff
d. Shorts and skirt more than two (2) inches above the knee
e. Figure-hugging attire, crop top and the like.
f. See-through or sheer attire
g. Joggers, jogging pants, sweatpants, leggings, and the like h. Slippers, flip-flops, slip-ons, slides, and open shoes.
i. Cross-dressing",1st Offense,Violation slip issued by the SDO
A student was seen in class wearing leggings that did not meet the dress code requirements.,Minor Offenses,"Wearing inappropriate attire within the University premises, such as but not limited to:
a. Torn, worn-out, or ripped jeans or bottoms
b. Bare-shouldered top or dress (e.g., sleeveless, spaghetti straps, razor back, tube, strapless, halter, etc.)
c. Top or dress with a plunging neckline, exposed back, and midriff
d. Shorts and skirt more than two (2) inches above the knee
e. Figure-hugging attire, crop top and the like.
f. See-through or sheer attire
g. Joggers, jogging pants, sweatpants, leggings, and the like h. Slippers, flip-flops, slip-ons, slides, and open shoes.
i. Cross-dressing",2nd Offense,Violation slip and a written warning issued by the SDO
"A student attended a meeting wearing jogging attire, which was not suitable for the academic environment.",Minor Offenses,"Wearing inappropriate attire within the University premises, such as but not limited to:
a. Torn, worn-out, or ripped jeans or bottoms
b. Bare-shouldered top or dress (e.g., sleeveless, spaghetti straps, razor back, tube, strapless, halter, etc.)
c. Top or dress with a plunging neckline, exposed back, and midriff
d. Shorts and skirt more than two (2) inches above the knee
e. Figure-hugging attire, crop top and the like.
f. See-through or sheer attire
g. Joggers, jogging pants, sweatpants, leggings, and the like h. Slippers, flip-flops, slip-ons, slides, and open shoes.
i. Cross-dressing",3rd Offense,The student is charged with a Major Offense under Section VI.E.19.
A student was reminded about the dress code after wearing sweatpants to an official university function.,Minor Offenses,"Wearing inappropriate attire within the University premises, such as but not limited to:
a. Torn, worn-out, or ripped jeans or bottoms
b. Bare-shouldered top or dress (e.g., sleeveless, spaghetti straps, razor back, tube, strapless, halter, etc.)
c. Top or dress with a plunging neckline, exposed back, and midriff
d. Shorts and skirt more than two (2) inches above the knee
e. Figure-hugging attire, crop top and the like.
f. See-through or sheer attire
g. Joggers, jogging pants, sweatpants, leggings, and the like h. Slippers, flip-flops, slip-ons, slides, and open shoes.
i. Cross-dressing",1st Offense,Violation slip issued by the SDO
"A student was caught wearing joggers during an examination, prompting a dress code violation notice.",Minor Offenses,"Wearing inappropriate attire within the University premises, such as but not limited to:
a. Torn, worn-out, or ripped jeans or bottoms
b. Bare-shouldered top or dress (e.g., sleeveless, spaghetti straps, razor back, tube, strapless, halter, etc.)
c. Top or dress with a plunging neckline, exposed back, and midriff
d. Shorts and skirt more than two (2) inches above the knee
e. Figure-hugging attire, crop top and the like.
f. See-through or sheer attire
g. Joggers, jogging pants, sweatpants, leggings, and the like h. Slippers, flip-flops, slip-ons, slides, and open shoes.
i. Cross-dressing",2nd Offense,Violation slip and a written warning issued by the SDO
A student was reported for wearing leggings that were deemed too casual for the university setting.,Minor Offenses,"Wearing inappropriate attire within the University premises, such as but not limited to:
a. Torn, worn-out, or ripped jeans or bottoms
b. Bare-shouldered top or dress (e.g., sleeveless, spaghetti straps, razor back, tube, strapless, halter, etc.)
c. Top or dress with a plunging neckline, exposed back, and midriff
d. Shorts and skirt more than two (2) inches above the knee
e. Figure-hugging attire, crop top and the like.
f. See-through or sheer attire
g. Joggers, jogging pants, sweatpants, leggings, and the like h. Slippers, flip-flops, slip-ons, slides, and open shoes.
i. Cross-dressing",1st Offense,Violation slip issued by the SDO
A student was seen in the library wearing joggers that violated the dress code.,Minor Offenses,"Wearing inappropriate attire within the University premises, such as but not limited to:
a. Torn, worn-out, or ripped jeans or bottoms
b. Bare-shouldered top or dress (e.g., sleeveless, spaghetti straps, razor back, tube, strapless, halter, etc.)
c. Top or dress with a plunging neckline, exposed back, and midriff
d. Shorts and skirt more than two (2) inches above the knee
e. Figure-hugging attire, crop top and the like.
f. See-through or sheer attire
g. Joggers, jogging pants, sweatpants, leggings, and the like h. Slippers, flip-flops, slip-ons, slides, and open shoes.
i. Cross-dressing",3rd Offense,The student is charged with a Major Offense under Section VI.E.19.
"A student attended a campus event in sweatpants, which did not align with the university’s dress code.",Minor Offenses,"Wearing inappropriate attire within the University premises, such as but not limited to:
a. Torn, worn-out, or ripped jeans or bottoms
b. Bare-shouldered top or dress (e.g., sleeveless, spaghetti straps, razor back, tube, strapless, halter, etc.)
c. Top or dress with a plunging neckline, exposed back, and midriff
d. Shorts and skirt more than two (2) inches above the knee
e. Figure-hugging attire, crop top and the like.
f. See-through or sheer attire
g. Joggers, jogging pants, sweatpants, leggings, and the like h. Slippers, flip-flops, slip-ons, slides, and open shoes.
i. Cross-dressing",2nd Offense,Violation slip and a written warning issued by the SDO
"A student was caught wearing flip-flops during class, violating the dress code.",Minor Offenses,"Wearing inappropriate attire within the University premises, such as but not limited to:
a. Torn, worn-out, or ripped jeans or bottoms
b. Bare-shouldered top or dress (e.g., sleeveless, spaghetti straps, razor back, tube, strapless, halter, etc.)
c. Top or dress with a plunging neckline, exposed back, and midriff
d. Shorts and skirt more than two (2) inches above the knee
e. Figure-hugging attire, crop top and the like.
f. See-through or sheer attire
g. Joggers, jogging pants, sweatpants, leggings, and the like h. Slippers, flip-flops, slip-ons, slides, and open shoes.
i. Cross-dressing",1st Offense,Violation slip issued by the SDO
"A student attended a university event in slippers, prompting a reminder about appropriate footwear.",Minor Offenses,"Wearing inappropriate attire within the University premises, such as but not limited to:
a. Torn, worn-out, or ripped jeans or bottoms
b. Bare-shouldered top or dress (e.g., sleeveless, spaghetti straps, razor back, tube, strapless, halter, etc.)
c. Top or dress with a plunging neckline, exposed back, and midriff
d. Shorts and skirt more than two (2) inches above the knee
e. Figure-hugging attire, crop top and the like.
f. See-through or sheer attire
g. Joggers, jogging pants, sweatpants, leggings, and the like h. Slippers, flip-flops, slip-ons, slides, and open shoes.
i. Cross-dressing",2nd Offense,Violation slip and a written warning issued by the SDO
"A student was found in the library wearing open-toed shoes, which were not acceptable.",Minor Offenses,"Wearing inappropriate attire within the University premises, such as but not limited to:
a. Torn, worn-out, or ripped jeans or bottoms
b. Bare-shouldered top or dress (e.g., sleeveless, spaghetti straps, razor back, tube, strapless, halter, etc.)
c. Top or dress with a plunging neckline, exposed back, and midriff
d. Shorts and skirt more than two (2) inches above the knee
e. Figure-hugging attire, crop top and the like.
f. See-through or sheer attire
g. Joggers, jogging pants, sweatpants, leggings, and the like h. Slippers, flip-flops, slip-ons, slides, and open shoes.
i. Cross-dressing",1st Offense,Violation slip issued by the SDO
"A student was seen walking around campus in slides, which violated dress code policies.",Minor Offenses,"Wearing inappropriate attire within the University premises, such as but not limited to:
a. Torn, worn-out, or ripped jeans or bottoms
b. Bare-shouldered top or dress (e.g., sleeveless, spaghetti straps, razor back, tube, strapless, halter, etc.)
c. Top or dress with a plunging neckline, exposed back, and midriff
d. Shorts and skirt more than two (2) inches above the knee
e. Figure-hugging attire, crop top and the like.
f. See-through or sheer attire
g. Joggers, jogging pants, sweatpants, leggings, and the like h. Slippers, flip-flops, slip-ons, slides, and open shoes.
i. Cross-dressing",3rd Offense,The student is charged with a Major Offense under Section VI.E.19.
"A student entered a classroom wearing slip-ons, prompting a reminder about appropriate footwear.",Minor Offenses,"Wearing inappropriate attire within the University premises, such as but not limited to:
a. Torn, worn-out, or ripped jeans or bottoms
b. Bare-shouldered top or dress (e.g., sleeveless, spaghetti straps, razor back, tube, strapless, halter, etc.)
c. Top or dress with a plunging neckline, exposed back, and midriff
d. Shorts and skirt more than two (2) inches above the knee
e. Figure-hugging attire, crop top and the like.
f. See-through or sheer attire
g. Joggers, jogging pants, sweatpants, leggings, and the like h. Slippers, flip-flops, slip-ons, slides, and open shoes.
i. Cross-dressing",2nd Offense,Violation slip and a written warning issued by the SDO
A student was reported for wearing flip-flops during an official university function.,Minor Offenses,"Wearing inappropriate attire within the University premises, such as but not limited to:
a. Torn, worn-out, or ripped jeans or bottoms
b. Bare-shouldered top or dress (e.g., sleeveless, spaghetti straps, razor back, tube, strapless, halter, etc.)
c. Top or dress with a plunging neckline, exposed back, and midriff
d. Shorts and skirt more than two (2) inches above the knee
e. Figure-hugging attire, crop top and the like.
f. See-through or sheer attire
g. Joggers, jogging pants, sweatpants, leggings, and the like h. Slippers, flip-flops, slip-ons, slides, and open shoes.
i. Cross-dressing",1st Offense,Violation slip issued by the SDO
"A student was caught wearing open shoes while attending a seminar, which was inappropriate for the setting.",Minor Offenses,"Wearing inappropriate attire within the University premises, such as but not limited to:
a. Torn, worn-out, or ripped jeans or bottoms
b. Bare-shouldered top or dress (e.g., sleeveless, spaghetti straps, razor back, tube, strapless, halter, etc.)
c. Top or dress with a plunging neckline, exposed back, and midriff
d. Shorts and skirt more than two (2) inches above the knee
e. Figure-hugging attire, crop top and the like.
f. See-through or sheer attire
g. Joggers, jogging pants, sweatpants, leggings, and the like h. Slippers, flip-flops, slip-ons, slides, and open shoes.
i. Cross-dressing",3rd Offense,The student is charged with a Major Offense under Section VI.E.19.
"A student attended a workshop in slippers, violating the university’s dress code.",Minor Offenses,"Wearing inappropriate attire within the University premises, such as but not limited to:
a. Torn, worn-out, or ripped jeans or bottoms
b. Bare-shouldered top or dress (e.g., sleeveless, spaghetti straps, razor back, tube, strapless, halter, etc.)
c. Top or dress with a plunging neckline, exposed back, and midriff
d. Shorts and skirt more than two (2) inches above the knee
e. Figure-hugging attire, crop top and the like.
f. See-through or sheer attire
g. Joggers, jogging pants, sweatpants, leggings, and the like h. Slippers, flip-flops, slip-ons, slides, and open shoes.
i. Cross-dressing",2nd Offense,Violation slip and a written warning issued by the SDO
"A student was seen in class wearing flip-flops, which drew attention for the wrong reasons.",Minor Offenses,"Wearing inappropriate attire within the University premises, such as but not limited to:
a. Torn, worn-out, or ripped jeans or bottoms
b. Bare-shouldered top or dress (e.g., sleeveless, spaghetti straps, razor back, tube, strapless, halter, etc.)
c. Top or dress with a plunging neckline, exposed back, and midriff
d. Shorts and skirt more than two (2) inches above the knee
e. Figure-hugging attire, crop top and the like.
f. See-through or sheer attire
g. Joggers, jogging pants, sweatpants, leggings, and the like h. Slippers, flip-flops, slip-ons, slides, and open shoes.
i. Cross-dressing",1st Offense,Violation slip issued by the SDO
A student was reminded to wear appropriate footwear after being seen in slides while on campus.,Minor Offenses,"Wearing inappropriate attire within the University premises, such as but not limited to:
a. Torn, worn-out, or ripped jeans or bottoms
b. Bare-shouldered top or dress (e.g., sleeveless, spaghetti straps, razor back, tube, strapless, halter, etc.)
c. Top or dress with a plunging neckline, exposed back, and midriff
d. Shorts and skirt more than two (2) inches above the knee
e. Figure-hugging attire, crop top and the like.
f. See-through or sheer attire
g. Joggers, jogging pants, sweatpants, leggings, and the like h. Slippers, flip-flops, slip-ons, slides, and open shoes.
i. Cross-dressing",3rd Offense,The student is charged with a Major Offense under Section VI.E.19.
"A student entered the cafeteria wearing slippers, prompting a dress code violation notice.",Minor Offenses,"Wearing inappropriate attire within the University premises, such as but not limited to:
a. Torn, worn-out, or ripped jeans or bottoms
b. Bare-shouldered top or dress (e.g., sleeveless, spaghetti straps, razor back, tube, strapless, halter, etc.)
c. Top or dress with a plunging neckline, exposed back, and midriff
d. Shorts and skirt more than two (2) inches above the knee
e. Figure-hugging attire, crop top and the like.
f. See-through or sheer attire
g. Joggers, jogging pants, sweatpants, leggings, and the like h. Slippers, flip-flops, slip-ons, slides, and open shoes.
i. Cross-dressing",2nd Offense,Violation slip and a written warning issued by the SDO
"A student was found wearing open shoes during an academic meeting, which was not deemed appropriate.",Minor Offenses,"Wearing inappropriate attire within the University premises, such as but not limited to:
a. Torn, worn-out, or ripped jeans or bottoms
b. Bare-shouldered top or dress (e.g., sleeveless, spaghetti straps, razor back, tube, strapless, halter, etc.)
c. Top or dress with a plunging neckline, exposed back, and midriff
d. Shorts and skirt more than two (2) inches above the knee
e. Figure-hugging attire, crop top and the like.
f. See-through or sheer attire
g. Joggers, jogging pants, sweatpants, leggings, and the like h. Slippers, flip-flops, slip-ons, slides, and open shoes.
i. Cross-dressing",1st Offense,Violation slip issued by the SDO
"A student was reported for cross-dressing during a university event, violating the dress code.",Minor Offenses,"Wearing inappropriate attire within the University premises, such as but not limited to:
a. Torn, worn-out, or ripped jeans or bottoms
b. Bare-shouldered top or dress (e.g., sleeveless, spaghetti straps, razor back, tube, strapless, halter, etc.)
c. Top or dress with a plunging neckline, exposed back, and midriff
d. Shorts and skirt more than two (2) inches above the knee
e. Figure-hugging attire, crop top and the like.
f. See-through or sheer attire
g. Joggers, jogging pants, sweatpants, leggings, and the like h. Slippers, flip-flops, slip-ons, slides, and open shoes.
i. Cross-dressing",1st Offense,Violation slip issued by the SDO
A student attended a seminar in clothing traditionally associated with the opposite gender.,Minor Offenses,"Wearing inappropriate attire within the University premises, such as but not limited to:
a. Torn, worn-out, or ripped jeans or bottoms
b. Bare-shouldered top or dress (e.g., sleeveless, spaghetti straps, razor back, tube, strapless, halter, etc.)
c. Top or dress with a plunging neckline, exposed back, and midriff
d. Shorts and skirt more than two (2) inches above the knee
e. Figure-hugging attire, crop top and the like.
f. See-through or sheer attire
g. Joggers, jogging pants, sweatpants, leggings, and the like h. Slippers, flip-flops, slip-ons, slides, and open shoes.
i. Cross-dressing",2nd Offense,Violation slip and a written warning issued by the SDO
"A student was found wearing a dress at an academic meeting, prompting a reminder of the dress code.",Minor Offenses,"Wearing inappropriate attire within the University premises, such as but not limited to:
a. Torn, worn-out, or ripped jeans or bottoms
b. Bare-shouldered top or dress (e.g., sleeveless, spaghetti straps, razor back, tube, strapless, halter, etc.)
c. Top or dress with a plunging neckline, exposed back, and midriff
d. Shorts and skirt more than two (2) inches above the knee
e. Figure-hugging attire, crop top and the like.
f. See-through or sheer attire
g. Joggers, jogging pants, sweatpants, leggings, and the like h. Slippers, flip-flops, slip-ons, slides, and open shoes.
i. Cross-dressing",1st Offense,Violation slip issued by the SDO
"A student was seen in class wearing attire that did not conform to traditional gender norms, leading to a violation notice.",Minor Offenses,"Wearing inappropriate attire within the University premises, such as but not limited to:
a. Torn, worn-out, or ripped jeans or bottoms
b. Bare-shouldered top or dress (e.g., sleeveless, spaghetti straps, razor back, tube, strapless, halter, etc.)
c. Top or dress with a plunging neckline, exposed back, and midriff
d. Shorts and skirt more than two (2) inches above the knee
e. Figure-hugging attire, crop top and the like.
f. See-through or sheer attire
g. Joggers, jogging pants, sweatpants, leggings, and the like h. Slippers, flip-flops, slip-ons, slides, and open shoes.
i. Cross-dressing",1st Offense,Violation slip issued by the SDO
"A student was caught wearing makeup and a skirt during a workshop, which was deemed inappropriate.",Minor Offenses,"Wearing inappropriate attire within the University premises, such as but not limited to:
a. Torn, worn-out, or ripped jeans or bottoms
b. Bare-shouldered top or dress (e.g., sleeveless, spaghetti straps, razor back, tube, strapless, halter, etc.)
c. Top or dress with a plunging neckline, exposed back, and midriff
d. Shorts and skirt more than two (2) inches above the knee
e. Figure-hugging attire, crop top and the like.
f. See-through or sheer attire
g. Joggers, jogging pants, sweatpants, leggings, and the like h. Slippers, flip-flops, slip-ons, slides, and open shoes.
i. Cross-dressing",1st Offense,Violation slip issued by the SDO
"A student attended a university function in attire associated with the opposite gender, prompting a reminder.",Minor Offenses,"Wearing inappropriate attire within the University premises, such as but not limited to:
a. Torn, worn-out, or ripped jeans or bottoms
b. Bare-shouldered top or dress (e.g., sleeveless, spaghetti straps, razor back, tube, strapless, halter, etc.)
c. Top or dress with a plunging neckline, exposed back, and midriff
d. Shorts and skirt more than two (2) inches above the knee
e. Figure-hugging attire, crop top and the like.
f. See-through or sheer attire
g. Joggers, jogging pants, sweatpants, leggings, and the like h. Slippers, flip-flops, slip-ons, slides, and open shoes.
i. Cross-dressing",1st Offense,Violation slip issued by the SDO
"A student was reported for wearing a blouse and skirt at a formal event, which violated the dress code.",Minor Offenses,"Wearing inappropriate attire within the University premises, such as but not limited to:
a. Torn, worn-out, or ripped jeans or bottoms
b. Bare-shouldered top or dress (e.g., sleeveless, spaghetti straps, razor back, tube, strapless, halter, etc.)
c. Top or dress with a plunging neckline, exposed back, and midriff
d. Shorts and skirt more than two (2) inches above the knee
e. Figure-hugging attire, crop top and the like.
f. See-through or sheer attire
g. Joggers, jogging pants, sweatpants, leggings, and the like h. Slippers, flip-flops, slip-ons, slides, and open shoes.
i. Cross-dressing",2nd Offense,Violation slip and a written warning issued by the SDO
"A student was found in class wearing attire that did not align with their registered gender, leading to a dress code reminder.",Minor Offenses,"Wearing inappropriate attire within the University premises, such as but not limited to:
a. Torn, worn-out, or ripped jeans or bottoms
b. Bare-shouldered top or dress (e.g., sleeveless, spaghetti straps, razor back, tube, strapless, halter, etc.)
c. Top or dress with a plunging neckline, exposed back, and midriff
d. Shorts and skirt more than two (2) inches above the knee
e. Figure-hugging attire, crop top and the like.
f. See-through or sheer attire
g. Joggers, jogging pants, sweatpants, leggings, and the like h. Slippers, flip-flops, slip-ons, slides, and open shoes.
i. Cross-dressing",2nd Offense,Violation slip and a written warning issued by the SDO
"A student was seen wearing a traditionally feminine outfit at a university meeting, prompting a violation notice.",Minor Offenses,"Wearing inappropriate attire within the University premises, such as but not limited to:
a. Torn, worn-out, or ripped jeans or bottoms
b. Bare-shouldered top or dress (e.g., sleeveless, spaghetti straps, razor back, tube, strapless, halter, etc.)
c. Top or dress with a plunging neckline, exposed back, and midriff
d. Shorts and skirt more than two (2) inches above the knee
e. Figure-hugging attire, crop top and the like.
f. See-through or sheer attire
g. Joggers, jogging pants, sweatpants, leggings, and the like h. Slippers, flip-flops, slip-ons, slides, and open shoes.
i. Cross-dressing",3rd Offense,The student is charged with a Major Offense under Section VI.E.19.
"A student attended an official university function in clothing that challenged gender norms, leading to a reminder about appropriate dress.",Minor Offenses,"Wearing inappropriate attire within the University premises, such as but not limited to:
a. Torn, worn-out, or ripped jeans or bottoms
b. Bare-shouldered top or dress (e.g., sleeveless, spaghetti straps, razor back, tube, strapless, halter, etc.)
c. Top or dress with a plunging neckline, exposed back, and midriff
d. Shorts and skirt more than two (2) inches above the knee
e. Figure-hugging attire, crop top and the like.
f. See-through or sheer attire
g. Joggers, jogging pants, sweatpants, leggings, and the like h. Slippers, flip-flops, slip-ons, slides, and open shoes.
i. Cross-dressing",1st Offense,Violation slip issued by the SDO
"A student was caught wearing attire associated with the opposite gender during a campus event, prompting a reminder about dress code policies.",Minor Offenses,"Wearing inappropriate attire within the University premises, such as but not limited to:
a. Torn, worn-out, or ripped jeans or bottoms
b. Bare-shouldered top or dress (e.g., sleeveless, spaghetti straps, razor back, tube, strapless, halter, etc.)
c. Top or dress with a plunging neckline, exposed back, and midriff
d. Shorts and skirt more than two (2) inches above the knee
e. Figure-hugging attire, crop top and the like.
f. See-through or sheer attire
g. Joggers, jogging pants, sweatpants, leggings, and the like h. Slippers, flip-flops, slip-ons, slides, and open shoes.
i. Cross-dressing",2nd Offense,Violation slip and a written warning issued by the SDO
A student was reminded about the dress code after being seen in cross-dressing attire during class.,Minor Offenses,"Wearing inappropriate attire within the University premises, such as but not limited to:
a. Torn, worn-out, or ripped jeans or bottoms
b. Bare-shouldered top or dress (e.g., sleeveless, spaghetti straps, razor back, tube, strapless, halter, etc.)
c. Top or dress with a plunging neckline, exposed back, and midriff
d. Shorts and skirt more than two (2) inches above the knee
e. Figure-hugging attire, crop top and the like.
f. See-through or sheer attire
g. Joggers, jogging pants, sweatpants, leggings, and the like h. Slippers, flip-flops, slip-ons, slides, and open shoes.
i. Cross-dressing",3rd Offense,The student is charged with a Major Offense under Section VI.E.19.
"A student was found wearing a tee with suggestive graphics, violating the dress code during a university function.",Minor Offenses,Wearing clothing with inappropriate language and suggestive graphics that do not conform with the University's values.,1st Offense,Violation slip issued by the SDO
A student was reported for wearing a shirt with explicit graphics during a class.,Minor Offenses,Wearing clothing with inappropriate language and suggestive graphics that do not conform with the University's values.,1st Offense,Violation slip issued by the SDO
"A student entered the cafeteria wearing a shirt with offensive language, which was reported to the administration.",Minor Offenses,Wearing clothing with inappropriate language and suggestive graphics that do not conform with the University's values.,2nd Offense,Violation slip and a written warning issued by the SDO
A student was caught wearing a hoodie with explicit language while attending a seminar.,Minor Offenses,Wearing clothing with inappropriate language and suggestive graphics that do not conform with the University's values.,3rd Offense,The student is charged with a Major Offense under Section VI.E.19.
"A student was seen wearing a graphic t-shirt with inappropriate imagery in class, leading to a dress code violation.",Minor Offenses,Wearing clothing with inappropriate language and suggestive graphics that do not conform with the University's values.,2nd Offense,Violation slip and a written warning issued by the SDO
A student was reminded to change after entering the library wearing a shirt with profane language.,Minor Offenses,Wearing clothing with inappropriate language and suggestive graphics that do not conform with the University's values.,1st Offense,Violation slip issued by the SDO
"A student was found wearing a graphic tee with suggestive content during a workshop, which prompted a dress code warning.",Minor Offenses,Wearing clothing with inappropriate language and suggestive graphics that do not conform with the University's values.,3rd Offense,The student is charged with a Major Offense under Section VI.E.19.
"A student attended a meeting in a t-shirt with inappropriate language, which violated the university's values.",Minor Offenses,Wearing clothing with inappropriate language and suggestive graphics that do not conform with the University's values.,2nd Offense,Violation slip and a written warning issued by the SDO
"A student was caught wearing a shirt with suggestive graphics during a lecture, resulting in a dress code notice.",Minor Offenses,Wearing clothing with inappropriate language and suggestive graphics that do not conform with the University's values.,1st Offense,Violation slip issued by the SDO
"A student was seen wearing a hoodie with explicit graphics while attending a campus event, violating the dress code policy.",Minor Offenses,Wearing clothing with inappropriate language and suggestive graphics that do not conform with the University's values.,3rd Offense,The student is charged with a Major Offense under Section VI.E.19.
"A student was found in the library wearing a tee with profane language, leading to a dress code violation.",Minor Offenses,Wearing clothing with inappropriate language and suggestive graphics that do not conform with the University's values.,2nd Offense,Violation slip and a written warning issued by the SDO
"A student entered class wearing a hoodie with suggestive graphics, which was deemed inappropriate for the academic setting.",Minor Offenses,Wearing clothing with inappropriate language and suggestive graphics that do not conform with the University's values.,1st Offense,Violation slip issued by the SDO
A student was caught holding an unscheduled meeting in a classroom without prior reservation or approval.,Minor Offenses,"Using the Classroom, Facilities, or Equipment without Reservation or Proper Authority",1st Offense,Violation slip issued by the SDO
A group of students used a lecture hall for a group study session without reserving it with the administration.,Minor Offenses,"Using the Classroom, Facilities, or Equipment without Reservation or Proper Authority",2nd Offense,Violation slip and a written warning issued by the SDO
A student was found using the computer lab after hours without permission from the faculty.,Minor Offenses,"Using the Classroom, Facilities, or Equipment without Reservation or Proper Authority",1st Offense,Violation slip issued by the SDO
A student was caught using university projectors for personal purposes without proper authorization.,Minor Offenses,"Using the Classroom, Facilities, or Equipment without Reservation or Proper Authority",2nd Offense,Violation slip and a written warning issued by the SDO
A student was seen holding a personal activity in a classroom that was not reserved for use at that time.,Minor Offenses,"Using the Classroom, Facilities, or Equipment without Reservation or Proper Authority",1st Offense,Violation slip issued by the SDO
A student used the science lab equipment outside of their scheduled time without informing the lab manager.,Minor Offenses,"Using the Classroom, Facilities, or Equipment without Reservation or Proper Authority",2nd Offense,Violation slip and a written warning issued by the SDO
A student was found using gym equipment in the fitness center without booking the time slot.,Minor Offenses,"Using the Classroom, Facilities, or Equipment without Reservation or Proper Authority",1st Offense,Violation slip issued by the SDO
"A student hosted a study group in a classroom without reserving it, disrupting the scheduled activities.",Minor Offenses,"Using the Classroom, Facilities, or Equipment without Reservation or Proper Authority",3rd Offense,The student is charged with a Major Offense under Section VI.E.19.
A student was caught using audiovisual equipment during a non-academic event without approval from staff.,Minor Offenses,"Using the Classroom, Facilities, or Equipment without Reservation or Proper Authority",3rd Offense,The student is charged with a Major Offense under Section VI.E.19.
A student was seen using gym facilities during off-hours without proper permission from the university administration.,Minor Offenses,"Using the Classroom, Facilities, or Equipment without Reservation or Proper Authority",1st Offense,Violation slip issued by the SDO
A student used the auditorium for a personal rehearsal without prior reservation or notifying the proper authorities.,Minor Offenses,"Using the Classroom, Facilities, or Equipment without Reservation or Proper Authority",2nd Offense,Violation slip and a written warning issued by the SDO
A student was found using laboratory equipment for personal projects without informing the instructor or getting approval.,Minor Offenses,"Using the Classroom, Facilities, or Equipment without Reservation or Proper Authority",1st Offense,Violation slip issued by the SDO
"A student was seen hanging around the hallway during class hours, causing distractions to nearby classrooms.",Minor Offenses,Loitering along the classroom corridors while classes are going on.,1st Offense,Violation slip issued by the SDO
A group of students was reported for chatting loudly in the corridor while classes were ongoing.,Minor Offenses,Loitering along the classroom corridors while classes are going on.,1st Offense,Violation slip issued by the SDO
A student was found wandering the halls during class time without a valid reason or hall pass.,Minor Offenses,Loitering along the classroom corridors while classes are going on.,1st Offense,Violation slip issued by the SDO
A student was caught laughing and making noise in the corridor while a lecture was in progress.,Minor Offenses,Loitering along the classroom corridors while classes are going on.,2nd Offense,Violation slip and a written warning issued by the SDO
"Several students were seen congregating in the corridor during class, disrupting lessons in adjacent classrooms.",Minor Offenses,Loitering along the classroom corridors while classes are going on.,3rd Offense,The student is charged with a Major Offense under Section VI.E.19.
A student was reported for repeatedly loitering outside classrooms during ongoing lectures.,Minor Offenses,Loitering along the classroom corridors while classes are going on.,1st Offense,Violation slip issued by the SDO
"A group of students was seen loitering in the hallway during an exam, causing a disturbance.",Minor Offenses,Loitering along the classroom corridors while classes are going on.,1st Offense,Violation slip issued by the SDO
"A student was hanging out in the corridor during a class period, talking loudly with friends, distracting students.",Minor Offenses,Loitering along the classroom corridors while classes are going on.,1st Offense,Violation slip issued by the SDO
"A student was found playing music and sitting in the hallway during class hours, violating the no-loitering policy.",Minor Offenses,Loitering along the classroom corridors while classes are going on.,2nd Offense,Violation slip and a written warning issued by the SDO
"A student was seen loitering in the corridor, making noise while walking, disrupting a class.",Minor Offenses,Loitering along the classroom corridors while classes are going on.,1st Offense,Violation slip issued by the SDO
A group of students was found chatting loudly in the hallway during an ongoing lecture in a nearby classroom.,Minor Offenses,Loitering along the classroom corridors while classes are going on.,2nd Offense,Violation slip and a written warning issued by the SDO
"A student was wandering the halls aimlessly during lecture hours, prompting a warning about loitering rules.",Minor Offenses,Loitering along the classroom corridors while classes are going on.,1st Offense,Violation slip issued by the SDO
"A student was caught eating snacks during a lecture, despite the no-food policy in the classroom.",Minor Offenses,"Eating in Classrooms, Laboratories, Offices, Libraries, and Study Areas",2nd Offense,Violation slip and a written warning issued by the SDO
"A student was found eating inside the library study area, leaving food wrappers behind.",Minor Offenses,"Eating in Classrooms, Laboratories, Offices, Libraries, and Study Areas",2nd Offense,Violation slip and a written warning issued by the SDO
"A student was caught eating in the laboratory, risking contamination of the equipment and environment.",Minor Offenses,"Eating in Classrooms, Laboratories, Offices, Libraries, and Study Areas",1st Offense,Violation slip issued by the SDO
"A student brought food into a reserved study room and left crumbs, violating the no-eating rule.",Minor Offenses,"Eating in Classrooms, Laboratories, Offices, Libraries, and Study Areas",1st Offense,Violation slip issued by the SDO
"A student was seen eating inside an administrative office, despite the no-eating policy in office areas.",Minor Offenses,"Eating in Classrooms, Laboratories, Offices, Libraries, and Study Areas",3rd Offense,The student is charged with a Major Offense under Section VI.E.19.
"A student was caught eating near the computers in the lab, which could have caused damage to the equipment.",Minor Offenses,"Eating in Classrooms, Laboratories, Offices, Libraries, and Study Areas",1st Offense,Violation slip issued by the SDO
"A student brought a meal into a shared study area, disturbing others and violating the no-food policy.",Minor Offenses,"Eating in Classrooms, Laboratories, Offices, Libraries, and Study Areas",2nd Offense,Violation slip and a written warning issued by the SDO
"A student was seen eating during a laboratory session, leading to contamination concerns.",Minor Offenses,"Eating in Classrooms, Laboratories, Offices, Libraries, and Study Areas",2nd Offense,Violation slip and a written warning issued by the SDO
"A student was caught snacking in a restricted section of the library, causing a mess and breaking the rules.",Minor Offenses,"Eating in Classrooms, Laboratories, Offices, Libraries, and Study Areas",1st Offense,Violation slip issued by the SDO
"A student was found eating in the classroom before class, disregarding the posted no-food policy.",Minor Offenses,"Eating in Classrooms, Laboratories, Offices, Libraries, and Study Areas",1st Offense,Violation slip issued by the SDO
"A student brought a full meal into the laboratory, resulting in contamination concerns.",Minor Offenses,"Eating in Classrooms, Laboratories, Offices, Libraries, and Study Areas",2nd Offense,Violation slip and a written warning issued by the SDO
"A group of students was caught eating snacks in a quiet study area, disturbing others with food and noise.",Minor Offenses,"Eating in Classrooms, Laboratories, Offices, Libraries, and Study Areas",1st Offense,Violation slip issued by the SDO
"A student was caught throwing paper scraps on the floor in the hallway, despite the presence of trash bins.",Minor Offenses,Littering,1st Offense,Violation slip issued by the SDO
A student left food wrappers and drink containers behind in the classroom after a group study session.,Minor Offenses,Littering,1st Offense,Violation slip issued by the SDO
"A student was found leaving litter on a table in the study area, disturbing other users with a messy environment.",Minor Offenses,Littering,3rd Offense,The student is charged with a Major Offense under Section VI.E.19.
"A student left a pile of tissues and snack wrappers on a desk in the library, violating cleanliness rules.",Minor Offenses,Littering,2nd Offense,Violation slip and a written warning issued by the SDO
"A student was seen tossing a plastic bottle onto the ground outside a campus building, despite available bins.",Minor Offenses,Littering,2nd Offense,Violation slip and a written warning issued by the SDO
"A student threw used tissues on the restroom floor, creating an unhygienic environment for others.",Minor Offenses,Littering,1st Offense,Violation slip issued by the SDO
A student left disposable gloves and paper on the lab table after completing an experiment.,Minor Offenses,Littering,2nd Offense,Violation slip and a written warning issued by the SDO
A group of students left their lunch trash on the cafeteria table instead of disposing of it properly.,Minor Offenses,Littering,1st Offense,Violation slip issued by the SDO
"A student discarded water bottles and snack wrappers on the sports field after practice, despite cleanup rules.",Minor Offenses,Littering,2nd Offense,Violation slip and a written warning issued by the SDO
A student was caught throwing litter out of their car in the university parking lot.,Minor Offenses,Littering,1st Offense,Violation slip issued by the SDO
"A student discarded a plastic bag in the campus garden, despite posted signs about maintaining cleanliness.",Minor Offenses,Littering,1st Offense,Violation slip issued by the SDO
"A student left litter in the auditorium after a campus event, despite the rules requiring attendees to clean up.",Minor Offenses,Littering,1st Offense,Violation slip issued by the SDO
A student rearranged the classroom tables and chairs for a group activity without seeking prior approval from the teacher.,Minor Offenses,"Rearranging the Tables, Chairs, and Other Fixtures in Classrooms, Laboratories, or the Library without Approval",1st Offense,Violation slip issued by the SDO
"A group of students moved library tables to form a study circle, causing disruption and without notifying the librarian.",Minor Offenses,"Rearranging the Tables, Chairs, and Other Fixtures in Classrooms, Laboratories, or the Library without Approval",2nd Offense,Violation slip and a written warning issued by the SDO
A student rearranged the tables in the laboratory for a personal project without informing the lab supervisor.,Minor Offenses,"Rearranging the Tables, Chairs, and Other Fixtures in Classrooms, Laboratories, or the Library without Approval",1st Offense,Violation slip issued by the SDO
"A student was caught moving chairs and desks in the classroom without permission, causing inconvenience for the next class.",Minor Offenses,"Rearranging the Tables, Chairs, and Other Fixtures in Classrooms, Laboratories, or the Library without Approval",1st Offense,Violation slip issued by the SDO
"A student was found moving chairs in the library to another section without informing the staff, disrupting the layout.",Minor Offenses,"Rearranging the Tables, Chairs, and Other Fixtures in Classrooms, Laboratories, or the Library without Approval",2nd Offense,Violation slip and a written warning issued by the SDO
"A student rearranged lab furniture to accommodate a group project without approval, disrupting the organized setup.",Minor Offenses,"Rearranging the Tables, Chairs, and Other Fixtures in Classrooms, Laboratories, or the Library without Approval",3rd Offense,The student is charged with a Major Offense under Section VI.E.19.
"A student was caught moving tables in the classroom to the back row without approval, which hindered the class flow.",Minor Offenses,"Rearranging the Tables, Chairs, and Other Fixtures in Classrooms, Laboratories, or the Library without Approval",1st Offense,Violation slip issued by the SDO
"A student rearranged study room chairs without getting permission, causing confusion for the next group.",Minor Offenses,"Rearranging the Tables, Chairs, and Other Fixtures in Classrooms, Laboratories, or the Library without Approval",2nd Offense,Violation slip and a written warning issued by the SDO
"A student rearranged desks in the computer lab to form a group, ignoring the structured layout without permission.",Minor Offenses,"Rearranging the Tables, Chairs, and Other Fixtures in Classrooms, Laboratories, or the Library without Approval",1st Offense,Violation slip issued by the SDO
"A student moved tables and chairs in a library study area, blocking the aisles and violating the no-rearrangement rule.",Minor Offenses,"Rearranging the Tables, Chairs, and Other Fixtures in Classrooms, Laboratories, or the Library without Approval",2nd Offense,Violation slip and a written warning issued by the SDO
"A student rearranged tables and fixtures in the laboratory without notifying the instructor, disrupting other experiments.",Minor Offenses,"Rearranging the Tables, Chairs, and Other Fixtures in Classrooms, Laboratories, or the Library without Approval",1st Offense,Violation slip issued by the SDO
A student rearranged the classroom layout to make more space for a presentation without prior approval from the professor.,Minor Offenses,"Rearranging the Tables, Chairs, and Other Fixtures in Classrooms, Laboratories, or the Library without Approval",1st Offense,Violation slip issued by the SDO
"A student was caught using a locker assigned to another student without permission, violating locker assignment rules.",Minor Offenses,Violating the Policies on the Use of Lockers,2nd Offense,Violation slip and a written warning issued by the SDO
"A student was found sharing their locker with a friend without informing the administration, violating locker policies.",Minor Offenses,Violating the Policies on the Use of Lockers,2nd Offense,Violation slip and a written warning issued by the SDO
"A student stored food and perishable items in their locker, which is prohibited by the locker use policy.",Minor Offenses,Violating the Policies on the Use of Lockers,1st Offense,Violation slip issued by the SDO
"A student decorated their locker with adhesive stickers and posters without permission, violating locker guidelines.",Minor Offenses,Violating the Policies on the Use of Lockers,1st Offense,Violation slip issued by the SDO
"A student was caught using multiple lockers without approval, exceeding the allowed space per student.",Minor Offenses,Violating the Policies on the Use of Lockers,2nd Offense,Violation slip and a written warning issued by the SDO
"A student was found trying to open another student’s locker, which is against university policy.",Minor Offenses,Violating the Policies on the Use of Lockers,1st Offense,Violation slip issued by the SDO
"A student left materials in their locker overnight, violating the rule against overnight storage of certain items.",Minor Offenses,Violating the Policies on the Use of Lockers,2nd Offense,Violation slip and a written warning issued by the SDO
"A student failed to empty their locker by the specified deadline, resulting in a violation of locker clearance policy.",Minor Offenses,Violating the Policies on the Use of Lockers,1st Offense,Violation slip issued by the SDO
"A student replaced the lock on their locker without notifying the administration, violating the locker policy.",Minor Offenses,Violating the Policies on the Use of Lockers,2nd Offense,Violation slip and a written warning issued by the SDO
"A student was found allowing multiple students to use their assigned locker, breaching the one-locker-per-student rule.",Minor Offenses,Violating the Policies on the Use of Lockers,3rd Offense,The student is charged with a Major Offense under Section VI.E.19.
"A student used their locker to store unauthorized electronic devices, violating the university’s locker storage rules.",Minor Offenses,Violating the Policies on the Use of Lockers,1st Offense,Violation slip issued by the SDO
"A student caused damage to the interior of their locker by improperly storing heavy materials, violating locker policy.",Minor Offenses,Violating the Policies on the Use of Lockers,1st Offense,Violation slip issued by the SDO
A student was caught hiding a book under a desk in the study area to prevent others from borrowing it.,Minor Offenses,Concealing or Hiding Library Materials in Any Area of the Library for One’s Exclusive Use,3rd Offense,The student is charged with a Major Offense under Section VI.E.19.
A student hid several academic journals behind other books on the shelf to ensure they would be available later.,Minor Offenses,Concealing or Hiding Library Materials in Any Area of the Library for One’s Exclusive Use,2nd Offense,Violation slip and a written warning issued by the SDO
A student was found placing a high-demand textbook in an unrelated section to reserve it for their next visit.,Minor Offenses,Concealing or Hiding Library Materials in Any Area of the Library for One’s Exclusive Use,1st Offense,Violation slip issued by the SDO
A student was reported for hiding research papers inside a magazine rack to prevent classmates from using them.,Minor Offenses,Concealing or Hiding Library Materials in Any Area of the Library for One’s Exclusive Use,3rd Offense,The student is charged with a Major Offense under Section VI.E.19.
"A student was found storing library reference books in their personal locker, violating library policies.",Minor Offenses,Concealing or Hiding Library Materials in Any Area of the Library for One’s Exclusive Use,1st Offense,Violation slip issued by the SDO
"A student hid books in the restricted archives section, hoping to use them later without others finding them.",Minor Offenses,Concealing or Hiding Library Materials in Any Area of the Library for One’s Exclusive Use,2nd Offense,Violation slip and a written warning issued by the SDO
A student concealed key reference materials under a chair in the library to prevent other students from accessing them.,Minor Offenses,Concealing or Hiding Library Materials in Any Area of the Library for One’s Exclusive Use,1st Offense,Violation slip issued by the SDO
"A student was caught hiding books behind library furniture to reserve them for later use, bypassing the borrowing system.",Minor Offenses,Concealing or Hiding Library Materials in Any Area of the Library for One’s Exclusive Use,1st Offense,Violation slip issued by the SDO
"A student was found hiding a popular library book under the sofa cushions, violating library policies.",Minor Offenses,Concealing or Hiding Library Materials in Any Area of the Library for One’s Exclusive Use,2nd Offense,Violation slip and a written warning issued by the SDO
"A student concealed library materials in their personal bag while in the library, without checking them out.",Minor Offenses,Concealing or Hiding Library Materials in Any Area of the Library for One’s Exclusive Use,2nd Offense,Violation slip and a written warning issued by the SDO
A student hid exam review books behind other books in a less-used section of the library to keep them from peers.,Minor Offenses,Concealing or Hiding Library Materials in Any Area of the Library for One’s Exclusive Use,1st Offense,Violation slip issued by the SDO
"A student hid reserved books in a study room without checking them out, disrupting the reservation system.",Minor Offenses,Concealing or Hiding Library Materials in Any Area of the Library for One’s Exclusive Use,2nd Offense,Violation slip and a written warning issued by the SDO
"A student dyed their hair bright neon green, which was considered inappropriate based on the university guidelines.",Minor Offenses,Dyeing Hair with Artificial Color Deemed Inappropriate by the University,1st Offense,Violation slip issued by the SDO
A student was seen with hair dyed in a bold purple hue that violated the school’s dress code on appropriate appearance.,Minor Offenses,Dyeing Hair with Artificial Color Deemed Inappropriate by the University,2nd Offense,Violation slip and a written warning issued by the SDO
"A student was reported for showing up to class with bright blue hair, which was deemed inappropriate by the university.",Minor Offenses,Dyeing Hair with Artificial Color Deemed Inappropriate by the University,1st Offense,Violation slip issued by the SDO
"A student added multi-colored streaks (pink, blue, yellow) to their hair, violating the hair color policy.",Minor Offenses,Dyeing Hair with Artificial Color Deemed Inappropriate by the University,2nd Offense,Violation slip and a written warning issued by the SDO
"A student was seen with a full rainbow-colored hairstyle, which breached the university’s standards for hair color.",Minor Offenses,Dyeing Hair with Artificial Color Deemed Inappropriate by the University,1st Offense,Violation slip issued by the SDO
"A student dyed their hair in a bright red shade, which was not allowed according to the university’s hair color guidelines.",Minor Offenses,Dyeing Hair with Artificial Color Deemed Inappropriate by the University,2nd Offense,Violation slip and a written warning issued by the SDO
"A student was caught with pastel pink hair, which was deemed non-compliant with the school’s grooming standards.",Minor Offenses,Dyeing Hair with Artificial Color Deemed Inappropriate by the University,1st Offense,Violation slip issued by the SDO
"A student added bright yellow streaks to their hair, violating the appropriate color policies of the university.",Minor Offenses,Dyeing Hair with Artificial Color Deemed Inappropriate by the University,3rd Offense,The student is charged with a Major Offense under Section VI.E.19.
"A student dyed their hair fluorescent green, which the school deemed distracting and inappropriate.",Minor Offenses,Dyeing Hair with Artificial Color Deemed Inappropriate by the University,1st Offense,Violation slip issued by the SDO
"A student’s ombre hair coloring, transitioning from black to a bold orange, was considered inappropriate by the school.",Minor Offenses,Dyeing Hair with Artificial Color Deemed Inappropriate by the University,2nd Offense,Violation slip and a written warning issued by the SDO
"A student was reported for dyeing their hair a vivid pink color, which the university classified as inappropriate.",Minor Offenses,Dyeing Hair with Artificial Color Deemed Inappropriate by the University,1st Offense,Violation slip issued by the SDO
"A student dyed their hair silver, which was outside the bounds of acceptable hair colors as per university policies.",Minor Offenses,Dyeing Hair with Artificial Color Deemed Inappropriate by the University,3rd Offense,The student is charged with a Major Offense under Section VI.E.19.
A male student was found using the ladies' room despite clearly marked signs designating it for female use only.,Minor Offenses,Presence of the Opposite Sex in Areas Designated Exclusively for the Use of Either the Male or the Female Sex,3rd Offense,The student is charged with a Major Offense under Section VI.E.19.
"A female student was caught entering the men's room to chat with a friend, violating the exclusive access policy.",Minor Offenses,Presence of the Opposite Sex in Areas Designated Exclusively for the Use of Either the Male or the Female Sex,2nd Offense,Violation slip and a written warning issued by the SDO
"A male student was found in a female dormitory area without permission, breaching the gender-designated rule.",Minor Offenses,Presence of the Opposite Sex in Areas Designated Exclusively for the Use of Either the Male or the Female Sex,2nd Offense,Violation slip and a written warning issued by the SDO
"A female student entered the male-only gym area during training hours, violating the university's policy on access.",Minor Offenses,Presence of the Opposite Sex in Areas Designated Exclusively for the Use of Either the Male or the Female Sex,1st Offense,Violation slip issued by the SDO
"A male student entered the ladies' lounge area to wait for a friend, disregarding the gender-exclusive zone.",Minor Offenses,Presence of the Opposite Sex in Areas Designated Exclusively for the Use of Either the Male or the Female Sex,1st Offense,Violation slip issued by the SDO
"A female student was seen entering the men's locker room to retrieve an item, breaching the university's rules.",Minor Offenses,Presence of the Opposite Sex in Areas Designated Exclusively for the Use of Either the Male or the Female Sex,3rd Offense,The student is charged with a Major Offense under Section VI.E.19.
"A male student was caught using the female-only study hall, ignoring signs restricting access based on gender.",Minor Offenses,Presence of the Opposite Sex in Areas Designated Exclusively for the Use of Either the Male or the Female Sex,2nd Offense,Violation slip and a written warning issued by the SDO
"A female student used the men's restroom due to convenience, violating the policy on gender-specific areas.",Minor Offenses,Presence of the Opposite Sex in Areas Designated Exclusively for the Use of Either the Male or the Female Sex,1st Offense,Violation slip issued by the SDO
"A male student was found in the female-only residence hall without an escort or permission, violating the gender policy.",Minor Offenses,Presence of the Opposite Sex in Areas Designated Exclusively for the Use of Either the Male or the Female Sex,2nd Offense,Violation slip and a written warning issued by the SDO
"A female student was caught visiting a male friend's dorm room after hours, violating the dorm's gender-specific rules.",Minor Offenses,Presence of the Opposite Sex in Areas Designated Exclusively for the Use of Either the Male or the Female Sex,1st Offense,Violation slip issued by the SDO
"A male student was reported for being in a female-only study section of the library, despite signage indicating the restriction.",Minor Offenses,Presence of the Opposite Sex in Areas Designated Exclusively for the Use of Either the Male or the Female Sex,1st Offense,Violation slip issued by the SDO
"A female student entered the male restroom during a campus event, disregarding the designated gender-segregated areas.",Minor Offenses,Presence of the Opposite Sex in Areas Designated Exclusively for the Use of Either the Male or the Female Sex,1st Offense,Violation slip issued by the SDO
"A student was caught entering the campus through a side exit while carrying a large backpack, bypassing the main entrance.",Minor Offenses,Bypassing the Student Entrance in Bringing Any Item Inside the University Premises,1st Offense,Violation slip issued by the SDO
"A student used the emergency exit to bring in snacks for a study group, violating the entrance policy.",Minor Offenses,Bypassing the Student Entrance in Bringing Any Item Inside the University Premises,2nd Offense,Violation slip and a written warning issued by the SDO
A student was found sneaking in items through a back entrance without going through the designated student entrance.,Minor Offenses,Bypassing the Student Entrance in Bringing Any Item Inside the University Premises,3rd Offense,The student is charged with a Major Offense under Section VI.E.19.
"A student was reported for bypassing the student entrance where security checks were in place, bringing in prohibited items.",Minor Offenses,Bypassing the Student Entrance in Bringing Any Item Inside the University Premises,1st Offense,Violation slip issued by the SDO
"A student entered the university through the fire exit while carrying a laptop, violating entry regulations.",Minor Offenses,Bypassing the Student Entrance in Bringing Any Item Inside the University Premises,2nd Offense,Violation slip and a written warning issued by the SDO
A student was seen using a side door to enter the building with an item without going through the main student entrance.,Minor Offenses,Bypassing the Student Entrance in Bringing Any Item Inside the University Premises,1st Offense,Violation slip issued by the SDO
"A student was caught bringing in food items through the maintenance area, disregarding proper entry procedures.",Minor Offenses,Bypassing the Student Entrance in Bringing Any Item Inside the University Premises,1st Offense,Violation slip issued by the SDO
A student used an unmonitored entrance to bring in books without checking in at the student entrance.,Minor Offenses,Bypassing the Student Entrance in Bringing Any Item Inside the University Premises,1st Offense,Violation slip issued by the SDO
A student was seen carrying art supplies through a side exit instead of the designated student entrance.,Minor Offenses,Bypassing the Student Entrance in Bringing Any Item Inside the University Premises,2nd Offense,Violation slip and a written warning issued by the SDO
"A student entered the campus late at night through a restricted area, avoiding the student entrance entirely.",Minor Offenses,Bypassing the Student Entrance in Bringing Any Item Inside the University Premises,1st Offense,Violation slip issued by the SDO
A student brought equipment into the university through a faculty door instead of the designated student entrance.,Minor Offenses,Bypassing the Student Entrance in Bringing Any Item Inside the University Premises,2nd Offense,Violation slip and a written warning issued by the SDO
"A student was found entering through a staff entrance with personal items, avoiding the student entrance entirely.",Minor Offenses,Bypassing the Student Entrance in Bringing Any Item Inside the University Premises,1st Offense,Violation slip issued by the SDO
"A student was reported for wearing three earrings in each ear, which violated the university's jewelry policy.",Minor Offenses,"Piercings, Excessive and Dangling Earrings",1st Offense,Violation slip issued by the SDO
"A student wore large dangling earrings in class, which were distracting to both the instructor and fellow students.",Minor Offenses,"Piercings, Excessive and Dangling Earrings",1st Offense,Violation slip issued by the SDO
A student was found with multiple facial piercings that were deemed inappropriate according to the school guidelines.,Minor Offenses,"Piercings, Excessive and Dangling Earrings",2nd Offense,Violation slip and a written warning issued by the SDO
"A student wore excessively long hoop earrings during a lecture, causing a distraction to others in the classroom.",Minor Offenses,"Piercings, Excessive and Dangling Earrings",3rd Offense,The student is charged with a Major Offense under Section VI.E.19.
A student was reported for having several facial piercings that went against the university's dress code.,Minor Offenses,"Piercings, Excessive and Dangling Earrings",2nd Offense,Violation slip and a written warning issued by the SDO
"A student wore oversized earrings in the laboratory, violating safety guidelines and posing a risk during experiments.",Minor Offenses,"Piercings, Excessive and Dangling Earrings",1st Offense,Violation slip issued by the SDO
"A student wore dangling earrings during a university event, which were inappropriate for the formal setting.",Minor Offenses,"Piercings, Excessive and Dangling Earrings",3rd Offense,The student is charged with a Major Offense under Section VI.E.19.
"student was seen with excessive jewelry, including multiple earrings and piercings, which was against library decorum.",Minor Offenses,"Piercings, Excessive and Dangling Earrings",2nd Offense,Violation slip and a written warning issued by the SDO
"A student wore large earrings during an athletic class, which posed a safety hazard and violated the dress code.",Minor Offenses,"Piercings, Excessive and Dangling Earrings",2nd Offense,Violation slip and a written warning issued by the SDO
"A student was caught wearing multiple ear cuffs, which were deemed excessive by the university’s jewelry policy.",Minor Offenses,"Piercings, Excessive and Dangling Earrings",1st Offense,Violation slip issued by the SDO
A student wore dangling accessories in the classroom that interfered with the learning environment.,Minor Offenses,"Piercings, Excessive and Dangling Earrings",1st Offense,Violation slip issued by the SDO
"A student had visible multiple piercings in their ears and face, violating the university's guidelines on appearance.",Minor Offenses,"Piercings, Excessive and Dangling Earrings",2nd Offense,Violation slip and a written warning issued by the SDO
"A male student was reported for wearing earrings, which is against the university's dress code for males.",Minor Offenses,Earrings Among Males,2nd Offense,Violation slip and a written warning issued by the SDO
"A male student was caught wearing multiple earrings during a campus event, violating the school's jewelry policy.",Minor Offenses,Earrings Among Males,1st Offense,Violation slip issued by the SDO
"A male student wore large hoop earrings in class, which was deemed inappropriate according to the university's guidelines.",Minor Offenses,Earrings Among Males,2nd Offense,Violation slip and a written warning issued by the SDO
"A male student was found wearing stud earrings during a formal university function, which was against the dress code.",Minor Offenses,Earrings Among Males,1st Offense,Violation slip issued by the SDO
A male student was reported for wearing dangling earrings that interfered with the formal setting of a presentation.,Minor Offenses,Earrings Among Males,2nd Offense,Violation slip and a written warning issued by the SDO
"A male student wore earrings in the laboratory, violating safety protocols and the university's appearance policy.",Minor Offenses,Earrings Among Males,3rd Offense,The student is charged with a Major Offense under Section VI.E.19.
"A male student was seen wearing visible earrings in the library, which was against the university's decorum guidelines.",Minor Offenses,Earrings Among Males,1st Offense,Violation slip issued by the SDO
A male student was caught wearing fashionable earrings that were deemed inappropriate for the university environment.,Minor Offenses,Earrings Among Males,1st Offense,Violation slip issued by the SDO
"A male athlete was reported for wearing earrings during sports practice, violating the team's safety regulations.",Minor Offenses,Earrings Among Males,2nd Offense,Violation slip and a written warning issued by the SDO
"A male student wore earrings during orientation, violating the dress code outlined for new students.",Minor Offenses,Earrings Among Males,1st Offense,Violation slip issued by the SDO
A student was found copying answers from another student’s test paper.,Academic Dishonesty or Fraudulent Acts,"Cheating or academic dishonesty, in online or face-to face settings, before or during an examination, such as quizzes, long tests, written reports including papers, case analysis, experiments, or assignments required. Any form of cheating, including the following acts, shall be dealt with a penalty by the faculty, proctor, and the Dean of the college to which the student belongs. The case should also be filed in writing to the SDO for proper documentation and processing.
a. Unauthorized possession of notes or any material related to the examination, whether the student used them or not.
b. Copying or allowing another student to copy during the examination.
c. Glancing or looking at another student’s examination papers, allowing another student to glance or look at their examination paper.
d. Communicating with other students and using any electronic device during the examination without permission from the proctor/teacher.
e. Plagiarism and other forms of academic dishonesty.
f. Leaking examination questions to other student/s.
g. Having somebody else take an examination or test or prepare a required report or assignment. If both parties are students, both are liable.",1st Offense,"Category 2 (Formative Intervention: University Service, Counseling, Discipline Education Program, & Evaluation) & 0.0 in the course"
A student was discovered communicating through a hidden earpiece during an online exam.,Academic Dishonesty or Fraudulent Acts,"Cheating or academic dishonesty, in online or face-to face settings, before or during an examination, such as quizzes, long tests, written reports including papers, case analysis, experiments, or assignments required. Any form of cheating, including the following acts, shall be dealt with a penalty by the faculty, proctor, and the Dean of the college to which the student belongs. The case should also be filed in writing to the SDO for proper documentation and processing.
a. Unauthorized possession of notes or any material related to the examination, whether the student used them or not.
b. Copying or allowing another student to copy during the examination.
c. Glancing or looking at another student’s examination papers, allowing another student to glance or look at their examination paper.
d. Communicating with other students and using any electronic device during the examination without permission from the proctor/teacher.
e. Plagiarism and other forms of academic dishonesty.
f. Leaking examination questions to other student/s.
g. Having somebody else take an examination or test or prepare a required report or assignment. If both parties are students, both are liable.",1st Offense,"Category 2 (Formative Intervention: University Service, Counseling, Discipline Education Program, & Evaluation) & 0.0 in the course"
A student was caught with unauthorized notes during a quiz.,Academic Dishonesty or Fraudulent Acts,"Cheating or academic dishonesty, in online or face-to face settings, before or during an examination, such as quizzes, long tests, written reports including papers, case analysis, experiments, or assignments required. Any form of cheating, including the following acts, shall be dealt with a penalty by the faculty, proctor, and the Dean of the college to which the student belongs. The case should also be filed in writing to the SDO for proper documentation and processing.
a. Unauthorized possession of notes or any material related to the examination, whether the student used them or not.
b. Copying or allowing another student to copy during the examination.
c. Glancing or looking at another student’s examination papers, allowing another student to glance or look at their examination paper.
d. Communicating with other students and using any electronic device during the examination without permission from the proctor/teacher.
e. Plagiarism and other forms of academic dishonesty.
f. Leaking examination questions to other student/s.
g. Having somebody else take an examination or test or prepare a required report or assignment. If both parties are students, both are liable.",1st Offense,"Category 2 (Formative Intervention: University Service, Counseling, Discipline Education Program, & Evaluation) & 0.0 in the course"
A student leaked midterm questions to their classmates.,Academic Dishonesty or Fraudulent Acts,"Cheating or academic dishonesty, in online or face-to face settings, before or during an examination, such as quizzes, long tests, written reports including papers, case analysis, experiments, or assignments required. Any form of cheating, including the following acts, shall be dealt with a penalty by the faculty, proctor, and the Dean of the college to which the student belongs. The case should also be filed in writing to the SDO for proper documentation and processing.
a. Unauthorized possession of notes or any material related to the examination, whether the student used them or not.
b. Copying or allowing another student to copy during the examination.
c. Glancing or looking at another student’s examination papers, allowing another student to glance or look at their examination paper.
d. Communicating with other students and using any electronic device during the examination without permission from the proctor/teacher.
e. Plagiarism and other forms of academic dishonesty.
f. Leaking examination questions to other student/s.
g. Having somebody else take an examination or test or prepare a required report or assignment. If both parties are students, both are liable.",1st Offense,"Category 2 (Formative Intervention: University Service, Counseling, Discipline Education Program, & Evaluation) & 0.0 in the course"
A student allowed their classmate to glance at their answers during the final exam.,Academic Dishonesty or Fraudulent Acts,"Cheating or academic dishonesty, in online or face-to face settings, before or during an examination, such as quizzes, long tests, written reports including papers, case analysis, experiments, or assignments required. Any form of cheating, including the following acts, shall be dealt with a penalty by the faculty, proctor, and the Dean of the college to which the student belongs. The case should also be filed in writing to the SDO for proper documentation and processing.
a. Unauthorized possession of notes or any material related to the examination, whether the student used them or not.
b. Copying or allowing another student to copy during the examination.
c. Glancing or looking at another student’s examination papers, allowing another student to glance or look at their examination paper.
d. Communicating with other students and using any electronic device during the examination without permission from the proctor/teacher.
e. Plagiarism and other forms of academic dishonesty.
f. Leaking examination questions to other student/s.
g. Having somebody else take an examination or test or prepare a required report or assignment. If both parties are students, both are liable.",1st Offense,"Category 2 (Formative Intervention: University Service, Counseling, Discipline Education Program, & Evaluation) & 0.0 in the course"
A student plagiarized sections of their thesis report.,Academic Dishonesty or Fraudulent Acts,"Cheating or academic dishonesty, in online or face-to face settings, before or during an examination, such as quizzes, long tests, written reports including papers, case analysis, experiments, or assignments required. Any form of cheating, including the following acts, shall be dealt with a penalty by the faculty, proctor, and the Dean of the college to which the student belongs. The case should also be filed in writing to the SDO for proper documentation and processing.
a. Unauthorized possession of notes or any material related to the examination, whether the student used them or not.
b. Copying or allowing another student to copy during the examination.
c. Glancing or looking at another student’s examination papers, allowing another student to glance or look at their examination paper.
d. Communicating with other students and using any electronic device during the examination without permission from the proctor/teacher.
e. Plagiarism and other forms of academic dishonesty.
f. Leaking examination questions to other student/s.
g. Having somebody else take an examination or test or prepare a required report or assignment. If both parties are students, both are liable.",1st Offense,"Category 2 (Formative Intervention: University Service, Counseling, Discipline Education Program, & Evaluation) & 0.0 in the course"
A student had someone else complete their required laboratory report.,Academic Dishonesty or Fraudulent Acts,"Cheating or academic dishonesty, in online or face-to face settings, before or during an examination, such as quizzes, long tests, written reports including papers, case analysis, experiments, or assignments required. Any form of cheating, including the following acts, shall be dealt with a penalty by the faculty, proctor, and the Dean of the college to which the student belongs. The case should also be filed in writing to the SDO for proper documentation and processing.
a. Unauthorized possession of notes or any material related to the examination, whether the student used them or not.
b. Copying or allowing another student to copy during the examination.
c. Glancing or looking at another student’s examination papers, allowing another student to glance or look at their examination paper.
d. Communicating with other students and using any electronic device during the examination without permission from the proctor/teacher.
e. Plagiarism and other forms of academic dishonesty.
f. Leaking examination questions to other student/s.
g. Having somebody else take an examination or test or prepare a required report or assignment. If both parties are students, both are liable.",1st Offense,"Category 2 (Formative Intervention: University Service, Counseling, Discipline Education Program, & Evaluation) & 0.0 in the course"
A student was caught with a hidden formula sheet during a long test.,Academic Dishonesty or Fraudulent Acts,"Cheating or academic dishonesty, in online or face-to face settings, before or during an examination, such as quizzes, long tests, written reports including papers, case analysis, experiments, or assignments required. Any form of cheating, including the following acts, shall be dealt with a penalty by the faculty, proctor, and the Dean of the college to which the student belongs. The case should also be filed in writing to the SDO for proper documentation and processing.
a. Unauthorized possession of notes or any material related to the examination, whether the student used them or not.
b. Copying or allowing another student to copy during the examination.
c. Glancing or looking at another student’s examination papers, allowing another student to glance or look at their examination paper.
d. Communicating with other students and using any electronic device during the examination without permission from the proctor/teacher.
e. Plagiarism and other forms of academic dishonesty.
f. Leaking examination questions to other student/s.
g. Having somebody else take an examination or test or prepare a required report or assignment. If both parties are students, both are liable.",1st Offense,"Category 2 (Formative Intervention: University Service, Counseling, Discipline Education Program, & Evaluation) & 0.0 in the course"
A student shared their answers with a friend during an online quiz.,Academic Dishonesty or Fraudulent Acts,"Cheating or academic dishonesty, in online or face-to face settings, before or during an examination, such as quizzes, long tests, written reports including papers, case analysis, experiments, or assignments required. Any form of cheating, including the following acts, shall be dealt with a penalty by the faculty, proctor, and the Dean of the college to which the student belongs. The case should also be filed in writing to the SDO for proper documentation and processing.
a. Unauthorized possession of notes or any material related to the examination, whether the student used them or not.
b. Copying or allowing another student to copy during the examination.
c. Glancing or looking at another student’s examination papers, allowing another student to glance or look at their examination paper.
d. Communicating with other students and using any electronic device during the examination without permission from the proctor/teacher.
e. Plagiarism and other forms of academic dishonesty.
f. Leaking examination questions to other student/s.
g. Having somebody else take an examination or test or prepare a required report or assignment. If both parties are students, both are liable.",1st Offense,"Category 2 (Formative Intervention: University Service, Counseling, Discipline Education Program, & Evaluation) & 0.0 in the course"
A student used a hidden messaging app to get answers from a classmate during a final exam.,Academic Dishonesty or Fraudulent Acts,"Cheating or academic dishonesty, in online or face-to face settings, before or during an examination, such as quizzes, long tests, written reports including papers, case analysis, experiments, or assignments required. Any form of cheating, including the following acts, shall be dealt with a penalty by the faculty, proctor, and the Dean of the college to which the student belongs. The case should also be filed in writing to the SDO for proper documentation and processing.
a. Unauthorized possession of notes or any material related to the examination, whether the student used them or not.
b. Copying or allowing another student to copy during the examination.
c. Glancing or looking at another student’s examination papers, allowing another student to glance or look at their examination paper.
d. Communicating with other students and using any electronic device during the examination without permission from the proctor/teacher.
e. Plagiarism and other forms of academic dishonesty.
f. Leaking examination questions to other student/s.
g. Having somebody else take an examination or test or prepare a required report or assignment. If both parties are students, both are liable.",1st Offense,"Category 2 (Formative Intervention: University Service, Counseling, Discipline Education Program, & Evaluation) & 0.0 in the course"
A student plagiarized an article for their written report.,Academic Dishonesty or Fraudulent Acts,"Cheating or academic dishonesty, in online or face-to face settings, before or during an examination, such as quizzes, long tests, written reports including papers, case analysis, experiments, or assignments required. Any form of cheating, including the following acts, shall be dealt with a penalty by the faculty, proctor, and the Dean of the college to which the student belongs. The case should also be filed in writing to the SDO for proper documentation and processing.
a. Unauthorized possession of notes or any material related to the examination, whether the student used them or not.
b. Copying or allowing another student to copy during the examination.
c. Glancing or looking at another student’s examination papers, allowing another student to glance or look at their examination paper.
d. Communicating with other students and using any electronic device during the examination without permission from the proctor/teacher.
e. Plagiarism and other forms of academic dishonesty.
f. Leaking examination questions to other student/s.
g. Having somebody else take an examination or test or prepare a required report or assignment. If both parties are students, both are liable.",1st Offense,"Category 2 (Formative Intervention: University Service, Counseling, Discipline Education Program, & Evaluation) & 0.0 in the course"
A student glanced at their seatmate’s paper during a class quiz.,Academic Dishonesty or Fraudulent Acts,"Cheating or academic dishonesty, in online or face-to face settings, before or during an examination, such as quizzes, long tests, written reports including papers, case analysis, experiments, or assignments required. Any form of cheating, including the following acts, shall be dealt with a penalty by the faculty, proctor, and the Dean of the college to which the student belongs. The case should also be filed in writing to the SDO for proper documentation and processing.
a. Unauthorized possession of notes or any material related to the examination, whether the student used them or not.
b. Copying or allowing another student to copy during the examination.
c. Glancing or looking at another student’s examination papers, allowing another student to glance or look at their examination paper.
d. Communicating with other students and using any electronic device during the examination without permission from the proctor/teacher.
e. Plagiarism and other forms of academic dishonesty.
f. Leaking examination questions to other student/s.
g. Having somebody else take an examination or test or prepare a required report or assignment. If both parties are students, both are liable.",1st Offense,"Category 2 (Formative Intervention: University Service, Counseling, Discipline Education Program, & Evaluation) & 0.0 in the course"
A student used a smartwatch to access notes during the exam.,Academic Dishonesty or Fraudulent Acts,"Cheating or academic dishonesty, in online or face-to face settings, before or during an examination, such as quizzes, long tests, written reports including papers, case analysis, experiments, or assignments required. Any form of cheating, including the following acts, shall be dealt with a penalty by the faculty, proctor, and the Dean of the college to which the student belongs. The case should also be filed in writing to the SDO for proper documentation and processing.
a. Unauthorized possession of notes or any material related to the examination, whether the student used them or not.
b. Copying or allowing another student to copy during the examination.
c. Glancing or looking at another student’s examination papers, allowing another student to glance or look at their examination paper.
d. Communicating with other students and using any electronic device during the examination without permission from the proctor/teacher.
e. Plagiarism and other forms of academic dishonesty.
f. Leaking examination questions to other student/s.
g. Having somebody else take an examination or test or prepare a required report or assignment. If both parties are students, both are liable.",1st Offense,"Category 2 (Formative Intervention: University Service, Counseling, Discipline Education Program, & Evaluation) & 0.0 in the course"
A student was caught with a cheat sheet during a surprise quiz.,Academic Dishonesty or Fraudulent Acts,"Cheating or academic dishonesty, in online or face-to face settings, before or during an examination, such as quizzes, long tests, written reports including papers, case analysis, experiments, or assignments required. Any form of cheating, including the following acts, shall be dealt with a penalty by the faculty, proctor, and the Dean of the college to which the student belongs. The case should also be filed in writing to the SDO for proper documentation and processing.
a. Unauthorized possession of notes or any material related to the examination, whether the student used them or not.
b. Copying or allowing another student to copy during the examination.
c. Glancing or looking at another student’s examination papers, allowing another student to glance or look at their examination paper.
d. Communicating with other students and using any electronic device during the examination without permission from the proctor/teacher.
e. Plagiarism and other forms of academic dishonesty.
f. Leaking examination questions to other student/s.
g. Having somebody else take an examination or test or prepare a required report or assignment. If both parties are students, both are liable.",1st Offense,"Category 2 (Formative Intervention: University Service, Counseling, Discipline Education Program, & Evaluation) & 0.0 in the course"
A student copied paragraphs from an online source without citation for a class essay.,Academic Dishonesty or Fraudulent Acts,"Cheating or academic dishonesty, in online or face-to face settings, before or during an examination, such as quizzes, long tests, written reports including papers, case analysis, experiments, or assignments required. Any form of cheating, including the following acts, shall be dealt with a penalty by the faculty, proctor, and the Dean of the college to which the student belongs. The case should also be filed in writing to the SDO for proper documentation and processing.
a. Unauthorized possession of notes or any material related to the examination, whether the student used them or not.
b. Copying or allowing another student to copy during the examination.
c. Glancing or looking at another student’s examination papers, allowing another student to glance or look at their examination paper.
d. Communicating with other students and using any electronic device during the examination without permission from the proctor/teacher.
e. Plagiarism and other forms of academic dishonesty.
f. Leaking examination questions to other student/s.
g. Having somebody else take an examination or test or prepare a required report or assignment. If both parties are students, both are liable.",1st Offense,"Category 2 (Formative Intervention: University Service, Counseling, Discipline Education Program, & Evaluation) & 0.0 in the course"
A student asked their friend to sit for their midterm exam.,Academic Dishonesty or Fraudulent Acts,"Cheating or academic dishonesty, in online or face-to face settings, before or during an examination, such as quizzes, long tests, written reports including papers, case analysis, experiments, or assignments required. Any form of cheating, including the following acts, shall be dealt with a penalty by the faculty, proctor, and the Dean of the college to which the student belongs. The case should also be filed in writing to the SDO for proper documentation and processing.
a. Unauthorized possession of notes or any material related to the examination, whether the student used them or not.
b. Copying or allowing another student to copy during the examination.
c. Glancing or looking at another student’s examination papers, allowing another student to glance or look at their examination paper.
d. Communicating with other students and using any electronic device during the examination without permission from the proctor/teacher.
e. Plagiarism and other forms of academic dishonesty.
f. Leaking examination questions to other student/s.
g. Having somebody else take an examination or test or prepare a required report or assignment. If both parties are students, both are liable.",1st Offense,"Category 2 (Formative Intervention: University Service, Counseling, Discipline Education Program, & Evaluation) & 0.0 in the course"
A student was found with notes hidden inside their calculator case.,Academic Dishonesty or Fraudulent Acts,"Cheating or academic dishonesty, in online or face-to face settings, before or during an examination, such as quizzes, long tests, written reports including papers, case analysis, experiments, or assignments required. Any form of cheating, including the following acts, shall be dealt with a penalty by the faculty, proctor, and the Dean of the college to which the student belongs. The case should also be filed in writing to the SDO for proper documentation and processing.
a. Unauthorized possession of notes or any material related to the examination, whether the student used them or not.
b. Copying or allowing another student to copy during the examination.
c. Glancing or looking at another student’s examination papers, allowing another student to glance or look at their examination paper.
d. Communicating with other students and using any electronic device during the examination without permission from the proctor/teacher.
e. Plagiarism and other forms of academic dishonesty.
f. Leaking examination questions to other student/s.
g. Having somebody else take an examination or test or prepare a required report or assignment. If both parties are students, both are liable.",2nd Offense,"Category 3 (Non-Readmission, denial of admission but is allowed to finish current term) & 0.0 in the course"
A student shared their homework answers in a group chat.,Academic Dishonesty or Fraudulent Acts,"Cheating or academic dishonesty, in online or face-to face settings, before or during an examination, such as quizzes, long tests, written reports including papers, case analysis, experiments, or assignments required. Any form of cheating, including the following acts, shall be dealt with a penalty by the faculty, proctor, and the Dean of the college to which the student belongs. The case should also be filed in writing to the SDO for proper documentation and processing.
a. Unauthorized possession of notes or any material related to the examination, whether the student used them or not.
b. Copying or allowing another student to copy during the examination.
c. Glancing or looking at another student’s examination papers, allowing another student to glance or look at their examination paper.
d. Communicating with other students and using any electronic device during the examination without permission from the proctor/teacher.
e. Plagiarism and other forms of academic dishonesty.
f. Leaking examination questions to other student/s.
g. Having somebody else take an examination or test or prepare a required report or assignment. If both parties are students, both are liable.",2nd Offense,"Category 3 (Non-Readmission, denial of admission but is allowed to finish current term) & 0.0 in the course"
A student looked at their neighbor’s answers during a timed exam.,Academic Dishonesty or Fraudulent Acts,"Cheating or academic dishonesty, in online or face-to face settings, before or during an examination, such as quizzes, long tests, written reports including papers, case analysis, experiments, or assignments required. Any form of cheating, including the following acts, shall be dealt with a penalty by the faculty, proctor, and the Dean of the college to which the student belongs. The case should also be filed in writing to the SDO for proper documentation and processing.
a. Unauthorized possession of notes or any material related to the examination, whether the student used them or not.
b. Copying or allowing another student to copy during the examination.
c. Glancing or looking at another student’s examination papers, allowing another student to glance or look at their examination paper.
d. Communicating with other students and using any electronic device during the examination without permission from the proctor/teacher.
e. Plagiarism and other forms of academic dishonesty.
f. Leaking examination questions to other student/s.
g. Having somebody else take an examination or test or prepare a required report or assignment. If both parties are students, both are liable.",2nd Offense,"Category 3 (Non-Readmission, denial of admission but is allowed to finish current term) & 0.0 in the course"
A student used their phone to message a friend for answers during a test.,Academic Dishonesty or Fraudulent Acts,"Cheating or academic dishonesty, in online or face-to face settings, before or during an examination, such as quizzes, long tests, written reports including papers, case analysis, experiments, or assignments required. Any form of cheating, including the following acts, shall be dealt with a penalty by the faculty, proctor, and the Dean of the college to which the student belongs. The case should also be filed in writing to the SDO for proper documentation and processing.
a. Unauthorized possession of notes or any material related to the examination, whether the student used them or not.
b. Copying or allowing another student to copy during the examination.
c. Glancing or looking at another student’s examination papers, allowing another student to glance or look at their examination paper.
d. Communicating with other students and using any electronic device during the examination without permission from the proctor/teacher.
e. Plagiarism and other forms of academic dishonesty.
f. Leaking examination questions to other student/s.
g. Having somebody else take an examination or test or prepare a required report or assignment. If both parties are students, both are liable.",2nd Offense,"Category 3 (Non-Readmission, denial of admission but is allowed to finish current term) & 0.0 in the course"
A student copied and pasted large portions of a published journal article into their research paper without citing it.,Academic Dishonesty or Fraudulent Acts,"Cheating or academic dishonesty, in online or face-to face settings, before or during an examination, such as quizzes, long tests, written reports including papers, case analysis, experiments, or assignments required. Any form of cheating, including the following acts, shall be dealt with a penalty by the faculty, proctor, and the Dean of the college to which the student belongs. The case should also be filed in writing to the SDO for proper documentation and processing.
a. Unauthorized possession of notes or any material related to the examination, whether the student used them or not.
b. Copying or allowing another student to copy during the examination.
c. Glancing or looking at another student’s examination papers, allowing another student to glance or look at their examination paper.
d. Communicating with other students and using any electronic device during the examination without permission from the proctor/teacher.
e. Plagiarism and other forms of academic dishonesty.
f. Leaking examination questions to other student/s.
g. Having somebody else take an examination or test or prepare a required report or assignment. If both parties are students, both are liable.",2nd Offense,"Category 3 (Non-Readmission, denial of admission but is allowed to finish current term) & 0.0 in the course"
A student leaked the final exam questions to classmates in a group chat.,Academic Dishonesty or Fraudulent Acts,"Cheating or academic dishonesty, in online or face-to face settings, before or during an examination, such as quizzes, long tests, written reports including papers, case analysis, experiments, or assignments required. Any form of cheating, including the following acts, shall be dealt with a penalty by the faculty, proctor, and the Dean of the college to which the student belongs. The case should also be filed in writing to the SDO for proper documentation and processing.
a. Unauthorized possession of notes or any material related to the examination, whether the student used them or not.
b. Copying or allowing another student to copy during the examination.
c. Glancing or looking at another student’s examination papers, allowing another student to glance or look at their examination paper.
d. Communicating with other students and using any electronic device during the examination without permission from the proctor/teacher.
e. Plagiarism and other forms of academic dishonesty.
f. Leaking examination questions to other student/s.
g. Having somebody else take an examination or test or prepare a required report or assignment. If both parties are students, both are liable.",2nd Offense,"Category 3 (Non-Readmission, denial of admission but is allowed to finish current term) & 0.0 in the course"
A student let another person take their final exam for them in an online class.,Academic Dishonesty or Fraudulent Acts,"Cheating or academic dishonesty, in online or face-to face settings, before or during an examination, such as quizzes, long tests, written reports including papers, case analysis, experiments, or assignments required. Any form of cheating, including the following acts, shall be dealt with a penalty by the faculty, proctor, and the Dean of the college to which the student belongs. The case should also be filed in writing to the SDO for proper documentation and processing.
a. Unauthorized possession of notes or any material related to the examination, whether the student used them or not.
b. Copying or allowing another student to copy during the examination.
c. Glancing or looking at another student’s examination papers, allowing another student to glance or look at their examination paper.
d. Communicating with other students and using any electronic device during the examination without permission from the proctor/teacher.
e. Plagiarism and other forms of academic dishonesty.
f. Leaking examination questions to other student/s.
g. Having somebody else take an examination or test or prepare a required report or assignment. If both parties are students, both are liable.",2nd Offense,"Category 3 (Non-Readmission, denial of admission but is allowed to finish current term) & 0.0 in the course"
A student was caught passing around notes during a test.,Academic Dishonesty or Fraudulent Acts,"Cheating or academic dishonesty, in online or face-to face settings, before or during an examination, such as quizzes, long tests, written reports including papers, case analysis, experiments, or assignments required. Any form of cheating, including the following acts, shall be dealt with a penalty by the faculty, proctor, and the Dean of the college to which the student belongs. The case should also be filed in writing to the SDO for proper documentation and processing.
a. Unauthorized possession of notes or any material related to the examination, whether the student used them or not.
b. Copying or allowing another student to copy during the examination.
c. Glancing or looking at another student’s examination papers, allowing another student to glance or look at their examination paper.
d. Communicating with other students and using any electronic device during the examination without permission from the proctor/teacher.
e. Plagiarism and other forms of academic dishonesty.
f. Leaking examination questions to other student/s.
g. Having somebody else take an examination or test or prepare a required report or assignment. If both parties are students, both are liable.",2nd Offense,"Category 3 (Non-Readmission, denial of admission but is allowed to finish current term) & 0.0 in the course"
A student asked another to share answers during an exam via text messages.,Academic Dishonesty or Fraudulent Acts,"Cheating or academic dishonesty, in online or face-to face settings, before or during an examination, such as quizzes, long tests, written reports including papers, case analysis, experiments, or assignments required. Any form of cheating, including the following acts, shall be dealt with a penalty by the faculty, proctor, and the Dean of the college to which the student belongs. The case should also be filed in writing to the SDO for proper documentation and processing.
a. Unauthorized possession of notes or any material related to the examination, whether the student used them or not.
b. Copying or allowing another student to copy during the examination.
c. Glancing or looking at another student’s examination papers, allowing another student to glance or look at their examination paper.
d. Communicating with other students and using any electronic device during the examination without permission from the proctor/teacher.
e. Plagiarism and other forms of academic dishonesty.
f. Leaking examination questions to other student/s.
g. Having somebody else take an examination or test or prepare a required report or assignment. If both parties are students, both are liable.",2nd Offense,"Category 3 (Non-Readmission, denial of admission but is allowed to finish current term) & 0.0 in the course"
A student plagiarized an entire essay for a course assignment.,Academic Dishonesty or Fraudulent Acts,"Cheating or academic dishonesty, in online or face-to face settings, before or during an examination, such as quizzes, long tests, written reports including papers, case analysis, experiments, or assignments required. Any form of cheating, including the following acts, shall be dealt with a penalty by the faculty, proctor, and the Dean of the college to which the student belongs. The case should also be filed in writing to the SDO for proper documentation and processing.
a. Unauthorized possession of notes or any material related to the examination, whether the student used them or not.
b. Copying or allowing another student to copy during the examination.
c. Glancing or looking at another student’s examination papers, allowing another student to glance or look at their examination paper.
d. Communicating with other students and using any electronic device during the examination without permission from the proctor/teacher.
e. Plagiarism and other forms of academic dishonesty.
f. Leaking examination questions to other student/s.
g. Having somebody else take an examination or test or prepare a required report or assignment. If both parties are students, both are liable.",2nd Offense,"Category 3 (Non-Readmission, denial of admission but is allowed to finish current term) & 0.0 in the course"
A student was caught leaking their midterm paper to a friend in another section.,Academic Dishonesty or Fraudulent Acts,"Cheating or academic dishonesty, in online or face-to face settings, before or during an examination, such as quizzes, long tests, written reports including papers, case analysis, experiments, or assignments required. Any form of cheating, including the following acts, shall be dealt with a penalty by the faculty, proctor, and the Dean of the college to which the student belongs. The case should also be filed in writing to the SDO for proper documentation and processing.
a. Unauthorized possession of notes or any material related to the examination, whether the student used them or not.
b. Copying or allowing another student to copy during the examination.
c. Glancing or looking at another student’s examination papers, allowing another student to glance or look at their examination paper.
d. Communicating with other students and using any electronic device during the examination without permission from the proctor/teacher.
e. Plagiarism and other forms of academic dishonesty.
f. Leaking examination questions to other student/s.
g. Having somebody else take an examination or test or prepare a required report or assignment. If both parties are students, both are liable.",2nd Offense,"Category 3 (Non-Readmission, denial of admission but is allowed to finish current term) & 0.0 in the course"
A student had someone else complete their entire project.,Academic Dishonesty or Fraudulent Acts,"Cheating or academic dishonesty, in online or face-to face settings, before or during an examination, such as quizzes, long tests, written reports including papers, case analysis, experiments, or assignments required. Any form of cheating, including the following acts, shall be dealt with a penalty by the faculty, proctor, and the Dean of the college to which the student belongs. The case should also be filed in writing to the SDO for proper documentation and processing.
a. Unauthorized possession of notes or any material related to the examination, whether the student used them or not.
b. Copying or allowing another student to copy during the examination.
c. Glancing or looking at another student’s examination papers, allowing another student to glance or look at their examination paper.
d. Communicating with other students and using any electronic device during the examination without permission from the proctor/teacher.
e. Plagiarism and other forms of academic dishonesty.
f. Leaking examination questions to other student/s.
g. Having somebody else take an examination or test or prepare a required report or assignment. If both parties are students, both are liable.",2nd Offense,"Category 3 (Non-Readmission, denial of admission but is allowed to finish current term) & 0.0 in the course"
A student looked over at another's exam during the midterm.,Academic Dishonesty or Fraudulent Acts,"Cheating or academic dishonesty, in online or face-to face settings, before or during an examination, such as quizzes, long tests, written reports including papers, case analysis, experiments, or assignments required. Any form of cheating, including the following acts, shall be dealt with a penalty by the faculty, proctor, and the Dean of the college to which the student belongs. The case should also be filed in writing to the SDO for proper documentation and processing.
a. Unauthorized possession of notes or any material related to the examination, whether the student used them or not.
b. Copying or allowing another student to copy during the examination.
c. Glancing or looking at another student’s examination papers, allowing another student to glance or look at their examination paper.
d. Communicating with other students and using any electronic device during the examination without permission from the proctor/teacher.
e. Plagiarism and other forms of academic dishonesty.
f. Leaking examination questions to other student/s.
g. Having somebody else take an examination or test or prepare a required report or assignment. If both parties are students, both are liable.",2nd Offense,"Category 3 (Non-Readmission, denial of admission but is allowed to finish current term) & 0.0 in the course"
A student used a hidden microphone to receive answers during an online test.,Academic Dishonesty or Fraudulent Acts,"Cheating or academic dishonesty, in online or face-to face settings, before or during an examination, such as quizzes, long tests, written reports including papers, case analysis, experiments, or assignments required. Any form of cheating, including the following acts, shall be dealt with a penalty by the faculty, proctor, and the Dean of the college to which the student belongs. The case should also be filed in writing to the SDO for proper documentation and processing.
a. Unauthorized possession of notes or any material related to the examination, whether the student used them or not.
b. Copying or allowing another student to copy during the examination.
c. Glancing or looking at another student’s examination papers, allowing another student to glance or look at their examination paper.
d. Communicating with other students and using any electronic device during the examination without permission from the proctor/teacher.
e. Plagiarism and other forms of academic dishonesty.
f. Leaking examination questions to other student/s.
g. Having somebody else take an examination or test or prepare a required report or assignment. If both parties are students, both are liable.",2nd Offense,"Category 3 (Non-Readmission, denial of admission but is allowed to finish current term) & 0.0 in the course"
A student copied directly from a peer’s report for their class project without giving credit.,Academic Dishonesty or Fraudulent Acts,"Cheating or academic dishonesty, in online or face-to face settings, before or during an examination, such as quizzes, long tests, written reports including papers, case analysis, experiments, or assignments required. Any form of cheating, including the following acts, shall be dealt with a penalty by the faculty, proctor, and the Dean of the college to which the student belongs. The case should also be filed in writing to the SDO for proper documentation and processing.
a. Unauthorized possession of notes or any material related to the examination, whether the student used them or not.
b. Copying or allowing another student to copy during the examination.
c. Glancing or looking at another student’s examination papers, allowing another student to glance or look at their examination paper.
d. Communicating with other students and using any electronic device during the examination without permission from the proctor/teacher.
e. Plagiarism and other forms of academic dishonesty.
f. Leaking examination questions to other student/s.
g. Having somebody else take an examination or test or prepare a required report or assignment. If both parties are students, both are liable.",2nd Offense,"Category 3 (Non-Readmission, denial of admission but is allowed to finish current term) & 0.0 in the course"
A student leaked their teacher’s planned quiz to the class group chat.,Academic Dishonesty or Fraudulent Acts,"Cheating or academic dishonesty, in online or face-to face settings, before or during an examination, such as quizzes, long tests, written reports including papers, case analysis, experiments, or assignments required. Any form of cheating, including the following acts, shall be dealt with a penalty by the faculty, proctor, and the Dean of the college to which the student belongs. The case should also be filed in writing to the SDO for proper documentation and processing.
a. Unauthorized possession of notes or any material related to the examination, whether the student used them or not.
b. Copying or allowing another student to copy during the examination.
c. Glancing or looking at another student’s examination papers, allowing another student to glance or look at their examination paper.
d. Communicating with other students and using any electronic device during the examination without permission from the proctor/teacher.
e. Plagiarism and other forms of academic dishonesty.
f. Leaking examination questions to other student/s.
g. Having somebody else take an examination or test or prepare a required report or assignment. If both parties are students, both are liable.",2nd Offense,"Category 3 (Non-Readmission, denial of admission but is allowed to finish current term) & 0.0 in the course"
A student arranged for another person to take their exam during a proctored session.,Academic Dishonesty or Fraudulent Acts,"Cheating or academic dishonesty, in online or face-to face settings, before or during an examination, such as quizzes, long tests, written reports including papers, case analysis, experiments, or assignments required. Any form of cheating, including the following acts, shall be dealt with a penalty by the faculty, proctor, and the Dean of the college to which the student belongs. The case should also be filed in writing to the SDO for proper documentation and processing.
a. Unauthorized possession of notes or any material related to the examination, whether the student used them or not.
b. Copying or allowing another student to copy during the examination.
c. Glancing or looking at another student’s examination papers, allowing another student to glance or look at their examination paper.
d. Communicating with other students and using any electronic device during the examination without permission from the proctor/teacher.
e. Plagiarism and other forms of academic dishonesty.
f. Leaking examination questions to other student/s.
g. Having somebody else take an examination or test or prepare a required report or assignment. If both parties are students, both are liable.",1st Offense,"Category 2 (Formative Intervention: University Service, Counseling, Discipline Education Program, & Evaluation) & 0.0 in the course"
A student used a tablet to browse the internet during an online exam.,Academic Dishonesty or Fraudulent Acts,"Cheating or academic dishonesty, in online or face-to face settings, before or during an examination, such as quizzes, long tests, written reports including papers, case analysis, experiments, or assignments required. Any form of cheating, including the following acts, shall be dealt with a penalty by the faculty, proctor, and the Dean of the college to which the student belongs. The case should also be filed in writing to the SDO for proper documentation and processing.
a. Unauthorized possession of notes or any material related to the examination, whether the student used them or not.
b. Copying or allowing another student to copy during the examination.
c. Glancing or looking at another student’s examination papers, allowing another student to glance or look at their examination paper.
d. Communicating with other students and using any electronic device during the examination without permission from the proctor/teacher.
e. Plagiarism and other forms of academic dishonesty.
f. Leaking examination questions to other student/s.
g. Having somebody else take an examination or test or prepare a required report or assignment. If both parties are students, both are liable.",1st Offense,"Category 2 (Formative Intervention: University Service, Counseling, Discipline Education Program, & Evaluation) & 0.0 in the course"
A student took pictures of their exam paper and sent it to a friend.,Academic Dishonesty or Fraudulent Acts,"Cheating or academic dishonesty, in online or face-to face settings, before or during an examination, such as quizzes, long tests, written reports including papers, case analysis, experiments, or assignments required. Any form of cheating, including the following acts, shall be dealt with a penalty by the faculty, proctor, and the Dean of the college to which the student belongs. The case should also be filed in writing to the SDO for proper documentation and processing.
a. Unauthorized possession of notes or any material related to the examination, whether the student used them or not.
b. Copying or allowing another student to copy during the examination.
c. Glancing or looking at another student’s examination papers, allowing another student to glance or look at their examination paper.
d. Communicating with other students and using any electronic device during the examination without permission from the proctor/teacher.
e. Plagiarism and other forms of academic dishonesty.
f. Leaking examination questions to other student/s.
g. Having somebody else take an examination or test or prepare a required report or assignment. If both parties are students, both are liable.",1st Offense,"Category 2 (Formative Intervention: University Service, Counseling, Discipline Education Program, & Evaluation) & 0.0 in the course"
A student was caught viewing online solutions to a problem during a math exam.,Academic Dishonesty or Fraudulent Acts,"Cheating or academic dishonesty, in online or face-to face settings, before or during an examination, such as quizzes, long tests, written reports including papers, case analysis, experiments, or assignments required. Any form of cheating, including the following acts, shall be dealt with a penalty by the faculty, proctor, and the Dean of the college to which the student belongs. The case should also be filed in writing to the SDO for proper documentation and processing.
a. Unauthorized possession of notes or any material related to the examination, whether the student used them or not.
b. Copying or allowing another student to copy during the examination.
c. Glancing or looking at another student’s examination papers, allowing another student to glance or look at their examination paper.
d. Communicating with other students and using any electronic device during the examination without permission from the proctor/teacher.
e. Plagiarism and other forms of academic dishonesty.
f. Leaking examination questions to other student/s.
g. Having somebody else take an examination or test or prepare a required report or assignment. If both parties are students, both are liable.",1st Offense,"Category 2 (Formative Intervention: University Service, Counseling, Discipline Education Program, & Evaluation) & 0.0 in the course"
A student submitted an assignment that was plagiarized from a website.,Academic Dishonesty or Fraudulent Acts,"Cheating or academic dishonesty, in online or face-to face settings, before or during an examination, such as quizzes, long tests, written reports including papers, case analysis, experiments, or assignments required. Any form of cheating, including the following acts, shall be dealt with a penalty by the faculty, proctor, and the Dean of the college to which the student belongs. The case should also be filed in writing to the SDO for proper documentation and processing.
a. Unauthorized possession of notes or any material related to the examination, whether the student used them or not.
b. Copying or allowing another student to copy during the examination.
c. Glancing or looking at another student’s examination papers, allowing another student to glance or look at their examination paper.
d. Communicating with other students and using any electronic device during the examination without permission from the proctor/teacher.
e. Plagiarism and other forms of academic dishonesty.
f. Leaking examination questions to other student/s.
g. Having somebody else take an examination or test or prepare a required report or assignment. If both parties are students, both are liable.",1st Offense,"Category 2 (Formative Intervention: University Service, Counseling, Discipline Education Program, & Evaluation) & 0.0 in the course"
A student copied all their homework from a peer without doing their own work.,Academic Dishonesty or Fraudulent Acts,"Cheating or academic dishonesty, in online or face-to face settings, before or during an examination, such as quizzes, long tests, written reports including papers, case analysis, experiments, or assignments required. Any form of cheating, including the following acts, shall be dealt with a penalty by the faculty, proctor, and the Dean of the college to which the student belongs. The case should also be filed in writing to the SDO for proper documentation and processing.
a. Unauthorized possession of notes or any material related to the examination, whether the student used them or not.
b. Copying or allowing another student to copy during the examination.
c. Glancing or looking at another student’s examination papers, allowing another student to glance or look at their examination paper.
d. Communicating with other students and using any electronic device during the examination without permission from the proctor/teacher.
e. Plagiarism and other forms of academic dishonesty.
f. Leaking examination questions to other student/s.
g. Having somebody else take an examination or test or prepare a required report or assignment. If both parties are students, both are liable.",1st Offense,"Category 2 (Formative Intervention: University Service, Counseling, Discipline Education Program, & Evaluation) & 0.0 in the course"
A student was caught cheating on their exam using a small device hidden under the desk.,Academic Dishonesty or Fraudulent Acts,"Cheating or academic dishonesty, in online or face-to face settings, before or during an examination, such as quizzes, long tests, written reports including papers, case analysis, experiments, or assignments required. Any form of cheating, including the following acts, shall be dealt with a penalty by the faculty, proctor, and the Dean of the college to which the student belongs. The case should also be filed in writing to the SDO for proper documentation and processing.
a. Unauthorized possession of notes or any material related to the examination, whether the student used them or not.
b. Copying or allowing another student to copy during the examination.
c. Glancing or looking at another student’s examination papers, allowing another student to glance or look at their examination paper.
d. Communicating with other students and using any electronic device during the examination without permission from the proctor/teacher.
e. Plagiarism and other forms of academic dishonesty.
f. Leaking examination questions to other student/s.
g. Having somebody else take an examination or test or prepare a required report or assignment. If both parties are students, both are liable.",1st Offense,"Category 2 (Formative Intervention: University Service, Counseling, Discipline Education Program, & Evaluation) & 0.0 in the course"
A student plagiarized an entire paper and passed it off as their own.,Academic Dishonesty or Fraudulent Acts,"Cheating or academic dishonesty, in online or face-to face settings, before or during an examination, such as quizzes, long tests, written reports including papers, case analysis, experiments, or assignments required. Any form of cheating, including the following acts, shall be dealt with a penalty by the faculty, proctor, and the Dean of the college to which the student belongs. The case should also be filed in writing to the SDO for proper documentation and processing.
a. Unauthorized possession of notes or any material related to the examination, whether the student used them or not.
b. Copying or allowing another student to copy during the examination.
c. Glancing or looking at another student’s examination papers, allowing another student to glance or look at their examination paper.
d. Communicating with other students and using any electronic device during the examination without permission from the proctor/teacher.
e. Plagiarism and other forms of academic dishonesty.
f. Leaking examination questions to other student/s.
g. Having somebody else take an examination or test or prepare a required report or assignment. If both parties are students, both are liable.",1st Offense,"Category 2 (Formative Intervention: University Service, Counseling, Discipline Education Program, & Evaluation) & 0.0 in the course"
A student was found with notes hidden inside their jacket sleeve.,Academic Dishonesty or Fraudulent Acts,"Cheating or academic dishonesty, in online or face-to face settings, before or during an examination, such as quizzes, long tests, written reports including papers, case analysis, experiments, or assignments required. Any form of cheating, including the following acts, shall be dealt with a penalty by the faculty, proctor, and the Dean of the college to which the student belongs. The case should also be filed in writing to the SDO for proper documentation and processing.
a. Unauthorized possession of notes or any material related to the examination, whether the student used them or not.
b. Copying or allowing another student to copy during the examination.
c. Glancing or looking at another student’s examination papers, allowing another student to glance or look at their examination paper.
d. Communicating with other students and using any electronic device during the examination without permission from the proctor/teacher.
e. Plagiarism and other forms of academic dishonesty.
f. Leaking examination questions to other student/s.
g. Having somebody else take an examination or test or prepare a required report or assignment. If both parties are students, both are liable.",1st Offense,"Category 2 (Formative Intervention: University Service, Counseling, Discipline Education Program, & Evaluation) & 0.0 in the course"
A student was caught stealing another student’s laptop from the library.,Academic Dishonesty or Fraudulent Acts,"Unjust enrichment or stealing whether attempted, frustrated or consummated.",1st Offense,"Category 3 (Non-Readmission, denial of admission but is allowed to finish current term)"
A student was discovered attempting to steal cash from a classmate’s backpack.,Academic Dishonesty or Fraudulent Acts,"Unjust enrichment or stealing whether attempted, frustrated or consummated.",1st Offense,"Category 3 (Non-Readmission, denial of admission but is allowed to finish current term)"
A student stole a phone from the campus lost and found.,Academic Dishonesty or Fraudulent Acts,"Unjust enrichment or stealing whether attempted, frustrated or consummated.",1st Offense,"Category 3 (Non-Readmission, denial of admission but is allowed to finish current term)"
A student took another student’s lunch from the cafeteria fridge without permission.,Academic Dishonesty or Fraudulent Acts,"Unjust enrichment or stealing whether attempted, frustrated or consummated.",1st Offense,"Category 3 (Non-Readmission, denial of admission but is allowed to finish current term)"
A student tried to steal exam answers by accessing a professor’s office computer.,Academic Dishonesty or Fraudulent Acts,"Unjust enrichment or stealing whether attempted, frustrated or consummated.",1st Offense,"Category 3 (Non-Readmission, denial of admission but is allowed to finish current term)"
A student was caught pocketing supplies from a lab storage cabinet.,Academic Dishonesty or Fraudulent Acts,"Unjust enrichment or stealing whether attempted, frustrated or consummated.",1st Offense,"Category 3 (Non-Readmission, denial of admission but is allowed to finish current term)"
A student was found attempting to take someone else's jacket from the locker room.,Academic Dishonesty or Fraudulent Acts,"Unjust enrichment or stealing whether attempted, frustrated or consummated.",1st Offense,"Category 3 (Non-Readmission, denial of admission but is allowed to finish current term)"
A student took their classmate’s notes and claimed them as their own.,Academic Dishonesty or Fraudulent Acts,"Unjust enrichment or stealing whether attempted, frustrated or consummated.",1st Offense,"Category 3 (Non-Readmission, denial of admission but is allowed to finish current term)"
A student attempted to steal money from a fundraiser event on campus.,Academic Dishonesty or Fraudulent Acts,"Unjust enrichment or stealing whether attempted, frustrated or consummated.",1st Offense,"Category 3 (Non-Readmission, denial of admission but is allowed to finish current term)"
A student took another student’s library book and hid it to prevent them from completing an assignment.,Academic Dishonesty or Fraudulent Acts,"Unjust enrichment or stealing whether attempted, frustrated or consummated.",1st Offense,"Category 3 (Non-Readmission, denial of admission but is allowed to finish current term)"
A student was found stealing a projector from a classroom.,Academic Dishonesty or Fraudulent Acts,"Unjust enrichment or stealing whether attempted, frustrated or consummated.",1st Offense,"Category 3 (Non-Readmission, denial of admission but is allowed to finish current term)"
A student was caught taking money from a classmate’s wallet in the dormitory.,Academic Dishonesty or Fraudulent Acts,"Unjust enrichment or stealing whether attempted, frustrated or consummated.",1st Offense,"Category 3 (Non-Readmission, denial of admission but is allowed to finish current term)"
A student attempted to steal a donation box from a campus charity event.,Academic Dishonesty or Fraudulent Acts,"Unjust enrichment or stealing whether attempted, frustrated or consummated.",1st Offense,"Category 3 (Non-Readmission, denial of admission but is allowed to finish current term)"
A student took a textbook from a classmate’s desk and tried to sell it to another student.,Academic Dishonesty or Fraudulent Acts,"Unjust enrichment or stealing whether attempted, frustrated or consummated.",1st Offense,"Category 3 (Non-Readmission, denial of admission but is allowed to finish current term)"
A student was caught stealing a pair of headphones from the library’s media center.,Academic Dishonesty or Fraudulent Acts,"Unjust enrichment or stealing whether attempted, frustrated or consummated.",1st Offense,"Category 3 (Non-Readmission, denial of admission but is allowed to finish current term)"
A student stole another student's USB drive with their project files on it.,Academic Dishonesty or Fraudulent Acts,"Unjust enrichment or stealing whether attempted, frustrated or consummated.",1st Offense,"Category 3 (Non-Readmission, denial of admission but is allowed to finish current term)"
A student took another student’s exam paper off the teacher’s desk and altered the grade.,Academic Dishonesty or Fraudulent Acts,"Unjust enrichment or stealing whether attempted, frustrated or consummated.",1st Offense,"Category 3 (Non-Readmission, denial of admission but is allowed to finish current term)"
A student tried to steal the contents of another student's locker.,Academic Dishonesty or Fraudulent Acts,"Unjust enrichment or stealing whether attempted, frustrated or consummated.",1st Offense,"Category 3 (Non-Readmission, denial of admission but is allowed to finish current term)"
A student was caught attempting to steal a university printer cartridge.,Academic Dishonesty or Fraudulent Acts,"Unjust enrichment or stealing whether attempted, frustrated or consummated.",1st Offense,"Category 3 (Non-Readmission, denial of admission but is allowed to finish current term)"
A student stole a classmate’s term paper to submit it as their own.,Academic Dishonesty or Fraudulent Acts,"Unjust enrichment or stealing whether attempted, frustrated or consummated.",1st Offense,"Category 3 (Non-Readmission, denial of admission but is allowed to finish current term)"
A student was caught trying to steal the contents of a teacher's desk drawer.,Academic Dishonesty or Fraudulent Acts,"Unjust enrichment or stealing whether attempted, frustrated or consummated.",1st Offense,"Category 3 (Non-Readmission, denial of admission but is allowed to finish current term)"
A student stole art supplies from the school’s art room.,Academic Dishonesty or Fraudulent Acts,"Unjust enrichment or stealing whether attempted, frustrated or consummated.",1st Offense,"Category 3 (Non-Readmission, denial of admission but is allowed to finish current term)"
A student attempted to take a classmate’s completed exam sheet from their desk after class.,Academic Dishonesty or Fraudulent Acts,"Unjust enrichment or stealing whether attempted, frustrated or consummated.",1st Offense,"Category 3 (Non-Readmission, denial of admission but is allowed to finish current term)"
A student tried to steal lab materials from the science department’s storage room.,Academic Dishonesty or Fraudulent Acts,"Unjust enrichment or stealing whether attempted, frustrated or consummated.",1st Offense,"Category 3 (Non-Readmission, denial of admission but is allowed to finish current term)"
A student took cash from the student organization's treasury box.,Academic Dishonesty or Fraudulent Acts,"Unjust enrichment or stealing whether attempted, frustrated or consummated.",1st Offense,"Category 3 (Non-Readmission, denial of admission but is allowed to finish current term)"
A student was found with a stolen research paper from another student’s locker.,Academic Dishonesty or Fraudulent Acts,"Unjust enrichment or stealing whether attempted, frustrated or consummated.",1st Offense,"Category 3 (Non-Readmission, denial of admission but is allowed to finish current term)"
A student attempted to steal a stack of exams from the professor's office.,Academic Dishonesty or Fraudulent Acts,"Unjust enrichment or stealing whether attempted, frustrated or consummated.",1st Offense,"Category 3 (Non-Readmission, denial of admission but is allowed to finish current term)"
A student tried to take a peer’s laptop from the university computer lab.,Academic Dishonesty or Fraudulent Acts,"Unjust enrichment or stealing whether attempted, frustrated or consummated.",1st Offense,"Category 3 (Non-Readmission, denial of admission but is allowed to finish current term)"
A student was caught trying to steal a rare book from the university archives.,Academic Dishonesty or Fraudulent Acts,"Unjust enrichment or stealing whether attempted, frustrated or consummated.",1st Offense,"Category 3 (Non-Readmission, denial of admission but is allowed to finish current term)"
A student stole lab samples for their personal project without authorization.,Academic Dishonesty or Fraudulent Acts,"Unjust enrichment or stealing whether attempted, frustrated or consummated.",1st Offense,"Category 3 (Non-Readmission, denial of admission but is allowed to finish current term)"
A student tried to steal money from a cash register in the campus bookstore.,Academic Dishonesty or Fraudulent Acts,"Unjust enrichment or stealing whether attempted, frustrated or consummated.",1st Offense,"Category 3 (Non-Readmission, denial of admission but is allowed to finish current term)"
A student attempted to take another student's identification card from a classroom desk.,Academic Dishonesty or Fraudulent Acts,"Unjust enrichment or stealing whether attempted, frustrated or consummated.",1st Offense,"Category 3 (Non-Readmission, denial of admission but is allowed to finish current term)"
A student tried to steal computer accessories from the university’s IT lab.,Academic Dishonesty or Fraudulent Acts,"Unjust enrichment or stealing whether attempted, frustrated or consummated.",1st Offense,"Category 3 (Non-Readmission, denial of admission but is allowed to finish current term)"
A student took a music instrument from the campus auditorium and tried to sell it.,Academic Dishonesty or Fraudulent Acts,"Unjust enrichment or stealing whether attempted, frustrated or consummated.",1st Offense,"Category 3 (Non-Readmission, denial of admission but is allowed to finish current term)"
A student was caught stealing equipment from the university's sports center.,Academic Dishonesty or Fraudulent Acts,"Unjust enrichment or stealing whether attempted, frustrated or consummated.",1st Offense,"Category 3 (Non-Readmission, denial of admission but is allowed to finish current term)"
A student was caught attempting to steal a camera from the school's journalism department.,Academic Dishonesty or Fraudulent Acts,"Unjust enrichment or stealing whether attempted, frustrated or consummated.",1st Offense,"Category 3 (Non-Readmission, denial of admission but is allowed to finish current term)"
A student tried to steal lab experiment results from the classroom.,Academic Dishonesty or Fraudulent Acts,"Unjust enrichment or stealing whether attempted, frustrated or consummated.",1st Offense,"Category 3 (Non-Readmission, denial of admission but is allowed to finish current term)"
A student attempted to steal food supplies from the campus cafeteria’s storage room.,Academic Dishonesty or Fraudulent Acts,"Unjust enrichment or stealing whether attempted, frustrated or consummated.",1st Offense,"Category 3 (Non-Readmission, denial of admission but is allowed to finish current term)"
A student stole equipment from the campus gym for personal use.,Academic Dishonesty or Fraudulent Acts,"Unjust enrichment or stealing whether attempted, frustrated or consummated.",1st Offense,"Category 3 (Non-Readmission, denial of admission but is allowed to finish current term)"
A student was found taking materials from the university’s media lab without permission.,Academic Dishonesty or Fraudulent Acts,"Unjust enrichment or stealing whether attempted, frustrated or consummated.",1st Offense,"Category 3 (Non-Readmission, denial of admission but is allowed to finish current term)"
A student tried to steal a projector from a lecture hall.,Academic Dishonesty or Fraudulent Acts,"Unjust enrichment or stealing whether attempted, frustrated or consummated.",1st Offense,"Category 3 (Non-Readmission, denial of admission but is allowed to finish current term)"
A student charged classmates for a service that the school provides for free.,Academic Dishonesty or Fraudulent Acts,"Unauthorized collection or exaction of money, checks, or other instruments as equivalent of money in connection with matters pertaining to the University.",1st Offense,"Category 3 (Non-Readmission, denial of admission but is allowed to finish current term)"
A student solicited funds for a fake charity event.,Academic Dishonesty or Fraudulent Acts,"Unauthorized collection or exaction of money, checks, or other instruments as equivalent of money in connection with matters pertaining to the University.",1st Offense,"Category 3 (Non-Readmission, denial of admission but is allowed to finish current term)"
A student falsely claimed to represent the school to collect money from peers.,Academic Dishonesty or Fraudulent Acts,"Unauthorized collection or exaction of money, checks, or other instruments as equivalent of money in connection with matters pertaining to the University.",1st Offense,"Category 3 (Non-Readmission, denial of admission but is allowed to finish current term)"
A student collected fees for an unapproved class trip.,Academic Dishonesty or Fraudulent Acts,"Unauthorized collection or exaction of money, checks, or other instruments as equivalent of money in connection with matters pertaining to the University.",1st Offense,"Category 3 (Non-Readmission, denial of admission but is allowed to finish current term)"
"A student demanded payment from freshmen, promising academic help in return, which they didn’t deliver.",Academic Dishonesty or Fraudulent Acts,"Unauthorized collection or exaction of money, checks, or other instruments as equivalent of money in connection with matters pertaining to the University.",1st Offense,"Category 3 (Non-Readmission, denial of admission but is allowed to finish current term)"
"A student charged students for notes, falsely claiming it was part of official class materials.",Academic Dishonesty or Fraudulent Acts,"Unauthorized collection or exaction of money, checks, or other instruments as equivalent of money in connection with matters pertaining to the University.",1st Offense,"Category 3 (Non-Readmission, denial of admission but is allowed to finish current term)"
A student collected a fake “graduation fee” from classmates.,Academic Dishonesty or Fraudulent Acts,"Unauthorized collection or exaction of money, checks, or other instruments as equivalent of money in connection with matters pertaining to the University.",1st Offense,"Category 3 (Non-Readmission, denial of admission but is allowed to finish current term)"
A student was found collecting donations for an event that never took place.,Academic Dishonesty or Fraudulent Acts,"Unauthorized collection or exaction of money, checks, or other instruments as equivalent of money in connection with matters pertaining to the University.",1st Offense,"Category 3 (Non-Readmission, denial of admission but is allowed to finish current term)"
"A student accepted money in exchange for helping students pass their exams, which was a scam.",Academic Dishonesty or Fraudulent Acts,"Unauthorized collection or exaction of money, checks, or other instruments as equivalent of money in connection with matters pertaining to the University.",1st Offense,"Category 3 (Non-Readmission, denial of admission but is allowed to finish current term)"
A student charged peers for access to shared study materials they did not create.,Academic Dishonesty or Fraudulent Acts,"Unauthorized collection or exaction of money, checks, or other instruments as equivalent of money in connection with matters pertaining to the University.",1st Offense,"Category 3 (Non-Readmission, denial of admission but is allowed to finish current term)"
A student collected fees from peers for an unapproved study group session.,Academic Dishonesty or Fraudulent Acts,"Unauthorized collection or exaction of money, checks, or other instruments as equivalent of money in connection with matters pertaining to the University.",1st Offense,"Category 3 (Non-Readmission, denial of admission but is allowed to finish current term)"
A student charged classmates for submitting their assignments on their behalf.,Academic Dishonesty or Fraudulent Acts,"Unauthorized collection or exaction of money, checks, or other instruments as equivalent of money in connection with matters pertaining to the University.",1st Offense,"Category 3 (Non-Readmission, denial of admission but is allowed to finish current term)"
A student collected money for a “group project fund” but did not use it for the intended project.,Academic Dishonesty or Fraudulent Acts,"Unauthorized collection or exaction of money, checks, or other instruments as equivalent of money in connection with matters pertaining to the University.",1st Offense,"Category 3 (Non-Readmission, denial of admission but is allowed to finish current term)"
A student accepted payments from classmates for falsifying attendance records.,Academic Dishonesty or Fraudulent Acts,"Unauthorized collection or exaction of money, checks, or other instruments as equivalent of money in connection with matters pertaining to the University.",1st Offense,"Category 3 (Non-Readmission, denial of admission but is allowed to finish current term)"
A student collected exam fees without approval and kept the money.,Academic Dishonesty or Fraudulent Acts,"Unauthorized collection or exaction of money, checks, or other instruments as equivalent of money in connection with matters pertaining to the University.",1st Offense,"Category 3 (Non-Readmission, denial of admission but is allowed to finish current term)"
"A student charged new students for an orientation session, which was supposed to be free.",Academic Dishonesty or Fraudulent Acts,"Unauthorized collection or exaction of money, checks, or other instruments as equivalent of money in connection with matters pertaining to the University.",1st Offense,"Category 3 (Non-Readmission, denial of admission but is allowed to finish current term)"
A student organized a party claiming it was school-sanctioned and collected ticket money without approval.,Academic Dishonesty or Fraudulent Acts,"Unauthorized collection or exaction of money, checks, or other instruments as equivalent of money in connection with matters pertaining to the University.",1st Offense,"Category 3 (Non-Readmission, denial of admission but is allowed to finish current term)"
A student asked for donations for a fake club that did not exist.,Academic Dishonesty or Fraudulent Acts,"Unauthorized collection or exaction of money, checks, or other instruments as equivalent of money in connection with matters pertaining to the University.",1st Offense,"Category 3 (Non-Readmission, denial of admission but is allowed to finish current term)"
A student falsely collected funds for what they claimed to be a school-sponsored event.,Academic Dishonesty or Fraudulent Acts,"Unauthorized collection or exaction of money, checks, or other instruments as equivalent of money in connection with matters pertaining to the University.",1st Offense,"Category 3 (Non-Readmission, denial of admission but is allowed to finish current term)"
A student demanded classmates pay for membership to an unofficial organization.,Academic Dishonesty or Fraudulent Acts,"Unauthorized collection or exaction of money, checks, or other instruments as equivalent of money in connection with matters pertaining to the University.",1st Offense,"Category 3 (Non-Readmission, denial of admission but is allowed to finish current term)"
A student accepted bribes from classmates to reserve front-row seats for an event.,Academic Dishonesty or Fraudulent Acts,"Unauthorized collection or exaction of money, checks, or other instruments as equivalent of money in connection with matters pertaining to the University.",1st Offense,"Category 3 (Non-Readmission, denial of admission but is allowed to finish current term)"
A student collected additional fees for a mandatory class event without informing the administration.,Academic Dishonesty or Fraudulent Acts,"Unauthorized collection or exaction of money, checks, or other instruments as equivalent of money in connection with matters pertaining to the University.",1st Offense,"Category 3 (Non-Readmission, denial of admission but is allowed to finish current term)"
A student was caught charging classmates for rides to campus events organized by the university.,Academic Dishonesty or Fraudulent Acts,"Unauthorized collection or exaction of money, checks, or other instruments as equivalent of money in connection with matters pertaining to the University.",1st Offense,"Category 3 (Non-Readmission, denial of admission but is allowed to finish current term)"
"A student collected money from peers to reserve study rooms, which are free.",Academic Dishonesty or Fraudulent Acts,"Unauthorized collection or exaction of money, checks, or other instruments as equivalent of money in connection with matters pertaining to the University.",1st Offense,"Category 3 (Non-Readmission, denial of admission but is allowed to finish current term)"
A student collected fees for a study guide that was freely available online.,Academic Dishonesty or Fraudulent Acts,"Unauthorized collection or exaction of money, checks, or other instruments as equivalent of money in connection with matters pertaining to the University.",1st Offense,"Category 3 (Non-Readmission, denial of admission but is allowed to finish current term)"
A student created a fake class fund and collected money from peers.,Academic Dishonesty or Fraudulent Acts,"Unauthorized collection or exaction of money, checks, or other instruments as equivalent of money in connection with matters pertaining to the University.",1st Offense,"Category 3 (Non-Readmission, denial of admission but is allowed to finish current term)"
"A student requested payments from new students for access to study groups, despite them being free.",Academic Dishonesty or Fraudulent Acts,"Unauthorized collection or exaction of money, checks, or other instruments as equivalent of money in connection with matters pertaining to the University.",1st Offense,"Category 3 (Non-Readmission, denial of admission but is allowed to finish current term)"
"A student collected a fee from students for photocopying services, which were free.",Academic Dishonesty or Fraudulent Acts,"Unauthorized collection or exaction of money, checks, or other instruments as equivalent of money in connection with matters pertaining to the University.",1st Offense,"Category 3 (Non-Readmission, denial of admission but is allowed to finish current term)"
"A student accepted money to submit assignments for their classmates, which violated school policies.",Academic Dishonesty or Fraudulent Acts,"Unauthorized collection or exaction of money, checks, or other instruments as equivalent of money in connection with matters pertaining to the University.",1st Offense,"Category 3 (Non-Readmission, denial of admission but is allowed to finish current term)"
A student collected exam “review” fees without the teacher’s knowledge or approval.,Academic Dishonesty or Fraudulent Acts,"Unauthorized collection or exaction of money, checks, or other instruments as equivalent of money in connection with matters pertaining to the University.",1st Offense,"Category 3 (Non-Readmission, denial of admission but is allowed to finish current term)"
"A student claimed they needed money for a class trip and collected funds, but the trip did not exist.",Academic Dishonesty or Fraudulent Acts,"Unauthorized collection or exaction of money, checks, or other instruments as equivalent of money in connection with matters pertaining to the University.",1st Offense,"Category 3 (Non-Readmission, denial of admission but is allowed to finish current term)"
A student sold tickets to an event that was free for students.,Academic Dishonesty or Fraudulent Acts,"Unauthorized collection or exaction of money, checks, or other instruments as equivalent of money in connection with matters pertaining to the University.",1st Offense,"Category 3 (Non-Readmission, denial of admission but is allowed to finish current term)"
A student collected money for a team project and kept it for personal use.,Academic Dishonesty or Fraudulent Acts,"Unauthorized collection or exaction of money, checks, or other instruments as equivalent of money in connection with matters pertaining to the University.",1st Offense,"Category 3 (Non-Readmission, denial of admission but is allowed to finish current term)"
A student charged classmates for access to shared lockers that were supposed to be free.,Academic Dishonesty or Fraudulent Acts,"Unauthorized collection or exaction of money, checks, or other instruments as equivalent of money in connection with matters pertaining to the University.",1st Offense,"Category 3 (Non-Readmission, denial of admission but is allowed to finish current term)"
A student requested payments from peers for organizing a free school event.,Academic Dishonesty or Fraudulent Acts,"Unauthorized collection or exaction of money, checks, or other instruments as equivalent of money in connection with matters pertaining to the University.",1st Offense,"Category 3 (Non-Readmission, denial of admission but is allowed to finish current term)"
A student collected donations for a project that was not sanctioned by the school.,Academic Dishonesty or Fraudulent Acts,"Unauthorized collection or exaction of money, checks, or other instruments as equivalent of money in connection with matters pertaining to the University.",1st Offense,"Category 3 (Non-Readmission, denial of admission but is allowed to finish current term)"
A student accepted money to influence the seating arrangements for an event.,Academic Dishonesty or Fraudulent Acts,"Unauthorized collection or exaction of money, checks, or other instruments as equivalent of money in connection with matters pertaining to the University.",1st Offense,"Category 3 (Non-Readmission, denial of admission but is allowed to finish current term)"
A student charged peers to enter an event that was meant to be free for students.,Academic Dishonesty or Fraudulent Acts,"Unauthorized collection or exaction of money, checks, or other instruments as equivalent of money in connection with matters pertaining to the University.",1st Offense,"Category 3 (Non-Readmission, denial of admission but is allowed to finish current term)"
A student falsely collected money for a non-existent textbook fund.,Academic Dishonesty or Fraudulent Acts,"Unauthorized collection or exaction of money, checks, or other instruments as equivalent of money in connection with matters pertaining to the University.",1st Offense,"Category 3 (Non-Readmission, denial of admission but is allowed to finish current term)"
A student collected payment from classmates for a group project but failed to provide proper receipts.,Academic Dishonesty or Fraudulent Acts,"Unauthorized collection or exaction of money, checks, or other instruments as equivalent of money in connection with matters pertaining to the University.",1st Offense,"Category 3 (Non-Readmission, denial of admission but is allowed to finish current term)"
A student solicited funds from peers for a personal event under the guise of a university-related activity.,Academic Dishonesty or Fraudulent Acts,"Unauthorized collection or exaction of money, checks, or other instruments as equivalent of money in connection with matters pertaining to the University.",1st Offense,"Category 3 (Non-Readmission, denial of admission but is allowed to finish current term)"
A student sold snacks and beverages in class without prior approval from the university.,Academic Dishonesty or Fraudulent Acts,"Selling items, engaging in business, or soliciting contributions or donations in campus without prior approval or authority.",1st Offense,"Category 2 (Formative Intervention: University Service, Counseling, Discipline Education Program, & Evaluation)"
A student set up a stall on campus selling homemade crafts without the necessary permits.,Academic Dishonesty or Fraudulent Acts,"Selling items, engaging in business, or soliciting contributions or donations in campus without prior approval or authority.",1st Offense,"Category 2 (Formative Intervention: University Service, Counseling, Discipline Education Program, & Evaluation)"
A student organized a fundraiser and sold tickets without obtaining permission from the administration.,Academic Dishonesty or Fraudulent Acts,"Selling items, engaging in business, or soliciting contributions or donations in campus without prior approval or authority.",1st Offense,"Category 2 (Formative Intervention: University Service, Counseling, Discipline Education Program, & Evaluation)"
A student sold secondhand textbooks on university grounds without official clearance.,Academic Dishonesty or Fraudulent Acts,"Selling items, engaging in business, or soliciting contributions or donations in campus without prior approval or authority.",1st Offense,"Category 2 (Formative Intervention: University Service, Counseling, Discipline Education Program, & Evaluation)"
A student sold event tickets to a campus concert without permission from the organizers or university.,Academic Dishonesty or Fraudulent Acts,"Selling items, engaging in business, or soliciting contributions or donations in campus without prior approval or authority.",1st Offense,"Category 2 (Formative Intervention: University Service, Counseling, Discipline Education Program, & Evaluation)"
A student sold university-branded apparel without prior approval from the administration.,Academic Dishonesty or Fraudulent Acts,"Selling items, engaging in business, or soliciting contributions or donations in campus without prior approval or authority.",1st Offense,"Category 2 (Formative Intervention: University Service, Counseling, Discipline Education Program, & Evaluation)"
A student was caught running a food business inside the dormitory without university consent.,Academic Dishonesty or Fraudulent Acts,"Selling items, engaging in business, or soliciting contributions or donations in campus without prior approval or authority.",1st Offense,"Category 2 (Formative Intervention: University Service, Counseling, Discipline Education Program, & Evaluation)"
A student organized an unofficial flea market on campus grounds without the administration’s knowledge.,Academic Dishonesty or Fraudulent Acts,"Selling items, engaging in business, or soliciting contributions or donations in campus without prior approval or authority.",1st Offense,"Category 2 (Formative Intervention: University Service, Counseling, Discipline Education Program, & Evaluation)"
A student promoted and sold digital products to peers via campus networks without permission.,Academic Dishonesty or Fraudulent Acts,"Selling items, engaging in business, or soliciting contributions or donations in campus without prior approval or authority.",1st Offense,"Category 2 (Formative Intervention: University Service, Counseling, Discipline Education Program, & Evaluation)"
A student ran an unauthorized business selling class notes for profit.,Academic Dishonesty or Fraudulent Acts,"Selling items, engaging in business, or soliciting contributions or donations in campus without prior approval or authority.",1st Offense,"Category 2 (Formative Intervention: University Service, Counseling, Discipline Education Program, & Evaluation)"
A student repeatedly sold snacks in class after being warned.,Academic Dishonesty or Fraudulent Acts,"Selling items, engaging in business, or soliciting contributions or donations in campus without prior approval or authority.",1st Offense,"Category 2 (Formative Intervention: University Service, Counseling, Discipline Education Program, & Evaluation)"
A student set up an online store for the sale of various items on campus despite previous warnings.,Academic Dishonesty or Fraudulent Acts,"Selling items, engaging in business, or soliciting contributions or donations in campus without prior approval or authority.",1st Offense,"Category 2 (Formative Intervention: University Service, Counseling, Discipline Education Program, & Evaluation)"
A student organized another unapproved fundraising event after a warning from the administration.,Academic Dishonesty or Fraudulent Acts,"Selling items, engaging in business, or soliciting contributions or donations in campus without prior approval or authority.",1st Offense,"Category 2 (Formative Intervention: University Service, Counseling, Discipline Education Program, & Evaluation)"
A student was caught selling unapproved merchandise for the second time during a campus event.,Academic Dishonesty or Fraudulent Acts,"Selling items, engaging in business, or soliciting contributions or donations in campus without prior approval or authority.",1st Offense,"Category 2 (Formative Intervention: University Service, Counseling, Discipline Education Program, & Evaluation)"
A student ran an unauthorized on-campus business after facing previous sanctions.,Academic Dishonesty or Fraudulent Acts,"Selling items, engaging in business, or soliciting contributions or donations in campus without prior approval or authority.",1st Offense,"Category 2 (Formative Intervention: University Service, Counseling, Discipline Education Program, & Evaluation)"
A student continued selling unauthorized class materials despite receiving a warning.,Academic Dishonesty or Fraudulent Acts,"Selling items, engaging in business, or soliciting contributions or donations in campus without prior approval or authority.",1st Offense,"Category 2 (Formative Intervention: University Service, Counseling, Discipline Education Program, & Evaluation)"
A student attempted to organize a second flea market on campus without proper authorization.,Academic Dishonesty or Fraudulent Acts,"Selling items, engaging in business, or soliciting contributions or donations in campus without prior approval or authority.",1st Offense,"Category 2 (Formative Intervention: University Service, Counseling, Discipline Education Program, & Evaluation)"
A student sold school supplies at a second unauthorized stand on campus.,Academic Dishonesty or Fraudulent Acts,"Selling items, engaging in business, or soliciting contributions or donations in campus without prior approval or authority.",1st Offense,"Category 2 (Formative Intervention: University Service, Counseling, Discipline Education Program, & Evaluation)"
A student organized another food sale on campus grounds without getting the required approval.,Academic Dishonesty or Fraudulent Acts,"Selling items, engaging in business, or soliciting contributions or donations in campus without prior approval or authority.",1st Offense,"Category 2 (Formative Intervention: University Service, Counseling, Discipline Education Program, & Evaluation)"
A student repeatedly engaged in unauthorized selling despite warnings.,Academic Dishonesty or Fraudulent Acts,"Selling items, engaging in business, or soliciting contributions or donations in campus without prior approval or authority.",1st Offense,"Category 2 (Formative Intervention: University Service, Counseling, Discipline Education Program, & Evaluation)"
A student attempted to sell tickets for a fake concert event on campus after a prior warning.,Academic Dishonesty or Fraudulent Acts,"Selling items, engaging in business, or soliciting contributions or donations in campus without prior approval or authority.",1st Offense,"Category 2 (Formative Intervention: University Service, Counseling, Discipline Education Program, & Evaluation)"
A student organized a second unapproved business booth on campus despite disciplinary action.,Academic Dishonesty or Fraudulent Acts,"Selling items, engaging in business, or soliciting contributions or donations in campus without prior approval or authority.",2nd Offense,"Category 3 (Non-Readmission, denial of admission but is allowed to finish current term)"
A student repeatedly sold unauthorized merchandise after facing previous sanctions.,Academic Dishonesty or Fraudulent Acts,"Selling items, engaging in business, or soliciting contributions or donations in campus without prior approval or authority.",2nd Offense,"Category 3 (Non-Readmission, denial of admission but is allowed to finish current term)"
A student was caught selling unapproved beverages on campus grounds for the second time.,Academic Dishonesty or Fraudulent Acts,"Selling items, engaging in business, or soliciting contributions or donations in campus without prior approval or authority.",2nd Offense,"Category 3 (Non-Readmission, denial of admission but is allowed to finish current term)"
A student ran another unauthorized online shop using campus resources despite facing penalties.,Academic Dishonesty or Fraudulent Acts,"Selling items, engaging in business, or soliciting contributions or donations in campus without prior approval or authority.",2nd Offense,"Category 3 (Non-Readmission, denial of admission but is allowed to finish current term)"
A student organized another unapproved ticket-selling event on campus grounds.,Academic Dishonesty or Fraudulent Acts,"Selling items, engaging in business, or soliciting contributions or donations in campus without prior approval or authority.",2nd Offense,"Category 3 (Non-Readmission, denial of admission but is allowed to finish current term)"
A student was caught reselling event tickets without permission for the second time.,Academic Dishonesty or Fraudulent Acts,"Selling items, engaging in business, or soliciting contributions or donations in campus without prior approval or authority.",2nd Offense,"Category 3 (Non-Readmission, denial of admission but is allowed to finish current term)"
A student organized another unapproved food stall on campus despite penalties.,Academic Dishonesty or Fraudulent Acts,"Selling items, engaging in business, or soliciting contributions or donations in campus without prior approval or authority.",2nd Offense,"Category 3 (Non-Readmission, denial of admission but is allowed to finish current term)"
A student repeatedly sold unauthorized university merchandise after facing disciplinary action.,Academic Dishonesty or Fraudulent Acts,"Selling items, engaging in business, or soliciting contributions or donations in campus without prior approval or authority.",2nd Offense,"Category 3 (Non-Readmission, denial of admission but is allowed to finish current term)"
A student ran another unauthorized business booth during a school event despite warnings.,Academic Dishonesty or Fraudulent Acts,"Selling items, engaging in business, or soliciting contributions or donations in campus without prior approval or authority.",2nd Offense,"Category 3 (Non-Readmission, denial of admission but is allowed to finish current term)"
A student continued selling snacks in dormitories without approval after prior warnings.,Academic Dishonesty or Fraudulent Acts,"Selling items, engaging in business, or soliciting contributions or donations in campus without prior approval or authority.",2nd Offense,"Category 3 (Non-Readmission, denial of admission but is allowed to finish current term)"
A student promoted and sold personal digital content without approval for the second time.,Academic Dishonesty or Fraudulent Acts,"Selling items, engaging in business, or soliciting contributions or donations in campus without prior approval or authority.",2nd Offense,"Category 3 (Non-Readmission, denial of admission but is allowed to finish current term)"
A student organized another unapproved sales event despite facing disciplinary actions.,Academic Dishonesty or Fraudulent Acts,"Selling items, engaging in business, or soliciting contributions or donations in campus without prior approval or authority.",2nd Offense,"Category 3 (Non-Readmission, denial of admission but is allowed to finish current term)"
A student was caught selling unapproved school supplies for the second time in a campus facility.,Academic Dishonesty or Fraudulent Acts,"Selling items, engaging in business, or soliciting contributions or donations in campus without prior approval or authority.",2nd Offense,"Category 3 (Non-Readmission, denial of admission but is allowed to finish current term)"
A student ran a second unauthorized stand for personal merchandise during a school fair.,Academic Dishonesty or Fraudulent Acts,"Selling items, engaging in business, or soliciting contributions or donations in campus without prior approval or authority.",2nd Offense,"Category 3 (Non-Readmission, denial of admission but is allowed to finish current term)"
A student repeatedly engaged in unauthorized selling after facing disciplinary action.,Academic Dishonesty or Fraudulent Acts,"Selling items, engaging in business, or soliciting contributions or donations in campus without prior approval or authority.",2nd Offense,"Category 3 (Non-Readmission, denial of admission but is allowed to finish current term)"
A student continued to sell snacks and beverages on campus despite a prior penalty for the offense.,Academic Dishonesty or Fraudulent Acts,"Selling items, engaging in business, or soliciting contributions or donations in campus without prior approval or authority.",2nd Offense,"Category 3 (Non-Readmission, denial of admission but is allowed to finish current term)"
A student set up a booth to sell homemade goods on campus without seeking approval from university authorities.,Academic Dishonesty or Fraudulent Acts,"Selling items, engaging in business, or soliciting contributions or donations in campus without prior approval or authority.",1st Offense,"Category 2 (Formative Intervention: University Service, Counseling, Discipline Education Program, & Evaluation)"
A student sold tutoring services to other students through unauthorized advertising on campus.,Academic Dishonesty or Fraudulent Acts,"Selling items, engaging in business, or soliciting contributions or donations in campus without prior approval or authority.",1st Offense,"Category 2 (Formative Intervention: University Service, Counseling, Discipline Education Program, & Evaluation)"
A student operated a mobile food stall on campus grounds without securing the necessary permissions.,Academic Dishonesty or Fraudulent Acts,"Selling items, engaging in business, or soliciting contributions or donations in campus without prior approval or authority.",1st Offense,"Category 2 (Formative Intervention: University Service, Counseling, Discipline Education Program, & Evaluation)"
A student organized a fundraising event for personal benefit on campus without notifying the university.,Academic Dishonesty or Fraudulent Acts,"Selling items, engaging in business, or soliciting contributions or donations in campus without prior approval or authority.",1st Offense,"Category 2 (Formative Intervention: University Service, Counseling, Discipline Education Program, & Evaluation)"
A student altered their transcript to inflate their GPA before applying for a scholarship.,Academic Dishonesty or Fraudulent Acts,"Forging, falsifying, or tampering of academic or official records or documents of any kind; or intentionally making a false statement of any material fact, or practicing fraud or deception in connection with anything that pertains to the University.",1st Offense,"Category 3 (Non-Readmission, denial of admission but is allowed to finish current term)"
A student submitted a fake medical certificate to excuse themselves from exams.,Academic Dishonesty or Fraudulent Acts,"Forging, falsifying, or tampering of academic or official records or documents of any kind; or intentionally making a false statement of any material fact, or practicing fraud or deception in connection with anything that pertains to the University.",1st Offense,"Category 3 (Non-Readmission, denial of admission but is allowed to finish current term)"
A student forged a professor’s signature to get approval for a project extension.,Academic Dishonesty or Fraudulent Acts,"Forging, falsifying, or tampering of academic or official records or documents of any kind; or intentionally making a false statement of any material fact, or practicing fraud or deception in connection with anything that pertains to the University.",1st Offense,"Category 3 (Non-Readmission, denial of admission but is allowed to finish current term)"
A student tampered with a classmate’s attendance record in the system.,Academic Dishonesty or Fraudulent Acts,"Forging, falsifying, or tampering of academic or official records or documents of any kind; or intentionally making a false statement of any material fact, or practicing fraud or deception in connection with anything that pertains to the University.",1st Offense,"Category 3 (Non-Readmission, denial of admission but is allowed to finish current term)"
A student submitted an altered test score to the administration.,Academic Dishonesty or Fraudulent Acts,"Forging, falsifying, or tampering of academic or official records or documents of any kind; or intentionally making a false statement of any material fact, or practicing fraud or deception in connection with anything that pertains to the University.",1st Offense,"Category 3 (Non-Readmission, denial of admission but is allowed to finish current term)"
A student submitted a fake internship completion certificate to the registrar.,Academic Dishonesty or Fraudulent Acts,"Forging, falsifying, or tampering of academic or official records or documents of any kind; or intentionally making a false statement of any material fact, or practicing fraud or deception in connection with anything that pertains to the University.",1st Offense,"Category 3 (Non-Readmission, denial of admission but is allowed to finish current term)"
A student forged letters of recommendation from faculty members.,Academic Dishonesty or Fraudulent Acts,"Forging, falsifying, or tampering of academic or official records or documents of any kind; or intentionally making a false statement of any material fact, or practicing fraud or deception in connection with anything that pertains to the University.",1st Offense,"Category 3 (Non-Readmission, denial of admission but is allowed to finish current term)"
A student created a fake university email account to submit falsified documents.,Academic Dishonesty or Fraudulent Acts,"Forging, falsifying, or tampering of academic or official records or documents of any kind; or intentionally making a false statement of any material fact, or practicing fraud or deception in connection with anything that pertains to the University.",1st Offense,"Category 3 (Non-Readmission, denial of admission but is allowed to finish current term)"
A student modified their thesis submission date in the official records to avoid late penalties.,Academic Dishonesty or Fraudulent Acts,"Forging, falsifying, or tampering of academic or official records or documents of any kind; or intentionally making a false statement of any material fact, or practicing fraud or deception in connection with anything that pertains to the University.",1st Offense,"Category 3 (Non-Readmission, denial of admission but is allowed to finish current term)"
A student tampered with their graduation application by providing altered information.,Academic Dishonesty or Fraudulent Acts,"Forging, falsifying, or tampering of academic or official records or documents of any kind; or intentionally making a false statement of any material fact, or practicing fraud or deception in connection with anything that pertains to the University.",1st Offense,"Category 3 (Non-Readmission, denial of admission but is allowed to finish current term)"
A student submitted fake community service hours for graduation requirements.,Academic Dishonesty or Fraudulent Acts,"Forging, falsifying, or tampering of academic or official records or documents of any kind; or intentionally making a false statement of any material fact, or practicing fraud or deception in connection with anything that pertains to the University.",1st Offense,"Category 3 (Non-Readmission, denial of admission but is allowed to finish current term)"
A student forged an academic award certificate to include on their resume.,Academic Dishonesty or Fraudulent Acts,"Forging, falsifying, or tampering of academic or official records or documents of any kind; or intentionally making a false statement of any material fact, or practicing fraud or deception in connection with anything that pertains to the University.",1st Offense,"Category 3 (Non-Readmission, denial of admission but is allowed to finish current term)"
A student altered their course enrollment forms after the deadline.,Academic Dishonesty or Fraudulent Acts,"Forging, falsifying, or tampering of academic or official records or documents of any kind; or intentionally making a false statement of any material fact, or practicing fraud or deception in connection with anything that pertains to the University.",1st Offense,"Category 3 (Non-Readmission, denial of admission but is allowed to finish current term)"
A student submitted fake participation certificates to satisfy course requirements.,Academic Dishonesty or Fraudulent Acts,"Forging, falsifying, or tampering of academic or official records or documents of any kind; or intentionally making a false statement of any material fact, or practicing fraud or deception in connection with anything that pertains to the University.",1st Offense,"Category 3 (Non-Readmission, denial of admission but is allowed to finish current term)"
A student created a fake approval letter from their department for research funding.,Academic Dishonesty or Fraudulent Acts,"Forging, falsifying, or tampering of academic or official records or documents of any kind; or intentionally making a false statement of any material fact, or practicing fraud or deception in connection with anything that pertains to the University.",1st Offense,"Category 3 (Non-Readmission, denial of admission but is allowed to finish current term)"
A student altered their academic probation notice to show improved grades.,Academic Dishonesty or Fraudulent Acts,"Forging, falsifying, or tampering of academic or official records or documents of any kind; or intentionally making a false statement of any material fact, or practicing fraud or deception in connection with anything that pertains to the University.",1st Offense,"Category 3 (Non-Readmission, denial of admission but is allowed to finish current term)"
A student submitted falsified internship evaluations to improve their grades.,Academic Dishonesty or Fraudulent Acts,"Forging, falsifying, or tampering of academic or official records or documents of any kind; or intentionally making a false statement of any material fact, or practicing fraud or deception in connection with anything that pertains to the University.",1st Offense,"Category 3 (Non-Readmission, denial of admission but is allowed to finish current term)"
A student falsified documents to secure permission to retake an exam.,Academic Dishonesty or Fraudulent Acts,"Forging, falsifying, or tampering of academic or official records or documents of any kind; or intentionally making a false statement of any material fact, or practicing fraud or deception in connection with anything that pertains to the University.",1st Offense,"Category 3 (Non-Readmission, denial of admission but is allowed to finish current term)"
A student altered their class schedule after missing the enrollment deadline.,Academic Dishonesty or Fraudulent Acts,"Forging, falsifying, or tampering of academic or official records or documents of any kind; or intentionally making a false statement of any material fact, or practicing fraud or deception in connection with anything that pertains to the University.",1st Offense,"Category 3 (Non-Readmission, denial of admission but is allowed to finish current term)"
A student submitted fake work experience records for an internship.,Academic Dishonesty or Fraudulent Acts,"Forging, falsifying, or tampering of academic or official records or documents of any kind; or intentionally making a false statement of any material fact, or practicing fraud or deception in connection with anything that pertains to the University.",1st Offense,"Category 3 (Non-Readmission, denial of admission but is allowed to finish current term)"
A student falsified their academic qualifications to join an honor society.,Academic Dishonesty or Fraudulent Acts,"Forging, falsifying, or tampering of academic or official records or documents of any kind; or intentionally making a false statement of any material fact, or practicing fraud or deception in connection with anything that pertains to the University.",1st Offense,"Category 3 (Non-Readmission, denial of admission but is allowed to finish current term)"
A student forged the signature of a department head to bypass course prerequisites.,Academic Dishonesty or Fraudulent Acts,"Forging, falsifying, or tampering of academic or official records or documents of any kind; or intentionally making a false statement of any material fact, or practicing fraud or deception in connection with anything that pertains to the University.",1st Offense,"Category 3 (Non-Readmission, denial of admission but is allowed to finish current term)"
A student falsified attendance records to avoid disciplinary action.,Academic Dishonesty or Fraudulent Acts,"Forging, falsifying, or tampering of academic or official records or documents of any kind; or intentionally making a false statement of any material fact, or practicing fraud or deception in connection with anything that pertains to the University.",1st Offense,"Category 3 (Non-Readmission, denial of admission but is allowed to finish current term)"
A student submitted an altered diploma certificate for job applications.,Academic Dishonesty or Fraudulent Acts,"Forging, falsifying, or tampering of academic or official records or documents of any kind; or intentionally making a false statement of any material fact, or practicing fraud or deception in connection with anything that pertains to the University.",1st Offense,"Category 3 (Non-Readmission, denial of admission but is allowed to finish current term)"
A student modified their transcript to secure a scholarship.,Academic Dishonesty or Fraudulent Acts,"Forging, falsifying, or tampering of academic or official records or documents of any kind; or intentionally making a false statement of any material fact, or practicing fraud or deception in connection with anything that pertains to the University.",1st Offense,"Category 3 (Non-Readmission, denial of admission but is allowed to finish current term)"
A student created a fake approval letter to gain access to research funding.,Academic Dishonesty or Fraudulent Acts,"Forging, falsifying, or tampering of academic or official records or documents of any kind; or intentionally making a false statement of any material fact, or practicing fraud or deception in connection with anything that pertains to the University.",1st Offense,"Category 3 (Non-Readmission, denial of admission but is allowed to finish current term)"
A student forged signatures on their final thesis submission.,Academic Dishonesty or Fraudulent Acts,"Forging, falsifying, or tampering of academic or official records or documents of any kind; or intentionally making a false statement of any material fact, or practicing fraud or deception in connection with anything that pertains to the University.",1st Offense,"Category 3 (Non-Readmission, denial of admission but is allowed to finish current term)"
A student submitted falsified grades to bypass academic probation.,Academic Dishonesty or Fraudulent Acts,"Forging, falsifying, or tampering of academic or official records or documents of any kind; or intentionally making a false statement of any material fact, or practicing fraud or deception in connection with anything that pertains to the University.",1st Offense,"Category 3 (Non-Readmission, denial of admission but is allowed to finish current term)"
A student altered their medical leave request to avoid losing academic standing.,Academic Dishonesty or Fraudulent Acts,"Forging, falsifying, or tampering of academic or official records or documents of any kind; or intentionally making a false statement of any material fact, or practicing fraud or deception in connection with anything that pertains to the University.",1st Offense,"Category 3 (Non-Readmission, denial of admission but is allowed to finish current term)"
A student falsified their exam results to meet scholarship requirements.,Academic Dishonesty or Fraudulent Acts,"Forging, falsifying, or tampering of academic or official records or documents of any kind; or intentionally making a false statement of any material fact, or practicing fraud or deception in connection with anything that pertains to the University.",1st Offense,"Category 3 (Non-Readmission, denial of admission but is allowed to finish current term)"
A student forged professor's recommendations for a study abroad program.,Academic Dishonesty or Fraudulent Acts,"Forging, falsifying, or tampering of academic or official records or documents of any kind; or intentionally making a false statement of any material fact, or practicing fraud or deception in connection with anything that pertains to the University.",1st Offense,"Category 3 (Non-Readmission, denial of admission but is allowed to finish current term)"
A student submitted fake research data for a school project.,Academic Dishonesty or Fraudulent Acts,"Forging, falsifying, or tampering of academic or official records or documents of any kind; or intentionally making a false statement of any material fact, or practicing fraud or deception in connection with anything that pertains to the University.",1st Offense,"Category 3 (Non-Readmission, denial of admission but is allowed to finish current term)"
A student altered their attendance records to meet graduation requirements.,Academic Dishonesty or Fraudulent Acts,"Forging, falsifying, or tampering of academic or official records or documents of any kind; or intentionally making a false statement of any material fact, or practicing fraud or deception in connection with anything that pertains to the University.",1st Offense,"Category 3 (Non-Readmission, denial of admission but is allowed to finish current term)"
A student falsified their community service hours for a university requirement.,Academic Dishonesty or Fraudulent Acts,"Forging, falsifying, or tampering of academic or official records or documents of any kind; or intentionally making a false statement of any material fact, or practicing fraud or deception in connection with anything that pertains to the University.",1st Offense,"Category 3 (Non-Readmission, denial of admission but is allowed to finish current term)"
A student altered their financial aid application to secure more funds.,Academic Dishonesty or Fraudulent Acts,"Forging, falsifying, or tampering of academic or official records or documents of any kind; or intentionally making a false statement of any material fact, or practicing fraud or deception in connection with anything that pertains to the University.",1st Offense,"Category 3 (Non-Readmission, denial of admission but is allowed to finish current term)"
A student submitted fake letters of recommendation for a scholarship.,Academic Dishonesty or Fraudulent Acts,"Forging, falsifying, or tampering of academic or official records or documents of any kind; or intentionally making a false statement of any material fact, or practicing fraud or deception in connection with anything that pertains to the University.",1st Offense,"Category 3 (Non-Readmission, denial of admission but is allowed to finish current term)"
A student tampered with their class registration form after missing the enrollment deadline.,Academic Dishonesty or Fraudulent Acts,"Forging, falsifying, or tampering of academic or official records or documents of any kind; or intentionally making a false statement of any material fact, or practicing fraud or deception in connection with anything that pertains to the University.",1st Offense,"Category 3 (Non-Readmission, denial of admission but is allowed to finish current term)"
A student submitted altered internship records to enhance their resume.,Academic Dishonesty or Fraudulent Acts,"Forging, falsifying, or tampering of academic or official records or documents of any kind; or intentionally making a false statement of any material fact, or practicing fraud or deception in connection with anything that pertains to the University.",1st Offense,"Category 3 (Non-Readmission, denial of admission but is allowed to finish current term)"
A student altered their official transcript to reflect a higher GPA.,Academic Dishonesty or Fraudulent Acts,"Forging, falsifying, or tampering of academic or official records or documents of any kind; or intentionally making a false statement of any material fact, or practicing fraud or deception in connection with anything that pertains to the University.",1st Offense,"Category 3 (Non-Readmission, denial of admission but is allowed to finish current term)"
A student created a falsified recommendation letter from a faculty member for a scholarship application.,Academic Dishonesty or Fraudulent Acts,"Forging, falsifying, or tampering of academic or official records or documents of any kind; or intentionally making a false statement of any material fact, or practicing fraud or deception in connection with anything that pertains to the University.",1st Offense,"Category 3 (Non-Readmission, denial of admission but is allowed to finish current term)"
A student tampered with the official date on a medical certificate submitted for class absence exemption.,Academic Dishonesty or Fraudulent Acts,"Forging, falsifying, or tampering of academic or official records or documents of any kind; or intentionally making a false statement of any material fact, or practicing fraud or deception in connection with anything that pertains to the University.",1st Offense,"Category 3 (Non-Readmission, denial of admission but is allowed to finish current term)"
A student falsely testified in an administrative hearing regarding a disciplinary case.,Academic Dishonesty or Fraudulent Acts,"Committing perjury, defined as testifying falsely in any administrative proceeding, or knowingly making untruthful statements in documents under oath when such oath is required.",1st Offense,"Category 3 (Non-Readmission, denial of admission but is allowed to finish current term)"
A student knowingly provided false information under oath in a university investigation.,Academic Dishonesty or Fraudulent Acts,"Committing perjury, defined as testifying falsely in any administrative proceeding, or knowingly making untruthful statements in documents under oath when such oath is required.",1st Offense,"Category 3 (Non-Readmission, denial of admission but is allowed to finish current term)"
A student lied under oath about their involvement in a cheating incident during a disciplinary hearing.,Academic Dishonesty or Fraudulent Acts,"Committing perjury, defined as testifying falsely in any administrative proceeding, or knowingly making untruthful statements in documents under oath when such oath is required.",1st Offense,"Category 3 (Non-Readmission, denial of admission but is allowed to finish current term)"
A student provided false testimony about their attendance at a mandatory seminar while under oath.,Academic Dishonesty or Fraudulent Acts,"Committing perjury, defined as testifying falsely in any administrative proceeding, or knowingly making untruthful statements in documents under oath when such oath is required.",1st Offense,"Category 3 (Non-Readmission, denial of admission but is allowed to finish current term)"
A student submitted a false sworn statement regarding the circumstances of a physical altercation.,Academic Dishonesty or Fraudulent Acts,"Committing perjury, defined as testifying falsely in any administrative proceeding, or knowingly making untruthful statements in documents under oath when such oath is required.",1st Offense,"Category 3 (Non-Readmission, denial of admission but is allowed to finish current term)"
A student lied in a sworn affidavit about their role in an academic fraud case.,Academic Dishonesty or Fraudulent Acts,"Committing perjury, defined as testifying falsely in any administrative proceeding, or knowingly making untruthful statements in documents under oath when such oath is required.",1st Offense,"Category 3 (Non-Readmission, denial of admission but is allowed to finish current term)"
A student falsely claimed to have witnessed a peer violating university policy under oath.,Academic Dishonesty or Fraudulent Acts,"Committing perjury, defined as testifying falsely in any administrative proceeding, or knowingly making untruthful statements in documents under oath when such oath is required.",1st Offense,"Category 3 (Non-Readmission, denial of admission but is allowed to finish current term)"
A student submitted false testimony about their involvement in a plagiarism case under oath.,Academic Dishonesty or Fraudulent Acts,"Committing perjury, defined as testifying falsely in any administrative proceeding, or knowingly making untruthful statements in documents under oath when such oath is required.",1st Offense,"Category 3 (Non-Readmission, denial of admission but is allowed to finish current term)"
A student lied under oath about their presence during a campus security investigation.,Academic Dishonesty or Fraudulent Acts,"Committing perjury, defined as testifying falsely in any administrative proceeding, or knowingly making untruthful statements in documents under oath when such oath is required.",1st Offense,"Category 3 (Non-Readmission, denial of admission but is allowed to finish current term)"
A student knowingly submitted false evidence during a sworn testimony in a harassment case.,Academic Dishonesty or Fraudulent Acts,"Committing perjury, defined as testifying falsely in any administrative proceeding, or knowingly making untruthful statements in documents under oath when such oath is required.",1st Offense,"Category 3 (Non-Readmission, denial of admission but is allowed to finish current term)"
A student fabricated their account of events under oath in a student conduct review.,Academic Dishonesty or Fraudulent Acts,"Committing perjury, defined as testifying falsely in any administrative proceeding, or knowingly making untruthful statements in documents under oath when such oath is required.",1st Offense,"Category 3 (Non-Readmission, denial of admission but is allowed to finish current term)"
A student provided false information under oath regarding their participation in unauthorized protests.,Academic Dishonesty or Fraudulent Acts,"Committing perjury, defined as testifying falsely in any administrative proceeding, or knowingly making untruthful statements in documents under oath when such oath is required.",1st Offense,"Category 3 (Non-Readmission, denial of admission but is allowed to finish current term)"
A student submitted a falsified sworn statement about property damage during a university event.,Academic Dishonesty or Fraudulent Acts,"Committing perjury, defined as testifying falsely in any administrative proceeding, or knowingly making untruthful statements in documents under oath when such oath is required.",1st Offense,"Category 3 (Non-Readmission, denial of admission but is allowed to finish current term)"
A student lied in a sworn affidavit about receiving unauthorized assistance on an exam.,Academic Dishonesty or Fraudulent Acts,"Committing perjury, defined as testifying falsely in any administrative proceeding, or knowingly making untruthful statements in documents under oath when such oath is required.",1st Offense,"Category 3 (Non-Readmission, denial of admission but is allowed to finish current term)"
A student gave false testimony regarding the theft of university property under oath.,Academic Dishonesty or Fraudulent Acts,"Committing perjury, defined as testifying falsely in any administrative proceeding, or knowingly making untruthful statements in documents under oath when such oath is required.",1st Offense,"Category 3 (Non-Readmission, denial of admission but is allowed to finish current term)"
A student falsely testified under oath about their absence during a mandatory campus meeting.,Academic Dishonesty or Fraudulent Acts,"Committing perjury, defined as testifying falsely in any administrative proceeding, or knowingly making untruthful statements in documents under oath when such oath is required.",1st Offense,"Category 3 (Non-Readmission, denial of admission but is allowed to finish current term)"
A student lied under oath during a disciplinary hearing regarding a breach of campus safety regulations.,Academic Dishonesty or Fraudulent Acts,"Committing perjury, defined as testifying falsely in any administrative proceeding, or knowingly making untruthful statements in documents under oath when such oath is required.",1st Offense,"Category 3 (Non-Readmission, denial of admission but is allowed to finish current term)"
A student provided a false account under oath about their role in an unauthorized gathering on campus.,Academic Dishonesty or Fraudulent Acts,"Committing perjury, defined as testifying falsely in any administrative proceeding, or knowingly making untruthful statements in documents under oath when such oath is required.",1st Offense,"Category 3 (Non-Readmission, denial of admission but is allowed to finish current term)"
A student falsely claimed to have no prior knowledge of a violation during a hearing under oath.,Academic Dishonesty or Fraudulent Acts,"Committing perjury, defined as testifying falsely in any administrative proceeding, or knowingly making untruthful statements in documents under oath when such oath is required.",1st Offense,"Category 3 (Non-Readmission, denial of admission but is allowed to finish current term)"
A student submitted a falsified sworn testimony regarding their participation in a banned campus activity.,Academic Dishonesty or Fraudulent Acts,"Committing perjury, defined as testifying falsely in any administrative proceeding, or knowingly making untruthful statements in documents under oath when such oath is required.",1st Offense,"Category 3 (Non-Readmission, denial of admission but is allowed to finish current term)"
A student gave false testimony under oath about an academic collaboration violation.,Academic Dishonesty or Fraudulent Acts,"Committing perjury, defined as testifying falsely in any administrative proceeding, or knowingly making untruthful statements in documents under oath when such oath is required.",1st Offense,"Category 3 (Non-Readmission, denial of admission but is allowed to finish current term)"
A student knowingly provided false information under oath in a dispute over stolen intellectual property.,Academic Dishonesty or Fraudulent Acts,"Committing perjury, defined as testifying falsely in any administrative proceeding, or knowingly making untruthful statements in documents under oath when such oath is required.",1st Offense,"Category 3 (Non-Readmission, denial of admission but is allowed to finish current term)"
A student lied under oath about their involvement in an academic group that violated university policies.,Academic Dishonesty or Fraudulent Acts,"Committing perjury, defined as testifying falsely in any administrative proceeding, or knowingly making untruthful statements in documents under oath when such oath is required.",1st Offense,"Category 3 (Non-Readmission, denial of admission but is allowed to finish current term)"
A student gave false sworn testimony about their actions during a campus security breach investigation.,Academic Dishonesty or Fraudulent Acts,"Committing perjury, defined as testifying falsely in any administrative proceeding, or knowingly making untruthful statements in documents under oath when such oath is required.",1st Offense,"Category 3 (Non-Readmission, denial of admission but is allowed to finish current term)"
A student submitted a false affidavit regarding their absence during an unauthorized campus rally.,Academic Dishonesty or Fraudulent Acts,"Committing perjury, defined as testifying falsely in any administrative proceeding, or knowingly making untruthful statements in documents under oath when such oath is required.",1st Offense,"Category 3 (Non-Readmission, denial of admission but is allowed to finish current term)"
A student lied under oath about their academic progress during a probation review.,Academic Dishonesty or Fraudulent Acts,"Committing perjury, defined as testifying falsely in any administrative proceeding, or knowingly making untruthful statements in documents under oath when such oath is required.",1st Offense,"Category 3 (Non-Readmission, denial of admission but is allowed to finish current term)"
A student fabricated testimony under oath in a hearing about misuse of university resources.,Academic Dishonesty or Fraudulent Acts,"Committing perjury, defined as testifying falsely in any administrative proceeding, or knowingly making untruthful statements in documents under oath when such oath is required.",1st Offense,"Category 3 (Non-Readmission, denial of admission but is allowed to finish current term)"
A student falsely claimed under oath to have submitted an assignment on time in a disciplinary proceeding.,Academic Dishonesty or Fraudulent Acts,"Committing perjury, defined as testifying falsely in any administrative proceeding, or knowingly making untruthful statements in documents under oath when such oath is required.",1st Offense,"Category 3 (Non-Readmission, denial of admission but is allowed to finish current term)"
A student lied under oath about their participation in an academic competition in a disciplinary review.,Academic Dishonesty or Fraudulent Acts,"Committing perjury, defined as testifying falsely in any administrative proceeding, or knowingly making untruthful statements in documents under oath when such oath is required.",1st Offense,"Category 3 (Non-Readmission, denial of admission but is allowed to finish current term)"
A student falsely testified under oath regarding their involvement in a library theft case.,Academic Dishonesty or Fraudulent Acts,"Committing perjury, defined as testifying falsely in any administrative proceeding, or knowingly making untruthful statements in documents under oath when such oath is required.",1st Offense,"Category 3 (Non-Readmission, denial of admission but is allowed to finish current term)"
A student provided false testimony under oath about their participation in a campus-wide protest.,Academic Dishonesty or Fraudulent Acts,"Committing perjury, defined as testifying falsely in any administrative proceeding, or knowingly making untruthful statements in documents under oath when such oath is required.",1st Offense,"Category 3 (Non-Readmission, denial of admission but is allowed to finish current term)"
A student lied under oath about their engagement in hazing activities during a fraternity disciplinary case.,Academic Dishonesty or Fraudulent Acts,"Committing perjury, defined as testifying falsely in any administrative proceeding, or knowingly making untruthful statements in documents under oath when such oath is required.",1st Offense,"Category 3 (Non-Readmission, denial of admission but is allowed to finish current term)"
A student fabricated testimony under oath about the distribution of unauthorized materials during a class.,Academic Dishonesty or Fraudulent Acts,"Committing perjury, defined as testifying falsely in any administrative proceeding, or knowingly making untruthful statements in documents under oath when such oath is required.",1st Offense,"Category 3 (Non-Readmission, denial of admission but is allowed to finish current term)"
A student falsely testified under oath about receiving approval for an off-campus research project.,Academic Dishonesty or Fraudulent Acts,"Committing perjury, defined as testifying falsely in any administrative proceeding, or knowingly making untruthful statements in documents under oath when such oath is required.",1st Offense,"Category 3 (Non-Readmission, denial of admission but is allowed to finish current term)"
A student provided false sworn testimony about their role in an unauthorized social gathering.,Academic Dishonesty or Fraudulent Acts,"Committing perjury, defined as testifying falsely in any administrative proceeding, or knowingly making untruthful statements in documents under oath when such oath is required.",1st Offense,"Category 3 (Non-Readmission, denial of admission but is allowed to finish current term)"
A student lied under oath about their attendance in a mandatory workshop during a disciplinary hearing.,Academic Dishonesty or Fraudulent Acts,"Committing perjury, defined as testifying falsely in any administrative proceeding, or knowingly making untruthful statements in documents under oath when such oath is required.",1st Offense,"Category 3 (Non-Readmission, denial of admission but is allowed to finish current term)"
A student fabricated their sworn statement about the use of university resources for personal gain.,Academic Dishonesty or Fraudulent Acts,"Committing perjury, defined as testifying falsely in any administrative proceeding, or knowingly making untruthful statements in documents under oath when such oath is required.",1st Offense,"Category 3 (Non-Readmission, denial of admission but is allowed to finish current term)"
A student falsely claimed under oath to have attended a required event for course credit.,Academic Dishonesty or Fraudulent Acts,"Committing perjury, defined as testifying falsely in any administrative proceeding, or knowingly making untruthful statements in documents under oath when such oath is required.",1st Offense,"Category 3 (Non-Readmission, denial of admission but is allowed to finish current term)"
A student lied under oath about their involvement in distributing plagiarized work in a group project.,Academic Dishonesty or Fraudulent Acts,"Committing perjury, defined as testifying falsely in any administrative proceeding, or knowingly making untruthful statements in documents under oath when such oath is required.",1st Offense,"Category 3 (Non-Readmission, denial of admission but is allowed to finish current term)"
"A student falsely testified in a disciplinary hearing, denying their involvement in a cheating scandal.",Academic Dishonesty or Fraudulent Acts,"Committing perjury, defined as testifying falsely in any administrative proceeding, or knowingly making untruthful statements in documents under oath when such oath is required.",1st Offense,"Category 3 (Non-Readmission, denial of admission but is allowed to finish current term)"
A student lied under oath about their attendance at a mandatory event during an investigation.,Academic Dishonesty or Fraudulent Acts,"Committing perjury, defined as testifying falsely in any administrative proceeding, or knowingly making untruthful statements in documents under oath when such oath is required.",1st Offense,"Category 3 (Non-Readmission, denial of admission but is allowed to finish current term)"
A student lent their ID to a friend to access the campus library.,Academic Dishonesty or Fraudulent Acts,Lending one’s University ID to another or using someone else’s University ID.,1st Offense,"Category 2 (Formative Intervention: University Service, Counseling, Discipline Education Program, & Evaluation)"
A student borrowed their classmate's ID to enter a campus event without buying a ticket.,Academic Dishonesty or Fraudulent Acts,Lending one’s University ID to another or using someone else’s University ID.,1st Offense,"Category 2 (Formative Intervention: University Service, Counseling, Discipline Education Program, & Evaluation)"
A student gave their ID to a sibling to access the dormitory facilities.,Academic Dishonesty or Fraudulent Acts,Lending one’s University ID to another or using someone else’s University ID.,1st Offense,"Category 2 (Formative Intervention: University Service, Counseling, Discipline Education Program, & Evaluation)"
A student used a friend’s ID to avail of a student discount for a campus meal.,Academic Dishonesty or Fraudulent Acts,Lending one’s University ID to another or using someone else’s University ID.,1st Offense,"Category 2 (Formative Intervention: University Service, Counseling, Discipline Education Program, & Evaluation)"
A student lent their ID to a friend to gain access to a restricted section of the campus.,Academic Dishonesty or Fraudulent Acts,Lending one’s University ID to another or using someone else’s University ID.,1st Offense,"Category 2 (Formative Intervention: University Service, Counseling, Discipline Education Program, & Evaluation)"
A student used another student’s ID to avoid being identified during a disciplinary action.,Academic Dishonesty or Fraudulent Acts,Lending one’s University ID to another or using someone else’s University ID.,1st Offense,"Category 2 (Formative Intervention: University Service, Counseling, Discipline Education Program, & Evaluation)"
A student lent their ID to a peer to take advantage of free access to a university-sponsored event.,Academic Dishonesty or Fraudulent Acts,Lending one’s University ID to another or using someone else’s University ID.,1st Offense,"Category 2 (Formative Intervention: University Service, Counseling, Discipline Education Program, & Evaluation)"
A student borrowed a friend’s ID to avoid paying the penalty for a missed class.,Academic Dishonesty or Fraudulent Acts,Lending one’s University ID to another or using someone else’s University ID.,1st Offense,"Category 2 (Formative Intervention: University Service, Counseling, Discipline Education Program, & Evaluation)"
A student used another person’s ID to borrow books from the library.,Academic Dishonesty or Fraudulent Acts,Lending one’s University ID to another or using someone else’s University ID.,1st Offense,"Category 2 (Formative Intervention: University Service, Counseling, Discipline Education Program, & Evaluation)"
A student lent their ID to a friend to use for unauthorized access to a computer lab.,Academic Dishonesty or Fraudulent Acts,Lending one’s University ID to another or using someone else’s University ID.,1st Offense,"Category 2 (Formative Intervention: University Service, Counseling, Discipline Education Program, & Evaluation)"
A student used a friend’s ID to register for an event with limited capacity.,Academic Dishonesty or Fraudulent Acts,Lending one’s University ID to another or using someone else’s University ID.,1st Offense,"Category 2 (Formative Intervention: University Service, Counseling, Discipline Education Program, & Evaluation)"
A student lent their ID to a peer to help them gain access to a faculty meeting.,Academic Dishonesty or Fraudulent Acts,Lending one’s University ID to another or using someone else’s University ID.,1st Offense,"Category 2 (Formative Intervention: University Service, Counseling, Discipline Education Program, & Evaluation)"
A student used someone else’s ID to access the university gym during restricted hours.,Academic Dishonesty or Fraudulent Acts,Lending one’s University ID to another or using someone else’s University ID.,1st Offense,"Category 2 (Formative Intervention: University Service, Counseling, Discipline Education Program, & Evaluation)"
A student borrowed an ID from a peer to enter an exclusive campus club meeting.,Academic Dishonesty or Fraudulent Acts,Lending one’s University ID to another or using someone else’s University ID.,1st Offense,"Category 2 (Formative Intervention: University Service, Counseling, Discipline Education Program, & Evaluation)"
A student gave their ID to a friend to access library resources.,Academic Dishonesty or Fraudulent Acts,Lending one’s University ID to another or using someone else’s University ID.,1st Offense,"Category 2 (Formative Intervention: University Service, Counseling, Discipline Education Program, & Evaluation)"
A student used another person’s ID to check out multimedia equipment for a project.,Academic Dishonesty or Fraudulent Acts,Lending one’s University ID to another or using someone else’s University ID.,1st Offense,"Category 2 (Formative Intervention: University Service, Counseling, Discipline Education Program, & Evaluation)"
A student lent their ID to a friend who lost theirs temporarily.,Academic Dishonesty or Fraudulent Acts,Lending one’s University ID to another or using someone else’s University ID.,1st Offense,"Category 2 (Formative Intervention: University Service, Counseling, Discipline Education Program, & Evaluation)"
A student used a sibling’s ID for registering under false pretenses.,Academic Dishonesty or Fraudulent Acts,Lending one’s University ID to another or using someone else’s University ID.,1st Offense,"Category 2 (Formative Intervention: University Service, Counseling, Discipline Education Program, & Evaluation)"
A student lent their ID to help a classmate get into a restricted event.,Academic Dishonesty or Fraudulent Acts,Lending one’s University ID to another or using someone else’s University ID.,2nd Offense,"Category 3 (Non-Readmission, denial of admission but is allowed to finish current term)"
A student used a friend’s ID to enter a secure campus lab.,Academic Dishonesty or Fraudulent Acts,Lending one’s University ID to another or using someone else’s University ID.,2nd Offense,"Category 3 (Non-Readmission, denial of admission but is allowed to finish current term)"
A student borrowed a peer’s ID to avoid security checks during a protest.,Academic Dishonesty or Fraudulent Acts,Lending one’s University ID to another or using someone else’s University ID.,2nd Offense,"Category 3 (Non-Readmission, denial of admission but is allowed to finish current term)"
A student lent their ID to a friend to bypass security at a sports event.,Academic Dishonesty or Fraudulent Acts,Lending one’s University ID to another or using someone else’s University ID.,2nd Offense,"Category 3 (Non-Readmission, denial of admission but is allowed to finish current term)"
A student used someone else's ID to gain unauthorized entry to an exam hall.,Academic Dishonesty or Fraudulent Acts,Lending one’s University ID to another or using someone else’s University ID.,2nd Offense,"Category 3 (Non-Readmission, denial of admission but is allowed to finish current term)"
A student lent their ID to a sibling for unauthorized access to a course lecture.,Academic Dishonesty or Fraudulent Acts,Lending one’s University ID to another or using someone else’s University ID.,2nd Offense,"Category 3 (Non-Readmission, denial of admission but is allowed to finish current term)"
A student borrowed a friend's ID to bypass campus parking fees.,Academic Dishonesty or Fraudulent Acts,Lending one’s University ID to another or using someone else’s University ID.,2nd Offense,"Category 3 (Non-Readmission, denial of admission but is allowed to finish current term)"
A student lent their ID to a classmate to access research materials in a restricted section.,Academic Dishonesty or Fraudulent Acts,Lending one’s University ID to another or using someone else’s University ID.,2nd Offense,"Category 3 (Non-Readmission, denial of admission but is allowed to finish current term)"
A student used another student’s ID to avoid a campus disciplinary hearing.,Academic Dishonesty or Fraudulent Acts,Lending one’s University ID to another or using someone else’s University ID.,2nd Offense,"Category 3 (Non-Readmission, denial of admission but is allowed to finish current term)"
A student borrowed a friend’s ID to use campus facilities without paying.,Academic Dishonesty or Fraudulent Acts,Lending one’s University ID to another or using someone else’s University ID.,2nd Offense,"Category 3 (Non-Readmission, denial of admission but is allowed to finish current term)"
A student lent their ID to another student for a university exam.,Academic Dishonesty or Fraudulent Acts,Lending one’s University ID to another or using someone else’s University ID.,2nd Offense,"Category 3 (Non-Readmission, denial of admission but is allowed to finish current term)"
A student used someone else’s ID to register for university services under false pretenses.,Academic Dishonesty or Fraudulent Acts,Lending one’s University ID to another or using someone else’s University ID.,2nd Offense,"Category 3 (Non-Readmission, denial of admission but is allowed to finish current term)"
A student lent their ID to a peer to help them evade a university fine.,Academic Dishonesty or Fraudulent Acts,Lending one’s University ID to another or using someone else’s University ID.,2nd Offense,"Category 3 (Non-Readmission, denial of admission but is allowed to finish current term)"
A student used someone else’s ID to bypass campus security restrictions.,Academic Dishonesty or Fraudulent Acts,Lending one’s University ID to another or using someone else’s University ID.,2nd Offense,"Category 3 (Non-Readmission, denial of admission but is allowed to finish current term)"
A student borrowed their roommate’s ID to avoid being recognized during an event check.,Academic Dishonesty or Fraudulent Acts,Lending one’s University ID to another or using someone else’s University ID.,2nd Offense,"Category 3 (Non-Readmission, denial of admission but is allowed to finish current term)"
A student lent their ID to a friend who was banned from campus facilities.,Academic Dishonesty or Fraudulent Acts,Lending one’s University ID to another or using someone else’s University ID.,2nd Offense,"Category 3 (Non-Readmission, denial of admission but is allowed to finish current term)"
A student lent their ID to a friend to access the university gym after hours.,Academic Dishonesty or Fraudulent Acts,Lending one’s University ID to another or using someone else’s University ID.,1st Offense,"Category 2 (Formative Intervention: University Service, Counseling, Discipline Education Program, & Evaluation)"
A student used a friend’s ID to enter a restricted area on campus for an event.,Academic Dishonesty or Fraudulent Acts,Lending one’s University ID to another or using someone else’s University ID.,1st Offense,"Category 2 (Formative Intervention: University Service, Counseling, Discipline Education Program, & Evaluation)"
A student gave their ID to a sibling to gain access to student-only campus services.,Academic Dishonesty or Fraudulent Acts,Lending one’s University ID to another or using someone else’s University ID.,1st Offense,"Category 2 (Formative Intervention: University Service, Counseling, Discipline Education Program, & Evaluation)"
A student borrowed another student’s ID to avoid paying a library late fee.,Academic Dishonesty or Fraudulent Acts,Lending one’s University ID to another or using someone else’s University ID.,1st Offense,"Category 2 (Formative Intervention: University Service, Counseling, Discipline Education Program, & Evaluation)"
A student used someone else’s ID to attend a restricted-entry lecture.,Academic Dishonesty or Fraudulent Acts,Lending one’s University ID to another or using someone else’s University ID.,1st Offense,"Category 2 (Formative Intervention: University Service, Counseling, Discipline Education Program, & Evaluation)"
A student lent their ID to a peer to access free campus services during a student event.,Academic Dishonesty or Fraudulent Acts,Lending one’s University ID to another or using someone else’s University ID.,1st Offense,"Category 2 (Formative Intervention: University Service, Counseling, Discipline Education Program, & Evaluation)"
"A student was using their phone during an online lecture, ignoring the professor's instructions.",Campus and Public Disturbances,"Misconduct inside the class (F2F or online), library, laboratory, or any place inside the campus.",1st Offense,"Category 2 (Formative Intervention: University Service, Counseling, Discipline Education Program, & Evaluation), charged for damages"
Students kept talking over the teacher's instructions during a lab session.,Campus and Public Disturbances,"Misconduct inside the class (F2F or online), library, laboratory, or any place inside the campus.",1st Offense,"Category 2 (Formative Intervention: University Service, Counseling, Discipline Education Program, & Evaluation)"
A loud argument broke out among students during an online class.,Campus and Public Disturbances,"Misconduct inside the class (F2F or online), library, laboratory, or any place inside the campus.",1st Offense,"Category 2 (Formative Intervention: University Service, Counseling, Discipline Education Program, & Evaluation)"
A group of students kept making noise while another group was presenting.,Campus and Public Disturbances,"Misconduct inside the class (F2F or online), library, laboratory, or any place inside the campus.",1st Offense,"Category 2 (Formative Intervention: University Service, Counseling, Discipline Education Program, & Evaluation)"
A student threw objects at classmates during class.,Campus and Public Disturbances,"Misconduct inside the class (F2F or online), library, laboratory, or any place inside the campus.",1st Offense,"Category 2 (Formative Intervention: University Service, Counseling, Discipline Education Program, & Evaluation)"
"A student brought noisy gadgets to class, disturbing others.",Campus and Public Disturbances,"Misconduct inside the class (F2F or online), library, laboratory, or any place inside the campus.",1st Offense,"Category 2 (Formative Intervention: University Service, Counseling, Discipline Education Program, & Evaluation)"
A student used offensive language during an online class chat.,Campus and Public Disturbances,"Misconduct inside the class (F2F or online), library, laboratory, or any place inside the campus.",1st Offense,"Category 2 (Formative Intervention: University Service, Counseling, Discipline Education Program, & Evaluation)"
A student whistled and distracted others during an important lecture.,Campus and Public Disturbances,"Misconduct inside the class (F2F or online), library, laboratory, or any place inside the campus.",1st Offense,"Category 2 (Formative Intervention: University Service, Counseling, Discipline Education Program, & Evaluation)"
A student used social media inappropriately during an online class.,Campus and Public Disturbances,"Misconduct inside the class (F2F or online), library, laboratory, or any place inside the campus.",1st Offense,"Category 2 (Formative Intervention: University Service, Counseling, Discipline Education Program, & Evaluation)"
"Uncontrolled laughter broke out, disrupting the flow of the lecture.",Campus and Public Disturbances,"Misconduct inside the class (F2F or online), library, laboratory, or any place inside the campus.",1st Offense,"Category 2 (Formative Intervention: University Service, Counseling, Discipline Education Program, & Evaluation)"
A group of students played loud music on their phone in the library.,Campus and Public Disturbances,"Misconduct inside the class (F2F or online), library, laboratory, or any place inside the campus.",1st Offense,"Category 2 (Formative Intervention: University Service, Counseling, Discipline Education Program, & Evaluation)"
A student played a prank that disrupted a science experiment in class.,Campus and Public Disturbances,"Misconduct inside the class (F2F or online), library, laboratory, or any place inside the campus.",1st Offense,"Category 2 (Formative Intervention: University Service, Counseling, Discipline Education Program, & Evaluation)"
A student continuously clicked their pen loudly during an exam.,Campus and Public Disturbances,"Misconduct inside the class (F2F or online), library, laboratory, or any place inside the campus.",1st Offense,"Category 2 (Formative Intervention: University Service, Counseling, Discipline Education Program, & Evaluation)"
"A group of students ran around the library, disturbing the quiet.",Campus and Public Disturbances,"Misconduct inside the class (F2F or online), library, laboratory, or any place inside the campus.",1st Offense,"Category 2 (Formative Intervention: University Service, Counseling, Discipline Education Program, & Evaluation)"
"Several students ate snacks noisily in the library, disturbing others.",Campus and Public Disturbances,"Misconduct inside the class (F2F or online), library, laboratory, or any place inside the campus.",1st Offense,"Category 2 (Formative Intervention: University Service, Counseling, Discipline Education Program, & Evaluation)"
A student made loud phone calls in the computer lab.,Campus and Public Disturbances,"Misconduct inside the class (F2F or online), library, laboratory, or any place inside the campus.",1st Offense,"Category 2 (Formative Intervention: University Service, Counseling, Discipline Education Program, & Evaluation)"
A student constantly laughed at the professor's remarks during the class.,Campus and Public Disturbances,"Misconduct inside the class (F2F or online), library, laboratory, or any place inside the campus.",1st Offense,"Category 2 (Formative Intervention: University Service, Counseling, Discipline Education Program, & Evaluation)"
"A student spoke loudly during a group study session, annoying others nearby.",Campus and Public Disturbances,"Misconduct inside the class (F2F or online), library, laboratory, or any place inside the campus.",1st Offense,"Category 2 (Formative Intervention: University Service, Counseling, Discipline Education Program, & Evaluation)"
A student refused to mute their microphone during an online class.,Campus and Public Disturbances,"Misconduct inside the class (F2F or online), library, laboratory, or any place inside the campus.",1st Offense,"Category 2 (Formative Intervention: University Service, Counseling, Discipline Education Program, & Evaluation)"
A student slept loudly during an important class presentation.,Campus and Public Disturbances,"Misconduct inside the class (F2F or online), library, laboratory, or any place inside the campus.",1st Offense,"Category 2 (Formative Intervention: University Service, Counseling, Discipline Education Program, & Evaluation)"
A student continuously used a laser pointer to distract classmates.,Campus and Public Disturbances,"Misconduct inside the class (F2F or online), library, laboratory, or any place inside the campus.",1st Offense,"Category 2 (Formative Intervention: University Service, Counseling, Discipline Education Program, & Evaluation)"
A student repeatedly tapped their pen loudly on the desk during class.,Campus and Public Disturbances,"Misconduct inside the class (F2F or online), library, laboratory, or any place inside the campus.",1st Offense,"Category 2 (Formative Intervention: University Service, Counseling, Discipline Education Program, & Evaluation)"
"A student mimicked the professor in class, causing disruptions.",Campus and Public Disturbances,"Misconduct inside the class (F2F or online), library, laboratory, or any place inside the campus.",1st Offense,"Category 2 (Formative Intervention: University Service, Counseling, Discipline Education Program, & Evaluation)"
A student chewed gum loudly while the teacher was talking.,Campus and Public Disturbances,"Misconduct inside the class (F2F or online), library, laboratory, or any place inside the campus.",1st Offense,"Category 2 (Formative Intervention: University Service, Counseling, Discipline Education Program, & Evaluation)"
Students talked loudly while walking in and out of class during a lecture.,Campus and Public Disturbances,"Misconduct inside the class (F2F or online), library, laboratory, or any place inside the campus.",1st Offense,"Category 2 (Formative Intervention: University Service, Counseling, Discipline Education Program, & Evaluation)"
A student ignored repeated warnings to stop disruptive behavior in class.,Campus and Public Disturbances,"Misconduct inside the class (F2F or online), library, laboratory, or any place inside the campus.",1st Offense,"Category 2 (Formative Intervention: University Service, Counseling, Discipline Education Program, & Evaluation)"
"A student made loud, sarcastic comments throughout a lecture.",Campus and Public Disturbances,"Misconduct inside the class (F2F or online), library, laboratory, or any place inside the campus.",1st Offense,"Category 2 (Formative Intervention: University Service, Counseling, Discipline Education Program, & Evaluation)"
"Two students were talking loudly in the library, disturbing others.",Campus and Public Disturbances,"Misconduct inside the class (F2F or online), library, laboratory, or any place inside the campus.",2nd Offense,"Category 3 (Non-Readmission, denial of admission but is allowed to finish current term)"
A student loudly criticized the professor during an online lecture.,Campus and Public Disturbances,"Misconduct inside the class (F2F or online), library, laboratory, or any place inside the campus.",2nd Offense,"Category 3 (Non-Readmission, denial of admission but is allowed to finish current term)"
A student watched videos in the library with sound on full volume.,Campus and Public Disturbances,"Misconduct inside the class (F2F or online), library, laboratory, or any place inside the campus.",2nd Offense,"Category 3 (Non-Readmission, denial of admission but is allowed to finish current term)"
A student constantly used their laptop to play games during class.,Campus and Public Disturbances,"Misconduct inside the class (F2F or online), library, laboratory, or any place inside the campus.",2nd Offense,"Category 3 (Non-Readmission, denial of admission but is allowed to finish current term)"
"A student continuously interrupted the teacher, making it hard for others to learn.",Campus and Public Disturbances,"Misconduct inside the class (F2F or online), library, laboratory, or any place inside the campus.",2nd Offense,"Category 3 (Non-Readmission, denial of admission but is allowed to finish current term)"
"Students threw paper balls across the classroom, causing distraction.",Campus and Public Disturbances,"Misconduct inside the class (F2F or online), library, laboratory, or any place inside the campus.",2nd Offense,"Category 3 (Non-Readmission, denial of admission but is allowed to finish current term)"
A group of students laughed loudly during an important presentation.,Campus and Public Disturbances,"Misconduct inside the class (F2F or online), library, laboratory, or any place inside the campus.",2nd Offense,"Category 3 (Non-Readmission, denial of admission but is allowed to finish current term)"
"A student made fun of other students' presentations, causing laughter.",Campus and Public Disturbances,"Misconduct inside the class (F2F or online), library, laboratory, or any place inside the campus.",2nd Offense,"Category 3 (Non-Readmission, denial of admission but is allowed to finish current term)"
"A student sang loudly during a lecture, disrupting the class.",Campus and Public Disturbances,"Misconduct inside the class (F2F or online), library, laboratory, or any place inside the campus.",2nd Offense,"Category 3 (Non-Readmission, denial of admission but is allowed to finish current term)"
A student disrupted class by shouting loudly.,Campus and Public Disturbances,"Misconduct inside the class (F2F or online), library, laboratory, or any place inside the campus.",2nd Offense,"Category 3 (Non-Readmission, denial of admission but is allowed to finish current term)"
A student constantly interrupted classmates during a discussion.,Campus and Public Disturbances,"Misconduct inside the class (F2F or online), library, laboratory, or any place inside the campus.",2nd Offense,"Category 3 (Non-Readmission, denial of admission but is allowed to finish current term)"
A student played loud music through their headphones in the library.,Campus and Public Disturbances,"Misconduct inside the class (F2F or online), library, laboratory, or any place inside the campus.",2nd Offense,"Category 3 (Non-Readmission, denial of admission but is allowed to finish current term)"
Heckling during a presentation caused confusion and interruptions.,Campus and Public Disturbances,"Misconduct inside the class (F2F or online), library, laboratory, or any place inside the campus.",2nd Offense,"Category 3 (Non-Readmission, denial of admission but is allowed to finish current term)"
A student kept texting during an in-class group discussion.,Campus and Public Disturbances,"Misconduct inside the class (F2F or online), library, laboratory, or any place inside the campus.",2nd Offense,"Category 3 (Non-Readmission, denial of admission but is allowed to finish current term)"
A student intentionally pulled the fire alarm during an important academic event.,Campus and Public Disturbances,Deliberate disruption of an academic function or school activity.,1st Offense,"Category 2 (Formative Intervention: University Service, Counseling, Discipline Education Program, & Evaluation)"
A student interrupted a choir performance by shouting random words.,Campus and Public Disturbances,Deliberate disruption of an academic function or school activity.,1st Offense,"Category 2 (Formative Intervention: University Service, Counseling, Discipline Education Program, & Evaluation)"
Several students kept leaving and reentering the event to distract the speaker.,Campus and Public Disturbances,Deliberate disruption of an academic function or school activity.,1st Offense,"Category 2 (Formative Intervention: University Service, Counseling, Discipline Education Program, & Evaluation)"
A group of students blew whistles during a silent academic protest event.,Campus and Public Disturbances,Deliberate disruption of an academic function or school activity.,1st Offense,"Category 2 (Formative Intervention: University Service, Counseling, Discipline Education Program, & Evaluation)"
Students threw paper airplanes during a university president’s speech.,Campus and Public Disturbances,Deliberate disruption of an academic function or school activity.,1st Offense,"Category 2 (Formative Intervention: University Service, Counseling, Discipline Education Program, & Evaluation)"
Some students threw garbage on the stage performer during a performance on NU Bites.,Campus and Public Disturbances,Deliberate disruption of an academic function or school activity.,1st Offense,"Category 2 (Formative Intervention: University Service, Counseling, Discipline Education Program, & Evaluation)"
Students deliberately blocked the stage during a school performance.,Campus and Public Disturbances,Deliberate disruption of an academic function or school activity.,1st Offense,"Category 2 (Formative Intervention: University Service, Counseling, Discipline Education Program, & Evaluation)"
A student threw a microphone on stage during a formal lecture.,Campus and Public Disturbances,Deliberate disruption of an academic function or school activity.,1st Offense,"Category 2 (Formative Intervention: University Service, Counseling, Discipline Education Program, & Evaluation)"
"A group of students created chaos during a university conference, disrupting speakers.",Campus and Public Disturbances,Deliberate disruption of an academic function or school activity.,1st Offense,"Category 2 (Formative Intervention: University Service, Counseling, Discipline Education Program, & Evaluation)"
A student screamed loudly to interrupt the quiet presentation of awards.,Campus and Public Disturbances,Deliberate disruption of an academic function or school activity.,1st Offense,"Category 2 (Formative Intervention: University Service, Counseling, Discipline Education Program, & Evaluation)"
A student set off a loud alarm during a formal academic lecture.,Campus and Public Disturbances,Deliberate disruption of an academic function or school activity.,1st Offense,"Category 2 (Formative Intervention: University Service, Counseling, Discipline Education Program, & Evaluation)"
A student set off stink bombs during a formal academic function.,Campus and Public Disturbances,Deliberate disruption of an academic function or school activity.,1st Offense,"Category 2 (Formative Intervention: University Service, Counseling, Discipline Education Program, & Evaluation)"
A student interrupted a performance during a school activity with loud comments.,Campus and Public Disturbances,Deliberate disruption of an academic function or school activity.,1st Offense,"Category 2 (Formative Intervention: University Service, Counseling, Discipline Education Program, & Evaluation)"
A group of students shouted inappropriate comments during a debate competition.,Campus and Public Disturbances,Deliberate disruption of an academic function or school activity.,1st Offense,"Category 2 (Formative Intervention: University Service, Counseling, Discipline Education Program, & Evaluation)"
"A student mimicked the guest speaker, causing laughter and chaos.",Campus and Public Disturbances,Deliberate disruption of an academic function or school activity.,1st Offense,"Category 2 (Formative Intervention: University Service, Counseling, Discipline Education Program, & Evaluation)"
A disruptive student played loud music during an official academic event.,Campus and Public Disturbances,Deliberate disruption of an academic function or school activity.,1st Offense,"Category 2 (Formative Intervention: University Service, Counseling, Discipline Education Program, & Evaluation)"
"During a presentation, several students laughed uncontrollably, disrupting the event.",Campus and Public Disturbances,Deliberate disruption of an academic function or school activity.,1st Offense,"Category 2 (Formative Intervention: University Service, Counseling, Discipline Education Program, & Evaluation)"
A group of students refused to sit down and made loud noises during a school play.,Campus and Public Disturbances,Deliberate disruption of an academic function or school activity.,1st Offense,"Category 2 (Formative Intervention: University Service, Counseling, Discipline Education Program, & Evaluation)"
Students banged on the walls during a music recital to disrupt the performance.,Campus and Public Disturbances,Deliberate disruption of an academic function or school activity.,1st Offense,"Category 2 (Formative Intervention: University Service, Counseling, Discipline Education Program, & Evaluation)"
Students started clapping loudly and out of turn during an academic ceremony.,Campus and Public Disturbances,Deliberate disruption of an academic function or school activity.,1st Offense,"Category 2 (Formative Intervention: University Service, Counseling, Discipline Education Program, & Evaluation)"
A group of students refused to participate and mocked the academic procession.,Campus and Public Disturbances,Deliberate disruption of an academic function or school activity.,1st Offense,"Category 2 (Formative Intervention: University Service, Counseling, Discipline Education Program, & Evaluation)"
A group of students danced inappropriately on stage during a university event.,Campus and Public Disturbances,Deliberate disruption of an academic function or school activity.,1st Offense,"Category 2 (Formative Intervention: University Service, Counseling, Discipline Education Program, & Evaluation)"
A student set off fireworks during a university convocation event.,Campus and Public Disturbances,Deliberate disruption of an academic function or school activity.,1st Offense,"Category 2 (Formative Intervention: University Service, Counseling, Discipline Education Program, & Evaluation)"
A student rushed to the stage and interrupted the speaker during a school event.,Campus and Public Disturbances,Deliberate disruption of an academic function or school activity.,1st Offense,"Category 2 (Formative Intervention: University Service, Counseling, Discipline Education Program, & Evaluation)"
A student disrupted a university assembly by spraying water in the crowd.,Campus and Public Disturbances,Deliberate disruption of an academic function or school activity.,1st Offense,"Category 2 (Formative Intervention: University Service, Counseling, Discipline Education Program, & Evaluation)"
Students were loudly mocking the guest speaker during a university event.,Campus and Public Disturbances,Deliberate disruption of an academic function or school activity.,1st Offense,"Category 2 (Formative Intervention: University Service, Counseling, Discipline Education Program, & Evaluation)"
"Students deliberately disorganized the seating arrangement, delaying the event.",Campus and Public Disturbances,Deliberate disruption of an academic function or school activity.,1st Offense,"Category 2 (Formative Intervention: University Service, Counseling, Discipline Education Program, & Evaluation)"
A student played a loud air horn during a quiet academic ceremony.,Campus and Public Disturbances,Deliberate disruption of an academic function or school activity.,2nd Offense,"Category 3 (Non-Readmission, denial of admission but is allowed to finish current term)"
Students jeered during the announcement of an academic award ceremony.,Campus and Public Disturbances,Deliberate disruption of an academic function or school activity.,2nd Offense,"Category 3 (Non-Readmission, denial of admission but is allowed to finish current term)"
A group of students heckled and booed during an important school announcement.,Campus and Public Disturbances,Deliberate disruption of an academic function or school activity.,2nd Offense,"Category 3 (Non-Readmission, denial of admission but is allowed to finish current term)"
Students deliberately cheered loudly during a solemn university assembly.,Campus and Public Disturbances,Deliberate disruption of an academic function or school activity.,2nd Offense,"Category 3 (Non-Readmission, denial of admission but is allowed to finish current term)"
Students booed loudly during the dean's formal address.,Campus and Public Disturbances,Deliberate disruption of an academic function or school activity.,2nd Offense,"Category 3 (Non-Readmission, denial of admission but is allowed to finish current term)"
A student deliberately disrupted a school assembly by shouting and causing a scene.,Campus and Public Disturbances,Deliberate disruption of an academic function or school activity.,2nd Offense,"Category 3 (Non-Readmission, denial of admission but is allowed to finish current term)"
"A student staged a protest during an official university event, causing disruptions.",Campus and Public Disturbances,Deliberate disruption of an academic function or school activity.,2nd Offense,"Category 3 (Non-Readmission, denial of admission but is allowed to finish current term)"
A group of students played pranks on participants during a science exhibition.,Campus and Public Disturbances,Deliberate disruption of an academic function or school activity.,2nd Offense,"Category 3 (Non-Readmission, denial of admission but is allowed to finish current term)"
"A student started a food fight during a school banquet, causing chaos.",Campus and Public Disturbances,Deliberate disruption of an academic function or school activity.,2nd Offense,"Category 3 (Non-Readmission, denial of admission but is allowed to finish current term)"
"Students banged on the tables, causing a distraction during a school function.",Campus and Public Disturbances,Deliberate disruption of an academic function or school activity.,2nd Offense,"Category 3 (Non-Readmission, denial of admission but is allowed to finish current term)"
Students threw objects at each other during a formal school assembly.,Campus and Public Disturbances,Deliberate disruption of an academic function or school activity.,2nd Offense,"Category 3 (Non-Readmission, denial of admission but is allowed to finish current term)"
A student deliberately turned off the lights during a school presentation.,Campus and Public Disturbances,Deliberate disruption of an academic function or school activity.,2nd Offense,"Category 3 (Non-Readmission, denial of admission but is allowed to finish current term)"
A group of students passed out flyers mocking the event during the assembly.,Campus and Public Disturbances,Deliberate disruption of an academic function or school activity.,2nd Offense,"Category 3 (Non-Readmission, denial of admission but is allowed to finish current term)"
Several students threw confetti during a formal academic ceremony.,Campus and Public Disturbances,Deliberate disruption of an academic function or school activity.,2nd Offense,"Category 3 (Non-Readmission, denial of admission but is allowed to finish current term)"
A group of students attacked each other during a campus event after-party.,Campus and Public Disturbances,Brawl within the University premises or during an academic function or school activity outside the University.,1st Offense,"Category 3 (Non-Readmission, denial of admission but is allowed to finish current term)"
A fight erupted between students after a disagreement over class presentations.,Campus and Public Disturbances,Brawl within the University premises or during an academic function or school activity outside the University.,1st Offense,"Category 3 (Non-Readmission, denial of admission but is allowed to finish current term)"
Two students fought in front of the student union after an online debate escalated.,Campus and Public Disturbances,Brawl within the University premises or during an academic function or school activity outside the University.,1st Offense,"Category 3 (Non-Readmission, denial of admission but is allowed to finish current term)"
Students started fighting after a heated argument during a campus club meeting.,Campus and Public Disturbances,Brawl within the University premises or during an academic function or school activity outside the University.,1st Offense,"Category 3 (Non-Readmission, denial of admission but is allowed to finish current term)"
A brawl erupted in the dormitory lounge after a heated chess match.,Campus and Public Disturbances,Brawl within the University premises or during an academic function or school activity outside the University.,1st Offense,"Category 3 (Non-Readmission, denial of admission but is allowed to finish current term)"
A group of students fought over a seat at the student lounge.,Campus and Public Disturbances,Brawl within the University premises or during an academic function or school activity outside the University.,1st Offense,"Category 3 (Non-Readmission, denial of admission but is allowed to finish current term)"
A brawl ensued between students after a disagreement in class.,Campus and Public Disturbances,Brawl within the University premises or during an academic function or school activity outside the University.,1st Offense,"Category 3 (Non-Readmission, denial of admission but is allowed to finish current term)"
A fight broke out during a student government election campaign event.,Campus and Public Disturbances,Brawl within the University premises or during an academic function or school activity outside the University.,1st Offense,"Category 3 (Non-Readmission, denial of admission but is allowed to finish current term)"
"Students fought during an academic rally on campus, causing injuries.",Campus and Public Disturbances,Brawl within the University premises or during an academic function or school activity outside the University.,1st Offense,"Category 3 (Non-Readmission, denial of admission but is allowed to finish current term)"
A brawl broke out in the library after a group of students clashed over study space.,Campus and Public Disturbances,Brawl within the University premises or during an academic function or school activity outside the University.,1st Offense,"Category 3 (Non-Readmission, denial of admission but is allowed to finish current term)"
A large fight broke out in the school cafeteria between two groups of students.,Campus and Public Disturbances,Brawl within the University premises or during an academic function or school activity outside the University.,1st Offense,"Category 3 (Non-Readmission, denial of admission but is allowed to finish current term)"
Several students started throwing punches at each other in the hallway.,Campus and Public Disturbances,Brawl within the University premises or during an academic function or school activity outside the University.,1st Offense,"Category 3 (Non-Readmission, denial of admission but is allowed to finish current term)"
A fight broke out during a university-sponsored music festival.,Campus and Public Disturbances,Brawl within the University premises or during an academic function or school activity outside the University.,1st Offense,"Category 3 (Non-Readmission, denial of admission but is allowed to finish current term)"
A fight broke out at a campus cultural festival after an argument over performances.,Campus and Public Disturbances,Brawl within the University premises or during an academic function or school activity outside the University.,1st Offense,"Category 3 (Non-Readmission, denial of admission but is allowed to finish current term)"
"A brawl erupted during a school festival, causing a major disturbance.",Campus and Public Disturbances,Brawl within the University premises or during an academic function or school activity outside the University.,1st Offense,"Category 3 (Non-Readmission, denial of admission but is allowed to finish current term)"
Two students had a fist fight during NU Bites.,Campus and Public Disturbances,Brawl within the University premises or during an academic function or school activity outside the University.,1st Offense,"Category 3 (Non-Readmission, denial of admission but is allowed to finish current term)"
Students clashed violently during an on-campus protest.,Campus and Public Disturbances,Brawl within the University premises or during an academic function or school activity outside the University.,1st Offense,"Category 3 (Non-Readmission, denial of admission but is allowed to finish current term)"
Students brawled during a fraternity event on school grounds.,Campus and Public Disturbances,Brawl within the University premises or during an academic function or school activity outside the University.,1st Offense,"Category 3 (Non-Readmission, denial of admission but is allowed to finish current term)"
Several students brawled after an argument escalated during a school play rehearsal.,Campus and Public Disturbances,Brawl within the University premises or during an academic function or school activity outside the University.,1st Offense,"Category 3 (Non-Readmission, denial of admission but is allowed to finish current term)"
Several students got into a brawl at the entrance of the school dormitories.,Campus and Public Disturbances,Brawl within the University premises or during an academic function or school activity outside the University.,1st Offense,"Category 3 (Non-Readmission, denial of admission but is allowed to finish current term)"
"Students fought during a university concert, disrupting the event.",Campus and Public Disturbances,Brawl within the University premises or during an academic function or school activity outside the University.,1st Offense,"Category 3 (Non-Readmission, denial of admission but is allowed to finish current term)"
"A fight broke out during a school pep rally, creating chaos.",Campus and Public Disturbances,Brawl within the University premises or during an academic function or school activity outside the University.,1st Offense,"Category 3 (Non-Readmission, denial of admission but is allowed to finish current term)"
A brawl ensued after a disagreement during an academic quiz bowl event.,Campus and Public Disturbances,Brawl within the University premises or during an academic function or school activity outside the University.,1st Offense,"Category 3 (Non-Readmission, denial of admission but is allowed to finish current term)"
Two students engaged in a physical confrontation during a school-organized event.,Campus and Public Disturbances,Brawl within the University premises or during an academic function or school activity outside the University.,1st Offense,"Category 3 (Non-Readmission, denial of admission but is allowed to finish current term)"
A group of students fought at the school gym during a sports practice.,Campus and Public Disturbances,Brawl within the University premises or during an academic function or school activity outside the University.,1st Offense,"Category 3 (Non-Readmission, denial of admission but is allowed to finish current term)"
A brawl broke out during a campus talent show after an argument about performances.,Campus and Public Disturbances,Brawl within the University premises or during an academic function or school activity outside the University.,1st Offense,"Category 3 (Non-Readmission, denial of admission but is allowed to finish current term)"
Students threw chairs at each other during a cafeteria brawl.,Campus and Public Disturbances,Brawl within the University premises or during an academic function or school activity outside the University.,1st Offense,"Category 3 (Non-Readmission, denial of admission but is allowed to finish current term)"
A large brawl disrupted the final moments of a university basketball game.,Campus and Public Disturbances,Brawl within the University premises or during an academic function or school activity outside the University.,1st Offense,"Category 3 (Non-Readmission, denial of admission but is allowed to finish current term)"
Students started a brawl after a game of basketball turned violent.,Campus and Public Disturbances,Brawl within the University premises or during an academic function or school activity outside the University.,1st Offense,"Category 3 (Non-Readmission, denial of admission but is allowed to finish current term)"
Several students clashed violently after a heated argument over a study group.,Campus and Public Disturbances,Brawl within the University premises or during an academic function or school activity outside the University.,1st Offense,"Category 3 (Non-Readmission, denial of admission but is allowed to finish current term)"
A fight broke out during a university-wide student elections debate.,Campus and Public Disturbances,Brawl within the University premises or during an academic function or school activity outside the University.,1st Offense,"Category 3 (Non-Readmission, denial of admission but is allowed to finish current term)"
Several students brawled during a student council meeting.,Campus and Public Disturbances,Brawl within the University premises or during an academic function or school activity outside the University.,1st Offense,"Category 3 (Non-Readmission, denial of admission but is allowed to finish current term)"
A fight broke out between students during a university sports event.,Campus and Public Disturbances,Brawl within the University premises or during an academic function or school activity outside the University.,1st Offense,"Category 3 (Non-Readmission, denial of admission but is allowed to finish current term)"
A fight occurred in the university quad after a heated political discussion.,Campus and Public Disturbances,Brawl within the University premises or during an academic function or school activity outside the University.,1st Offense,"Category 3 (Non-Readmission, denial of admission but is allowed to finish current term)"
A large brawl erupted at the campus fountain after an online argument.,Campus and Public Disturbances,Brawl within the University premises or during an academic function or school activity outside the University.,1st Offense,"Category 3 (Non-Readmission, denial of admission but is allowed to finish current term)"
Several students fought during a university-organized field trip.,Campus and Public Disturbances,Brawl within the University premises or during an academic function or school activity outside the University.,1st Offense,"Category 3 (Non-Readmission, denial of admission but is allowed to finish current term)"
Students exchanged blows in front of the auditorium after an argument.,Campus and Public Disturbances,Brawl within the University premises or during an academic function or school activity outside the University.,1st Offense,"Category 3 (Non-Readmission, denial of admission but is allowed to finish current term)"
Two students began fighting in the school parking lot after a heated argument.,Campus and Public Disturbances,Brawl within the University premises or during an academic function or school activity outside the University.,1st Offense,"Category 3 (Non-Readmission, denial of admission but is allowed to finish current term)"
Several students brawled at the campus bookstore after an argument over supplies.,Campus and Public Disturbances,Brawl within the University premises or during an academic function or school activity outside the University.,1st Offense,"Category 3 (Non-Readmission, denial of admission but is allowed to finish current term)"
A fight broke out at the university cafeteria after someone cut in line.,Campus and Public Disturbances,Brawl within the University premises or during an academic function or school activity outside the University.,1st Offense,"Category 3 (Non-Readmission, denial of admission but is allowed to finish current term)"
A fight broke out at the school dorms after a loud party complaint.,Campus and Public Disturbances,Brawl within the University premises or during an academic function or school activity outside the University.,1st Offense,"Category 3 (Non-Readmission, denial of admission but is allowed to finish current term)"
A student hit another student during a heated argument.,Campus and Public Disturbances,Inflicting physical injuries on another inside the University premises or during an academic function or school activity outside the University.,1st Offense,"Category 3 (Non-Readmission, denial of admission but is allowed to finish current term)"
"A fight broke out, and a student punched another student in the face.",Campus and Public Disturbances,Inflicting physical injuries on another inside the University premises or during an academic function or school activity outside the University.,1st Offense,"Category 3 (Non-Readmission, denial of admission but is allowed to finish current term)"
A student slapped another in the hallway after a verbal confrontation.,Campus and Public Disturbances,Inflicting physical injuries on another inside the University premises or during an academic function or school activity outside the University.,1st Offense,"Category 3 (Non-Readmission, denial of admission but is allowed to finish current term)"
A student kicked another during a physical altercation in the library.,Campus and Public Disturbances,Inflicting physical injuries on another inside the University premises or during an academic function or school activity outside the University.,1st Offense,"Category 3 (Non-Readmission, denial of admission but is allowed to finish current term)"
"A student pushed another down the stairs, causing injury.",Campus and Public Disturbances,Inflicting physical injuries on another inside the University premises or during an academic function or school activity outside the University.,1st Offense,"Category 3 (Non-Readmission, denial of admission but is allowed to finish current term)"
A student threw a chair at a classmate in a fit of anger.,Campus and Public Disturbances,Inflicting physical injuries on another inside the University premises or during an academic function or school activity outside the University.,1st Offense,"Category 3 (Non-Readmission, denial of admission but is allowed to finish current term)"
A student injured another student with a sharp object during a fight.,Campus and Public Disturbances,Inflicting physical injuries on another inside the University premises or during an academic function or school activity outside the University.,1st Offense,"Category 3 (Non-Readmission, denial of admission but is allowed to finish current term)"
A student broke a fellow student’s nose during an argument in the cafeteria.,Campus and Public Disturbances,Inflicting physical injuries on another inside the University premises or during an academic function or school activity outside the University.,1st Offense,"Category 3 (Non-Readmission, denial of admission but is allowed to finish current term)"
A student punched another during a sports practice.,Campus and Public Disturbances,Inflicting physical injuries on another inside the University premises or during an academic function or school activity outside the University.,1st Offense,"Category 3 (Non-Readmission, denial of admission but is allowed to finish current term)"
"A student attacked a classmate with a book, causing bruising.",Campus and Public Disturbances,Inflicting physical injuries on another inside the University premises or during an academic function or school activity outside the University.,1st Offense,"Category 3 (Non-Readmission, denial of admission but is allowed to finish current term)"
A student injured another student by throwing a laptop at them.,Campus and Public Disturbances,Inflicting physical injuries on another inside the University premises or during an academic function or school activity outside the University.,1st Offense,"Category 3 (Non-Readmission, denial of admission but is allowed to finish current term)"
A student scratched another student's arm during a physical confrontation.,Campus and Public Disturbances,Inflicting physical injuries on another inside the University premises or during an academic function or school activity outside the University.,1st Offense,"Category 3 (Non-Readmission, denial of admission but is allowed to finish current term)"
A student bit another student during a brawl in the dormitory.,Campus and Public Disturbances,Inflicting physical injuries on another inside the University premises or during an academic function or school activity outside the University.,1st Offense,"Category 3 (Non-Readmission, denial of admission but is allowed to finish current term)"
"A student threw a rock at a classmate during a campus protest, injuring them.",Campus and Public Disturbances,Inflicting physical injuries on another inside the University premises or during an academic function or school activity outside the University.,1st Offense,"Category 3 (Non-Readmission, denial of admission but is allowed to finish current term)"
A student hit another student with a broomstick during a janitorial dispute.,Campus and Public Disturbances,Inflicting physical injuries on another inside the University premises or during an academic function or school activity outside the University.,1st Offense,"Category 3 (Non-Readmission, denial of admission but is allowed to finish current term)"
A student kneed another student in the stomach during a fight in the gym.,Campus and Public Disturbances,Inflicting physical injuries on another inside the University premises or during an academic function or school activity outside the University.,1st Offense,"Category 3 (Non-Readmission, denial of admission but is allowed to finish current term)"
A student hit a classmate with a bottle during a heated debate.,Campus and Public Disturbances,Inflicting physical injuries on another inside the University premises or during an academic function or school activity outside the University.,1st Offense,"Category 3 (Non-Readmission, denial of admission but is allowed to finish current term)"
"A student stomped on another student's hand, causing injury.",Campus and Public Disturbances,Inflicting physical injuries on another inside the University premises or during an academic function or school activity outside the University.,1st Offense,"Category 3 (Non-Readmission, denial of admission but is allowed to finish current term)"
A student twisted a classmate’s arm in a fight over seating.,Campus and Public Disturbances,Inflicting physical injuries on another inside the University premises or during an academic function or school activity outside the University.,1st Offense,"Category 3 (Non-Readmission, denial of admission but is allowed to finish current term)"
A student headbutted another student in the face during a confrontation.,Campus and Public Disturbances,Inflicting physical injuries on another inside the University premises or during an academic function or school activity outside the University.,1st Offense,"Category 3 (Non-Readmission, denial of admission but is allowed to finish current term)"
"A student threw hot coffee at a classmate, causing burns.",Campus and Public Disturbances,Inflicting physical injuries on another inside the University premises or during an academic function or school activity outside the University.,1st Offense,"Category 3 (Non-Readmission, denial of admission but is allowed to finish current term)"
"A student hit a classmate with a notebook, resulting in minor injuries.",Campus and Public Disturbances,Inflicting physical injuries on another inside the University premises or during an academic function or school activity outside the University.,1st Offense,"Category 3 (Non-Readmission, denial of admission but is allowed to finish current term)"
"A student pushed a classmate into a locker, injuring their back.",Campus and Public Disturbances,Inflicting physical injuries on another inside the University premises or during an academic function or school activity outside the University.,1st Offense,"Category 3 (Non-Readmission, denial of admission but is allowed to finish current term)"
A student hit another student with a basketball during a heated game.,Campus and Public Disturbances,Inflicting physical injuries on another inside the University premises or during an academic function or school activity outside the University.,1st Offense,"Category 3 (Non-Readmission, denial of admission but is allowed to finish current term)"
A student punched a classmate in the stomach during an argument.,Campus and Public Disturbances,Inflicting physical injuries on another inside the University premises or during an academic function or school activity outside the University.,1st Offense,"Category 3 (Non-Readmission, denial of admission but is allowed to finish current term)"
"A student attacked another student with a pen, causing injury.",Campus and Public Disturbances,Inflicting physical injuries on another inside the University premises or during an academic function or school activity outside the University.,1st Offense,"Category 3 (Non-Readmission, denial of admission but is allowed to finish current term)"
A student hit a classmate in the face with their phone during an altercation.,Campus and Public Disturbances,Inflicting physical injuries on another inside the University premises or during an academic function or school activity outside the University.,1st Offense,"Category 3 (Non-Readmission, denial of admission but is allowed to finish current term)"
A student injured a classmate by pulling their hair during a fight.,Campus and Public Disturbances,Inflicting physical injuries on another inside the University premises or during an academic function or school activity outside the University.,1st Offense,"Category 3 (Non-Readmission, denial of admission but is allowed to finish current term)"
A student kicked a classmate in the shin during an argument.,Campus and Public Disturbances,Inflicting physical injuries on another inside the University premises or during an academic function or school activity outside the University.,1st Offense,"Category 3 (Non-Readmission, denial of admission but is allowed to finish current term)"
"A student threw a shoe at another student, causing injury.",Campus and Public Disturbances,Inflicting physical injuries on another inside the University premises or during an academic function or school activity outside the University.,1st Offense,"Category 3 (Non-Readmission, denial of admission but is allowed to finish current term)"
A student hit a classmate on the head with a water bottle.,Campus and Public Disturbances,Inflicting physical injuries on another inside the University premises or during an academic function or school activity outside the University.,1st Offense,"Category 3 (Non-Readmission, denial of admission but is allowed to finish current term)"
A student injured another by throwing a desk during a fight.,Campus and Public Disturbances,Inflicting physical injuries on another inside the University premises or during an academic function or school activity outside the University.,1st Offense,"Category 3 (Non-Readmission, denial of admission but is allowed to finish current term)"
"A student shoved a classmate against the wall, injuring them.",Campus and Public Disturbances,Inflicting physical injuries on another inside the University premises or during an academic function or school activity outside the University.,1st Offense,"Category 3 (Non-Readmission, denial of admission but is allowed to finish current term)"
A student injured another by slamming the classroom door on them.,Campus and Public Disturbances,Inflicting physical injuries on another inside the University premises or during an academic function or school activity outside the University.,1st Offense,"Category 3 (Non-Readmission, denial of admission but is allowed to finish current term)"
A student threw a book at another student during a heated debate.,Campus and Public Disturbances,Inflicting physical injuries on another inside the University premises or during an academic function or school activity outside the University.,1st Offense,"Category 3 (Non-Readmission, denial of admission but is allowed to finish current term)"
A student caused injury by pulling a classmate’s chair out from under them.,Campus and Public Disturbances,Inflicting physical injuries on another inside the University premises or during an academic function or school activity outside the University.,1st Offense,"Category 3 (Non-Readmission, denial of admission but is allowed to finish current term)"
A student elbowed a classmate in the face during a heated basketball game.,Campus and Public Disturbances,Inflicting physical injuries on another inside the University premises or during an academic function or school activity outside the University.,1st Offense,"Category 3 (Non-Readmission, denial of admission but is allowed to finish current term)"
A student slapped a classmate during an argument over a project.,Campus and Public Disturbances,Inflicting physical injuries on another inside the University premises or during an academic function or school activity outside the University.,1st Offense,"Category 3 (Non-Readmission, denial of admission but is allowed to finish current term)"
A student caused injury by throwing a soccer ball at a classmate’s head.,Campus and Public Disturbances,Inflicting physical injuries on another inside the University premises or during an academic function or school activity outside the University.,1st Offense,"Category 3 (Non-Readmission, denial of admission but is allowed to finish current term)"
A student scratched a classmate’s face during a confrontation in the hallway.,Campus and Public Disturbances,Inflicting physical injuries on another inside the University premises or during an academic function or school activity outside the University.,1st Offense,"Category 3 (Non-Readmission, denial of admission but is allowed to finish current term)"
A student punched another student after being provoked during class.,Campus and Public Disturbances,Inflicting physical injuries on another inside the University premises or during an academic function or school activity outside the University.,1st Offense,"Category 3 (Non-Readmission, denial of admission but is allowed to finish current term)"
A student threw a laptop at a university officer after a disciplinary hearing.,Campus and Public Disturbances,"Direct assault upon the person of any member of the administration, faculty, administrative support personnel (ASP), or any student or person vested with authority.",1st Offense,"Category 3 (Non-Readmission, denial of admission but is allowed to finish current term)"
A student slapped an administrative officer after a heated disagreement.,Campus and Public Disturbances,"Direct assault upon the person of any member of the administration, faculty, administrative support personnel (ASP), or any student or person vested with authority.",1st Offense,"Category 3 (Non-Readmission, denial of admission but is allowed to finish current term)"
A student attacked a department head after a dispute over a thesis grade.,Campus and Public Disturbances,"Direct assault upon the person of any member of the administration, faculty, administrative support personnel (ASP), or any student or person vested with authority.",1st Offense,"Category 3 (Non-Readmission, denial of admission but is allowed to finish current term)"
A student threw a book at a faculty member during an argument over homework.,Campus and Public Disturbances,"Direct assault upon the person of any member of the administration, faculty, administrative support personnel (ASP), or any student or person vested with authority.",1st Offense,"Category 3 (Non-Readmission, denial of admission but is allowed to finish current term)"
A student hit a faculty member with a book in a fit of rage.,Campus and Public Disturbances,"Direct assault upon the person of any member of the administration, faculty, administrative support personnel (ASP), or any student or person vested with authority.",1st Offense,"Category 3 (Non-Readmission, denial of admission but is allowed to finish current term)"
A student spit on a university staff member after being caught breaking a rule.,Campus and Public Disturbances,"Direct assault upon the person of any member of the administration, faculty, administrative support personnel (ASP), or any student or person vested with authority.",1st Offense,"Category 3 (Non-Readmission, denial of admission but is allowed to finish current term)"
A student punched a guidance counselor in a dispute over advice.,Campus and Public Disturbances,"Direct assault upon the person of any member of the administration, faculty, administrative support personnel (ASP), or any student or person vested with authority.",1st Offense,"Category 3 (Non-Readmission, denial of admission but is allowed to finish current term)"
A student shoved an administrative officer during a discussion about grades.,Campus and Public Disturbances,"Direct assault upon the person of any member of the administration, faculty, administrative support personnel (ASP), or any student or person vested with authority.",1st Offense,"Category 3 (Non-Readmission, denial of admission but is allowed to finish current term)"
A student threw a water bottle at a professor during an online class.,Campus and Public Disturbances,"Direct assault upon the person of any member of the administration, faculty, administrative support personnel (ASP), or any student or person vested with authority.",1st Offense,"Category 3 (Non-Readmission, denial of admission but is allowed to finish current term)"
A student kicked an administrator during a meeting over disciplinary actions.,Campus and Public Disturbances,"Direct assault upon the person of any member of the administration, faculty, administrative support personnel (ASP), or any student or person vested with authority.",1st Offense,"Category 3 (Non-Readmission, denial of admission but is allowed to finish current term)"
A student hit a professor with a coffee mug in a fit of anger.,Campus and Public Disturbances,"Direct assault upon the person of any member of the administration, faculty, administrative support personnel (ASP), or any student or person vested with authority.",1st Offense,"Category 3 (Non-Readmission, denial of admission but is allowed to finish current term)"
A student hit a faculty member with a ruler during a classroom altercation.,Campus and Public Disturbances,"Direct assault upon the person of any member of the administration, faculty, administrative support personnel (ASP), or any student or person vested with authority.",1st Offense,"Category 3 (Non-Readmission, denial of admission but is allowed to finish current term)"
A student punched a teaching assistant after being told to stay quiet.,Campus and Public Disturbances,"Direct assault upon the person of any member of the administration, faculty, administrative support personnel (ASP), or any student or person vested with authority.",1st Offense,"Category 3 (Non-Readmission, denial of admission but is allowed to finish current term)"
A student grabbed and threw a chair at an administrative assistant.,Campus and Public Disturbances,"Direct assault upon the person of any member of the administration, faculty, administrative support personnel (ASP), or any student or person vested with authority.",1st Offense,"Category 3 (Non-Readmission, denial of admission but is allowed to finish current term)"
A student punched a professor in the face after a dispute over grades.,Campus and Public Disturbances,"Direct assault upon the person of any member of the administration, faculty, administrative support personnel (ASP), or any student or person vested with authority.",1st Offense,"Category 3 (Non-Readmission, denial of admission but is allowed to finish current term)"
A student pushed a staff member out of frustration after being reprimanded.,Campus and Public Disturbances,"Direct assault upon the person of any member of the administration, faculty, administrative support personnel (ASP), or any student or person vested with authority.",1st Offense,"Category 3 (Non-Readmission, denial of admission but is allowed to finish current term)"
A student slapped a teaching assistant during an exam review session.,Campus and Public Disturbances,"Direct assault upon the person of any member of the administration, faculty, administrative support personnel (ASP), or any student or person vested with authority.",1st Offense,"Category 3 (Non-Readmission, denial of admission but is allowed to finish current term)"
A student pushed a faculty member during an argument over exam results.,Campus and Public Disturbances,"Direct assault upon the person of any member of the administration, faculty, administrative support personnel (ASP), or any student or person vested with authority.",1st Offense,"Category 3 (Non-Readmission, denial of admission but is allowed to finish current term)"
A student shoved a faculty member into a door after an argument.,Campus and Public Disturbances,"Direct assault upon the person of any member of the administration, faculty, administrative support personnel (ASP), or any student or person vested with authority.",1st Offense,"Category 3 (Non-Readmission, denial of admission but is allowed to finish current term)"
A student kicked a faculty member during a heated disagreement.,Campus and Public Disturbances,"Direct assault upon the person of any member of the administration, faculty, administrative support personnel (ASP), or any student or person vested with authority.",1st Offense,"Category 3 (Non-Readmission, denial of admission but is allowed to finish current term)"
A student grabbed a faculty member by the collar during a heated debate.,Campus and Public Disturbances,"Direct assault upon the person of any member of the administration, faculty, administrative support personnel (ASP), or any student or person vested with authority.",1st Offense,"Category 3 (Non-Readmission, denial of admission but is allowed to finish current term)"
A student injured a teaching assistant by slamming the door on them.,Campus and Public Disturbances,"Direct assault upon the person of any member of the administration, faculty, administrative support personnel (ASP), or any student or person vested with authority.",1st Offense,"Category 3 (Non-Readmission, denial of admission but is allowed to finish current term)"
A student attacked a professor with a textbook during class.,Campus and Public Disturbances,"Direct assault upon the person of any member of the administration, faculty, administrative support personnel (ASP), or any student or person vested with authority.",1st Offense,"Category 3 (Non-Readmission, denial of admission but is allowed to finish current term)"
A student scratched a faculty member during a confrontation over late work.,Campus and Public Disturbances,"Direct assault upon the person of any member of the administration, faculty, administrative support personnel (ASP), or any student or person vested with authority.",1st Offense,"Category 3 (Non-Readmission, denial of admission but is allowed to finish current term)"
A student threatened and hit a security guard at the entrance.,Campus and Public Disturbances,"Direct assault upon the person of any member of the administration, faculty, administrative support personnel (ASP), or any student or person vested with authority.",1st Offense,"Category 3 (Non-Readmission, denial of admission but is allowed to finish current term)"
A student pushed a professor down the stairs after being dismissed.,Campus and Public Disturbances,"Direct assault upon the person of any member of the administration, faculty, administrative support personnel (ASP), or any student or person vested with authority.",1st Offense,"Category 3 (Non-Readmission, denial of admission but is allowed to finish current term)"
A student assaulted a dean during a meeting about disciplinary action.,Campus and Public Disturbances,"Direct assault upon the person of any member of the administration, faculty, administrative support personnel (ASP), or any student or person vested with authority.",1st Offense,"Category 3 (Non-Readmission, denial of admission but is allowed to finish current term)"
A student punched a professor in the stomach after being scolded.,Campus and Public Disturbances,"Direct assault upon the person of any member of the administration, faculty, administrative support personnel (ASP), or any student or person vested with authority.",1st Offense,"Category 3 (Non-Readmission, denial of admission but is allowed to finish current term)"
A student injured a staff member during a heated debate in their office.,Campus and Public Disturbances,"Direct assault upon the person of any member of the administration, faculty, administrative support personnel (ASP), or any student or person vested with authority.",1st Offense,"Category 3 (Non-Readmission, denial of admission but is allowed to finish current term)"
A student slapped a security guard after being denied entry to the campus.,Campus and Public Disturbances,"Direct assault upon the person of any member of the administration, faculty, administrative support personnel (ASP), or any student or person vested with authority.",1st Offense,"Category 3 (Non-Readmission, denial of admission but is allowed to finish current term)"
A student hit a professor with their phone during an argument.,Campus and Public Disturbances,"Direct assault upon the person of any member of the administration, faculty, administrative support personnel (ASP), or any student or person vested with authority.",1st Offense,"Category 3 (Non-Readmission, denial of admission but is allowed to finish current term)"
A student punched a librarian during a confrontation over library policies.,Campus and Public Disturbances,"Direct assault upon the person of any member of the administration, faculty, administrative support personnel (ASP), or any student or person vested with authority.",1st Offense,"Category 3 (Non-Readmission, denial of admission but is allowed to finish current term)"
A student punched a teaching assistant after being asked to leave class.,Campus and Public Disturbances,"Direct assault upon the person of any member of the administration, faculty, administrative support personnel (ASP), or any student or person vested with authority.",1st Offense,"Category 3 (Non-Readmission, denial of admission but is allowed to finish current term)"
A student attacked a staff member with a pen during a meeting.,Campus and Public Disturbances,"Direct assault upon the person of any member of the administration, faculty, administrative support personnel (ASP), or any student or person vested with authority.",1st Offense,"Category 3 (Non-Readmission, denial of admission but is allowed to finish current term)"
A student scratched a teaching assistant in a fit of rage during class.,Campus and Public Disturbances,"Direct assault upon the person of any member of the administration, faculty, administrative support personnel (ASP), or any student or person vested with authority.",1st Offense,"Category 3 (Non-Readmission, denial of admission but is allowed to finish current term)"
A student threw a notebook at an administrator during a heated debate.,Campus and Public Disturbances,"Direct assault upon the person of any member of the administration, faculty, administrative support personnel (ASP), or any student or person vested with authority.",1st Offense,"Category 3 (Non-Readmission, denial of admission but is allowed to finish current term)"
A student slapped a security guard during a confrontation over an ID check.,Campus and Public Disturbances,"Direct assault upon the person of any member of the administration, faculty, administrative support personnel (ASP), or any student or person vested with authority.",1st Offense,"Category 3 (Non-Readmission, denial of admission but is allowed to finish current term)"
A student shoved a security officer after being caught skipping class.,Campus and Public Disturbances,"Direct assault upon the person of any member of the administration, faculty, administrative support personnel (ASP), or any student or person vested with authority.",1st Offense,"Category 3 (Non-Readmission, denial of admission but is allowed to finish current term)"
A student threw a chair at a university staff member during an argument.,Campus and Public Disturbances,"Direct assault upon the person of any member of the administration, faculty, administrative support personnel (ASP), or any student or person vested with authority.",1st Offense,"Category 3 (Non-Readmission, denial of admission but is allowed to finish current term)"
"A student kicked a faculty member's office door open, hitting the faculty.",Campus and Public Disturbances,"Direct assault upon the person of any member of the administration, faculty, administrative support personnel (ASP), or any student or person vested with authority.",1st Offense,"Category 3 (Non-Readmission, denial of admission but is allowed to finish current term)"
A student assaulted a faculty member with a backpack during an argument.,Campus and Public Disturbances,"Direct assault upon the person of any member of the administration, faculty, administrative support personnel (ASP), or any student or person vested with authority.",1st Offense,"Category 3 (Non-Readmission, denial of admission but is allowed to finish current term)"
"A student insulted a peer's leadership in a group project, sparking a fight.",Campus and Public Disturbances,Any provocation that results in a heated verbal or physical confrontation between students and group of students.,1st Offense,"Category 3 (Non-Readmission, denial of admission but is allowed to finish current term)"
"A student accused a classmate of lying, leading to a physical fight.",Campus and Public Disturbances,Any provocation that results in a heated verbal or physical confrontation between students and group of students.,1st Offense,"Category 3 (Non-Readmission, denial of admission but is allowed to finish current term)"
"A student insulted another student’s family, sparking a heated argument.",Campus and Public Disturbances,Any provocation that results in a heated verbal or physical confrontation between students and group of students.,1st Offense,"Category 3 (Non-Readmission, denial of admission but is allowed to finish current term)"
A student provoked a fight by accusing another of spreading rumors.,Campus and Public Disturbances,Any provocation that results in a heated verbal or physical confrontation between students and group of students.,1st Offense,"Category 3 (Non-Readmission, denial of admission but is allowed to finish current term)"
"A student provoked another by making fun of their name, sparking conflict.",Campus and Public Disturbances,Any provocation that results in a heated verbal or physical confrontation between students and group of students.,1st Offense,"Category 3 (Non-Readmission, denial of admission but is allowed to finish current term)"
"A student insulted another's appearance, provoking a confrontation.",Campus and Public Disturbances,Any provocation that results in a heated verbal or physical confrontation between students and group of students.,1st Offense,"Category 3 (Non-Readmission, denial of admission but is allowed to finish current term)"
"A student insulted another's work in front of the class, leading to a confrontation.",Campus and Public Disturbances,Any provocation that results in a heated verbal or physical confrontation between students and group of students.,1st Offense,"Category 3 (Non-Readmission, denial of admission but is allowed to finish current term)"
"A student mocked another student’s speech, provoking a heated exchange.",Campus and Public Disturbances,Any provocation that results in a heated verbal or physical confrontation between students and group of students.,1st Offense,"Category 3 (Non-Readmission, denial of admission but is allowed to finish current term)"
"A student insulted another student's artwork, leading to a confrontation.",Campus and Public Disturbances,Any provocation that results in a heated verbal or physical confrontation between students and group of students.,1st Offense,"Category 3 (Non-Readmission, denial of admission but is allowed to finish current term)"
"A student made offensive jokes about another student’s culture, provoking conflict.",Campus and Public Disturbances,Any provocation that results in a heated verbal or physical confrontation between students and group of students.,1st Offense,"Category 3 (Non-Readmission, denial of admission but is allowed to finish current term)"
"A student pushed a peer in frustration, sparking a fight.",Campus and Public Disturbances,Any provocation that results in a heated verbal or physical confrontation between students and group of students.,1st Offense,"Category 3 (Non-Readmission, denial of admission but is allowed to finish current term)"
"A student insulted a peer’s leadership during a group activity, sparking tension.",Campus and Public Disturbances,Any provocation that results in a heated verbal or physical confrontation between students and group of students.,1st Offense,"Category 3 (Non-Readmission, denial of admission but is allowed to finish current term)"
"A student spread rumors about a classmate, leading to a verbal fight.",Campus and Public Disturbances,Any provocation that results in a heated verbal or physical confrontation between students and group of students.,1st Offense,"Category 3 (Non-Readmission, denial of admission but is allowed to finish current term)"
A student provoked a confrontation by accusing another of cheating.,Campus and Public Disturbances,Any provocation that results in a heated verbal or physical confrontation between students and group of students.,1st Offense,"Category 3 (Non-Readmission, denial of admission but is allowed to finish current term)"
"A student made fun of another's academic performance, leading to an argument.",Campus and Public Disturbances,Any provocation that results in a heated verbal or physical confrontation between students and group of students.,1st Offense,"Category 3 (Non-Readmission, denial of admission but is allowed to finish current term)"
"A student mocked another student’s relationship status, causing a fight.",Campus and Public Disturbances,Any provocation that results in a heated verbal or physical confrontation between students and group of students.,1st Offense,"Category 3 (Non-Readmission, denial of admission but is allowed to finish current term)"
A student provoked a fight by calling another a derogatory name.,Campus and Public Disturbances,Any provocation that results in a heated verbal or physical confrontation between students and group of students.,1st Offense,"Category 3 (Non-Readmission, denial of admission but is allowed to finish current term)"
"A student mocked another student’s efforts, causing a verbal altercation.",Campus and Public Disturbances,Any provocation that results in a heated verbal or physical confrontation between students and group of students.,1st Offense,"Category 3 (Non-Readmission, denial of admission but is allowed to finish current term)"
"A student provoked another by insulting their choices, leading to a fight.",Campus and Public Disturbances,Any provocation that results in a heated verbal or physical confrontation between students and group of students.,1st Offense,"Category 3 (Non-Readmission, denial of admission but is allowed to finish current term)"
"A student made fun of a peer’s family, resulting in a verbal fight.",Campus and Public Disturbances,Any provocation that results in a heated verbal or physical confrontation between students and group of students.,1st Offense,"Category 3 (Non-Readmission, denial of admission but is allowed to finish current term)"
A student provoked a fight by pushing another in the hallway.,Campus and Public Disturbances,Any provocation that results in a heated verbal or physical confrontation between students and group of students.,1st Offense,"Category 3 (Non-Readmission, denial of admission but is allowed to finish current term)"
"A student insulted another student’s culture, leading to a confrontation.",Campus and Public Disturbances,Any provocation that results in a heated verbal or physical confrontation between students and group of students.,1st Offense,"Category 3 (Non-Readmission, denial of admission but is allowed to finish current term)"
"A student insulted a friend group’s loyalty, sparking a heated argument.",Campus and Public Disturbances,Any provocation that results in a heated verbal or physical confrontation between students and group of students.,1st Offense,"Category 3 (Non-Readmission, denial of admission but is allowed to finish current term)"
"A student spread false rumors about another, leading to a physical fight.",Campus and Public Disturbances,Any provocation that results in a heated verbal or physical confrontation between students and group of students.,1st Offense,"Category 3 (Non-Readmission, denial of admission but is allowed to finish current term)"
"A student intentionally bumped into another, leading to a confrontation.",Campus and Public Disturbances,Any provocation that results in a heated verbal or physical confrontation between students and group of students.,1st Offense,"Category 3 (Non-Readmission, denial of admission but is allowed to finish current term)"
"A student taunted another student’s appearance, causing a confrontation.",Campus and Public Disturbances,Any provocation that results in a heated verbal or physical confrontation between students and group of students.,1st Offense,"Category 3 (Non-Readmission, denial of admission but is allowed to finish current term)"
"A student mocked another’s sports performance, sparking a verbal fight.",Campus and Public Disturbances,Any provocation that results in a heated verbal or physical confrontation between students and group of students.,1st Offense,"Category 3 (Non-Readmission, denial of admission but is allowed to finish current term)"
"A student ridiculed another’s team performance, leading to a confrontation.",Campus and Public Disturbances,Any provocation that results in a heated verbal or physical confrontation between students and group of students.,1st Offense,"Category 3 (Non-Readmission, denial of admission but is allowed to finish current term)"
"A student accused a classmate of sabotage, leading to a heated argument.",Campus and Public Disturbances,Any provocation that results in a heated verbal or physical confrontation between students and group of students.,1st Offense,"Category 3 (Non-Readmission, denial of admission but is allowed to finish current term)"
"A student insulted another’s intelligence, leading to a heated argument.",Campus and Public Disturbances,Any provocation that results in a heated verbal or physical confrontation between students and group of students.,1st Offense,"Category 3 (Non-Readmission, denial of admission but is allowed to finish current term)"
"A student spread rumors about a group of students, sparking conflict.",Campus and Public Disturbances,Any provocation that results in a heated verbal or physical confrontation between students and group of students.,1st Offense,"Category 3 (Non-Readmission, denial of admission but is allowed to finish current term)"
"A student ridiculed a classmate's interests, provoking an argument.",Campus and Public Disturbances,Any provocation that results in a heated verbal or physical confrontation between students and group of students.,1st Offense,"Category 3 (Non-Readmission, denial of admission but is allowed to finish current term)"
A student provoked a classmate by publicly criticizing their project.,Campus and Public Disturbances,Any provocation that results in a heated verbal or physical confrontation between students and group of students.,1st Offense,"Category 3 (Non-Readmission, denial of admission but is allowed to finish current term)"
"A student insulted a group project, resulting in a physical altercation.",Campus and Public Disturbances,Any provocation that results in a heated verbal or physical confrontation between students and group of students.,1st Offense,"Category 3 (Non-Readmission, denial of admission but is allowed to finish current term)"
"A student made fun of another's clothes, leading to a heated argument.",Campus and Public Disturbances,Any provocation that results in a heated verbal or physical confrontation between students and group of students.,1st Offense,"Category 3 (Non-Readmission, denial of admission but is allowed to finish current term)"
A student provoked another by mocking their performance in class.,Campus and Public Disturbances,Any provocation that results in a heated verbal or physical confrontation between students and group of students.,1st Offense,"Category 3 (Non-Readmission, denial of admission but is allowed to finish current term)"
"A student posted offensive comments online, sparking an argument in class.",Campus and Public Disturbances,Any provocation that results in a heated verbal or physical confrontation between students and group of students.,1st Offense,"Category 3 (Non-Readmission, denial of admission but is allowed to finish current term)"
"A student mocked another student’s family background, leading to an altercation.",Campus and Public Disturbances,Any provocation that results in a heated verbal or physical confrontation between students and group of students.,1st Offense,"Category 3 (Non-Readmission, denial of admission but is allowed to finish current term)"
"A student taunted a peer’s background, leading to an altercation.",Campus and Public Disturbances,Any provocation that results in a heated verbal or physical confrontation between students and group of students.,1st Offense,"Category 3 (Non-Readmission, denial of admission but is allowed to finish current term)"
"A student taunted a peer’s grades, leading to a physical confrontation.",Campus and Public Disturbances,Any provocation that results in a heated verbal or physical confrontation between students and group of students.,1st Offense,"Category 3 (Non-Readmission, denial of admission but is allowed to finish current term)"
"A student insulted a classmate's abilities during a presentation, causing conflict.",Campus and Public Disturbances,Any provocation that results in a heated verbal or physical confrontation between students and group of students.,1st Offense,"Category 3 (Non-Readmission, denial of admission but is allowed to finish current term)"
A student was caught with an IED in their locker at the sports complex.,Campus and Public Disturbances,Possessing or detonating an improvised explosive device (IED) inside the University premises.,1st Offense,"Category 4 (Exclusion, dropping the name of the student immediately from the roll of students)"
A student was caught hiding an IED in the student health center.,Campus and Public Disturbances,Possessing or detonating an improvised explosive device (IED) inside the University premises.,1st Offense,"Category 4 (Exclusion, dropping the name of the student immediately from the roll of students)"
A student was discovered hiding an IED under the classroom desk.,Campus and Public Disturbances,Possessing or detonating an improvised explosive device (IED) inside the University premises.,1st Offense,"Category 4 (Exclusion, dropping the name of the student immediately from the roll of students)"
A student brought an IED to a club meeting and attempted to detonate it.,Campus and Public Disturbances,Possessing or detonating an improvised explosive device (IED) inside the University premises.,1st Offense,"Category 4 (Exclusion, dropping the name of the student immediately from the roll of students)"
A student was caught placing an IED near the campus entrance.,Campus and Public Disturbances,Possessing or detonating an improvised explosive device (IED) inside the University premises.,1st Offense,"Category 4 (Exclusion, dropping the name of the student immediately from the roll of students)"
A student tried to detonate an IED in the campus auditorium.,Campus and Public Disturbances,Possessing or detonating an improvised explosive device (IED) inside the University premises.,1st Offense,"Category 4 (Exclusion, dropping the name of the student immediately from the roll of students)"
A student attempted to plant an IED under the bleachers during a sports event.,Campus and Public Disturbances,Possessing or detonating an improvised explosive device (IED) inside the University premises.,1st Offense,"Category 4 (Exclusion, dropping the name of the student immediately from the roll of students)"
A student attempted to detonate an IED during a graduation ceremony.,Campus and Public Disturbances,Possessing or detonating an improvised explosive device (IED) inside the University premises.,1st Offense,"Category 4 (Exclusion, dropping the name of the student immediately from the roll of students)"
A student was found in possession of materials used to make an IED.,Campus and Public Disturbances,Possessing or detonating an improvised explosive device (IED) inside the University premises.,1st Offense,"Category 4 (Exclusion, dropping the name of the student immediately from the roll of students)"
A student was found planting an IED under a classroom desk.,Campus and Public Disturbances,Possessing or detonating an improvised explosive device (IED) inside the University premises.,1st Offense,"Category 4 (Exclusion, dropping the name of the student immediately from the roll of students)"
A student brought an IED to the campus garden and attempted to set it off.,Campus and Public Disturbances,Possessing or detonating an improvised explosive device (IED) inside the University premises.,1st Offense,"Category 4 (Exclusion, dropping the name of the student immediately from the roll of students)"
A student was found in possession of an IED near the student cafeteria.,Campus and Public Disturbances,Possessing or detonating an improvised explosive device (IED) inside the University premises.,1st Offense,"Category 4 (Exclusion, dropping the name of the student immediately from the roll of students)"
A student was found hiding an IED near the administration building.,Campus and Public Disturbances,Possessing or detonating an improvised explosive device (IED) inside the University premises.,1st Offense,"Category 4 (Exclusion, dropping the name of the student immediately from the roll of students)"
A student was caught with a detonator and IED in their possession.,Campus and Public Disturbances,Possessing or detonating an improvised explosive device (IED) inside the University premises.,1st Offense,"Category 4 (Exclusion, dropping the name of the student immediately from the roll of students)"
A student was caught attempting to bring an IED into a faculty meeting.,Campus and Public Disturbances,Possessing or detonating an improvised explosive device (IED) inside the University premises.,1st Offense,"Category 4 (Exclusion, dropping the name of the student immediately from the roll of students)"
A student was caught with an IED in the campus garden area.,Campus and Public Disturbances,Possessing or detonating an improvised explosive device (IED) inside the University premises.,1st Offense,"Category 4 (Exclusion, dropping the name of the student immediately from the roll of students)"
A student was caught attempting to detonate an IED during a school festival.,Campus and Public Disturbances,Possessing or detonating an improvised explosive device (IED) inside the University premises.,1st Offense,"Category 4 (Exclusion, dropping the name of the student immediately from the roll of students)"
A student was found with an IED in their backpack near the library.,Campus and Public Disturbances,Possessing or detonating an improvised explosive device (IED) inside the University premises.,1st Offense,"Category 4 (Exclusion, dropping the name of the student immediately from the roll of students)"
A student attempted to detonate an IED during a university board meeting.,Campus and Public Disturbances,Possessing or detonating an improvised explosive device (IED) inside the University premises.,1st Offense,"Category 4 (Exclusion, dropping the name of the student immediately from the roll of students)"
A student was discovered placing an IED in the student lounge.,Campus and Public Disturbances,Possessing or detonating an improvised explosive device (IED) inside the University premises.,1st Offense,"Category 4 (Exclusion, dropping the name of the student immediately from the roll of students)"
A student was discovered with a makeshift IED in their classroom.,Campus and Public Disturbances,Possessing or detonating an improvised explosive device (IED) inside the University premises.,1st Offense,"Category 4 (Exclusion, dropping the name of the student immediately from the roll of students)"
A student was found placing an IED in the campus chapel.,Campus and Public Disturbances,Possessing or detonating an improvised explosive device (IED) inside the University premises.,1st Offense,"Category 4 (Exclusion, dropping the name of the student immediately from the roll of students)"
A student was caught with a homemade explosive device in their locker.,Campus and Public Disturbances,Possessing or detonating an improvised explosive device (IED) inside the University premises.,1st Offense,"Category 4 (Exclusion, dropping the name of the student immediately from the roll of students)"
A student attempted to hide an IED in the campus parking lot.,Campus and Public Disturbances,Possessing or detonating an improvised explosive device (IED) inside the University premises.,1st Offense,"Category 4 (Exclusion, dropping the name of the student immediately from the roll of students)"
A student attempted to detonate an IED near the campus library entrance.,Campus and Public Disturbances,Possessing or detonating an improvised explosive device (IED) inside the University premises.,1st Offense,"Category 4 (Exclusion, dropping the name of the student immediately from the roll of students)"
A student was found with an IED during a campus sports event.,Campus and Public Disturbances,Possessing or detonating an improvised explosive device (IED) inside the University premises.,1st Offense,"Category 4 (Exclusion, dropping the name of the student immediately from the roll of students)"
A student attempted to detonate an IED during a faculty dinner.,Campus and Public Disturbances,Possessing or detonating an improvised explosive device (IED) inside the University premises.,1st Offense,"Category 4 (Exclusion, dropping the name of the student immediately from the roll of students)"
A student was found hiding an IED near the student dormitories.,Campus and Public Disturbances,Possessing or detonating an improvised explosive device (IED) inside the University premises.,1st Offense,"Category 4 (Exclusion, dropping the name of the student immediately from the roll of students)"
A student brought an IED to a student council meeting and attempted to detonate it.,Campus and Public Disturbances,Possessing or detonating an improvised explosive device (IED) inside the University premises.,1st Offense,"Category 4 (Exclusion, dropping the name of the student immediately from the roll of students)"
A student brought an IED to the cafeteria and attempted to set it off.,Campus and Public Disturbances,Possessing or detonating an improvised explosive device (IED) inside the University premises.,1st Offense,"Category 4 (Exclusion, dropping the name of the student immediately from the roll of students)"
A student brought an IED to campus and hid it in the gym.,Campus and Public Disturbances,Possessing or detonating an improvised explosive device (IED) inside the University premises.,1st Offense,"Category 4 (Exclusion, dropping the name of the student immediately from the roll of students)"
A student attempted to detonate an IED during a school assembly.,Campus and Public Disturbances,Possessing or detonating an improvised explosive device (IED) inside the University premises.,1st Offense,"Category 4 (Exclusion, dropping the name of the student immediately from the roll of students)"
A student attempted to detonate an IED during a school concert.,Campus and Public Disturbances,Possessing or detonating an improvised explosive device (IED) inside the University premises.,1st Offense,"Category 4 (Exclusion, dropping the name of the student immediately from the roll of students)"
A student attempted to detonate an IED near the student parking area.,Campus and Public Disturbances,Possessing or detonating an improvised explosive device (IED) inside the University premises.,1st Offense,"Category 4 (Exclusion, dropping the name of the student immediately from the roll of students)"
A student brought an IED to a school rally and attempted to set it off.,Campus and Public Disturbances,Possessing or detonating an improvised explosive device (IED) inside the University premises.,1st Offense,"Category 4 (Exclusion, dropping the name of the student immediately from the roll of students)"
A student was caught hiding an IED under the stage during a school event.,Campus and Public Disturbances,Possessing or detonating an improvised explosive device (IED) inside the University premises.,1st Offense,"Category 4 (Exclusion, dropping the name of the student immediately from the roll of students)"
A student was found planting an IED near the faculty building.,Campus and Public Disturbances,Possessing or detonating an improvised explosive device (IED) inside the University premises.,1st Offense,"Category 4 (Exclusion, dropping the name of the student immediately from the roll of students)"
A student was found with an IED in their dorm room.,Campus and Public Disturbances,Possessing or detonating an improvised explosive device (IED) inside the University premises.,1st Offense,"Category 4 (Exclusion, dropping the name of the student immediately from the roll of students)"
A student was caught building an IED in the science laboratory.,Campus and Public Disturbances,Possessing or detonating an improvised explosive device (IED) inside the University premises.,1st Offense,"Category 4 (Exclusion, dropping the name of the student immediately from the roll of students)"
A student was caught with an IED in their locker near the library.,Campus and Public Disturbances,Possessing or detonating an improvised explosive device (IED) inside the University premises.,1st Offense,"Category 4 (Exclusion, dropping the name of the student immediately from the roll of students)"
A student smeared mud all over the entrance to a campus building.,Malicious Mischief,"Vandalism, unhygienic use, or destruction of property belonging to the University or to any NU personnel, student, or visitor while on campus.",1st Offense,"Category 2 (Formative Intervention: University Service, Counseling, Discipline Education Program, & Evaluation), charged for damages"
A student poured ink on a desk in the computer lab.,Malicious Mischief,"Vandalism, unhygienic use, or destruction of property belonging to the University or to any NU personnel, student, or visitor while on campus.",1st Offense,"Category 2 (Formative Intervention: University Service, Counseling, Discipline Education Program, & Evaluation), charged for damages"
A student poured sand into the air conditioning vents of a classroom.,Malicious Mischief,"Vandalism, unhygienic use, or destruction of property belonging to the University or to any NU personnel, student, or visitor while on campus.",1st Offense,"Category 2 (Formative Intervention: University Service, Counseling, Discipline Education Program, & Evaluation), charged for damages"
A student smeared food all over the classroom walls.,Malicious Mischief,"Vandalism, unhygienic use, or destruction of property belonging to the University or to any NU personnel, student, or visitor while on campus.",1st Offense,"Category 2 (Formative Intervention: University Service, Counseling, Discipline Education Program, & Evaluation), charged for damages"
A student kicked and damaged the campus vending machine.,Malicious Mischief,"Vandalism, unhygienic use, or destruction of property belonging to the University or to any NU personnel, student, or visitor while on campus.",1st Offense,"Category 2 (Formative Intervention: University Service, Counseling, Discipline Education Program, & Evaluation), charged for damages"
A student spray-painted graffiti on a classroom wall.,Malicious Mischief,"Vandalism, unhygienic use, or destruction of property belonging to the University or to any NU personnel, student, or visitor while on campus.",1st Offense,"Category 2 (Formative Intervention: University Service, Counseling, Discipline Education Program, & Evaluation), charged for damages"
"A group of students sprayed water all over a computer lab, damaging equipment.",Malicious Mischief,"Vandalism, unhygienic use, or destruction of property belonging to the University or to any NU personnel, student, or visitor while on campus.",1st Offense,"Category 2 (Formative Intervention: University Service, Counseling, Discipline Education Program, & Evaluation), charged for damages"
A student vandalized a professor's office by spray-painting the door.,Malicious Mischief,"Vandalism, unhygienic use, or destruction of property belonging to the University or to any NU personnel, student, or visitor while on campus.",1st Offense,"Category 2 (Formative Intervention: University Service, Counseling, Discipline Education Program, & Evaluation), charged for damages"
A group of students threw paint on a professor's office door.,Malicious Mischief,"Vandalism, unhygienic use, or destruction of property belonging to the University or to any NU personnel, student, or visitor while on campus.",1st Offense,"Category 2 (Formative Intervention: University Service, Counseling, Discipline Education Program, & Evaluation), charged for damages"
A student removed library books from shelves and scattered them on the floor.,Malicious Mischief,"Vandalism, unhygienic use, or destruction of property belonging to the University or to any NU personnel, student, or visitor while on campus.",1st Offense,"Category 2 (Formative Intervention: University Service, Counseling, Discipline Education Program, & Evaluation), charged for damages"
"A student poured acid into the restroom sink, causing damage.",Malicious Mischief,"Vandalism, unhygienic use, or destruction of property belonging to the University or to any NU personnel, student, or visitor while on campus.",1st Offense,"Category 2 (Formative Intervention: University Service, Counseling, Discipline Education Program, & Evaluation), charged for damages"
A group of students broke the fence of the sports field while climbing over it.,Malicious Mischief,"Vandalism, unhygienic use, or destruction of property belonging to the University or to any NU personnel, student, or visitor while on campus.",1st Offense,"Category 2 (Formative Intervention: University Service, Counseling, Discipline Education Program, & Evaluation), charged for damages"
"A student knocked over a bookshelf in the library, causing damage.",Malicious Mischief,"Vandalism, unhygienic use, or destruction of property belonging to the University or to any NU personnel, student, or visitor while on campus.",1st Offense,"Category 2 (Formative Intervention: University Service, Counseling, Discipline Education Program, & Evaluation), charged for damages"
A group of students broke the glass door of the cafeteria.,Malicious Mischief,"Vandalism, unhygienic use, or destruction of property belonging to the University or to any NU personnel, student, or visitor while on campus.",1st Offense,"Category 2 (Formative Intervention: University Service, Counseling, Discipline Education Program, & Evaluation), charged for damages"
Students destroyed chairs in the student lounge by tearing the cushions.,Malicious Mischief,"Vandalism, unhygienic use, or destruction of property belonging to the University or to any NU personnel, student, or visitor while on campus.",1st Offense,"Category 2 (Formative Intervention: University Service, Counseling, Discipline Education Program, & Evaluation), charged for damages"
A student cut the power cables to a computer lab.,Malicious Mischief,"Vandalism, unhygienic use, or destruction of property belonging to the University or to any NU personnel, student, or visitor while on campus.",1st Offense,"Category 2 (Formative Intervention: University Service, Counseling, Discipline Education Program, & Evaluation), charged for damages"
A student carved their name into a wooden bench outside.,Malicious Mischief,"Vandalism, unhygienic use, or destruction of property belonging to the University or to any NU personnel, student, or visitor while on campus.",1st Offense,"Category 2 (Formative Intervention: University Service, Counseling, Discipline Education Program, & Evaluation), charged for damages"
A student burned a hole into a classroom chair.,Malicious Mischief,"Vandalism, unhygienic use, or destruction of property belonging to the University or to any NU personnel, student, or visitor while on campus.",1st Offense,"Category 2 (Formative Intervention: University Service, Counseling, Discipline Education Program, & Evaluation), charged for damages"
A student tore down campus posters and ripped them apart.,Malicious Mischief,"Vandalism, unhygienic use, or destruction of property belonging to the University or to any NU personnel, student, or visitor while on campus.",1st Offense,"Category 2 (Formative Intervention: University Service, Counseling, Discipline Education Program, & Evaluation), charged for damages"
A student poured glue into the locks of a university office.,Malicious Mischief,"Vandalism, unhygienic use, or destruction of property belonging to the University or to any NU personnel, student, or visitor while on campus.",1st Offense,"Category 2 (Formative Intervention: University Service, Counseling, Discipline Education Program, & Evaluation), charged for damages"
Someone spilled food in the library and left it without cleaning.,Malicious Mischief,"Vandalism, unhygienic use, or destruction of property belonging to the University or to any NU personnel, student, or visitor while on campus.",1st Offense,"Category 2 (Formative Intervention: University Service, Counseling, Discipline Education Program, & Evaluation), charged for damages"
A student broke into a locker and destroyed its contents.,Malicious Mischief,"Vandalism, unhygienic use, or destruction of property belonging to the University or to any NU personnel, student, or visitor while on campus.",1st Offense,"Category 2 (Formative Intervention: University Service, Counseling, Discipline Education Program, & Evaluation), charged for damages"
"A student poured water into a campus printer, damaging it.",Malicious Mischief,"Vandalism, unhygienic use, or destruction of property belonging to the University or to any NU personnel, student, or visitor while on campus.",1st Offense,"Category 2 (Formative Intervention: University Service, Counseling, Discipline Education Program, & Evaluation), charged for damages"
A student wrote offensive language on a library table.,Malicious Mischief,"Vandalism, unhygienic use, or destruction of property belonging to the University or to any NU personnel, student, or visitor while on campus.",1st Offense,"Category 2 (Formative Intervention: University Service, Counseling, Discipline Education Program, & Evaluation), charged for damages"
A student defaced a classroom with permanent markers on the desks.,Malicious Mischief,"Vandalism, unhygienic use, or destruction of property belonging to the University or to any NU personnel, student, or visitor while on campus.",1st Offense,"Category 2 (Formative Intervention: University Service, Counseling, Discipline Education Program, & Evaluation), charged for damages"
A student broke a window at the cafeteria by throwing a rock.,Malicious Mischief,"Vandalism, unhygienic use, or destruction of property belonging to the University or to any NU personnel, student, or visitor while on campus.",1st Offense,"Category 2 (Formative Intervention: University Service, Counseling, Discipline Education Program, & Evaluation), charged for damages"
A student scratched a professor’s car in the campus parking lot.,Malicious Mischief,"Vandalism, unhygienic use, or destruction of property belonging to the University or to any NU personnel, student, or visitor while on campus.",1st Offense,"Category 2 (Formative Intervention: University Service, Counseling, Discipline Education Program, & Evaluation), charged for damages"
Students stuck chewing gum under classroom desks.,Malicious Mischief,"Vandalism, unhygienic use, or destruction of property belonging to the University or to any NU personnel, student, or visitor while on campus.",1st Offense,"Category 2 (Formative Intervention: University Service, Counseling, Discipline Education Program, & Evaluation), charged for damages"
A student deliberately broke a classroom projector.,Malicious Mischief,"Vandalism, unhygienic use, or destruction of property belonging to the University or to any NU personnel, student, or visitor while on campus.",1st Offense,"Category 2 (Formative Intervention: University Service, Counseling, Discipline Education Program, & Evaluation), charged for damages"
A student dismantled chairs in the auditorium before an event.,Malicious Mischief,"Vandalism, unhygienic use, or destruction of property belonging to the University or to any NU personnel, student, or visitor while on campus.",1st Offense,"Category 2 (Formative Intervention: University Service, Counseling, Discipline Education Program, & Evaluation), charged for damages"
"A student removed the screws from classroom chairs, making them unstable.",Malicious Mischief,"Vandalism, unhygienic use, or destruction of property belonging to the University or to any NU personnel, student, or visitor while on campus.",1st Offense,"Category 2 (Formative Intervention: University Service, Counseling, Discipline Education Program, & Evaluation), charged for damages"
A student threw a chair out of a classroom window.,Malicious Mischief,"Vandalism, unhygienic use, or destruction of property belonging to the University or to any NU personnel, student, or visitor while on campus.",1st Offense,"Category 2 (Formative Intervention: University Service, Counseling, Discipline Education Program, & Evaluation), charged for damages"
"A student knocked over garbage cans around campus, spilling trash everywhere.",Malicious Mischief,"Vandalism, unhygienic use, or destruction of property belonging to the University or to any NU personnel, student, or visitor while on campus.",1st Offense,"Category 2 (Formative Intervention: University Service, Counseling, Discipline Education Program, & Evaluation), charged for damages"
Students left trash and food wrappers scattered in the student center.,Malicious Mischief,"Vandalism, unhygienic use, or destruction of property belonging to the University or to any NU personnel, student, or visitor while on campus.",1st Offense,"Category 2 (Formative Intervention: University Service, Counseling, Discipline Education Program, & Evaluation), charged for damages"
A student damaged lab equipment intentionally during an experiment.,Malicious Mischief,"Vandalism, unhygienic use, or destruction of property belonging to the University or to any NU personnel, student, or visitor while on campus.",1st Offense,"Category 2 (Formative Intervention: University Service, Counseling, Discipline Education Program, & Evaluation), charged for damages"
A student broke the handle off a water fountain on campus.,Malicious Mischief,"Vandalism, unhygienic use, or destruction of property belonging to the University or to any NU personnel, student, or visitor while on campus.",1st Offense,"Category 2 (Formative Intervention: University Service, Counseling, Discipline Education Program, & Evaluation), charged for damages"
A group of students vandalized the restrooms by writing on the mirrors.,Malicious Mischief,"Vandalism, unhygienic use, or destruction of property belonging to the University or to any NU personnel, student, or visitor while on campus.",1st Offense,"Category 2 (Formative Intervention: University Service, Counseling, Discipline Education Program, & Evaluation), charged for damages"
A student defaced a mural painted by the art club.,Malicious Mischief,"Vandalism, unhygienic use, or destruction of property belonging to the University or to any NU personnel, student, or visitor while on campus.",1st Offense,"Category 2 (Formative Intervention: University Service, Counseling, Discipline Education Program, & Evaluation), charged for damages"
"A student kicked a door, leaving a large dent in it.",Malicious Mischief,"Vandalism, unhygienic use, or destruction of property belonging to the University or to any NU personnel, student, or visitor while on campus.",2nd Offense,"Category 3 (Non-Readmission, denial of admission but is allowed to finish current term), charged for the damages"
"A student burned paper in the restroom, leaving scorch marks.",Malicious Mischief,"Vandalism, unhygienic use, or destruction of property belonging to the University or to any NU personnel, student, or visitor while on campus.",2nd Offense,"Category 3 (Non-Readmission, denial of admission but is allowed to finish current term), charged for the damages"
A student destroyed a campus printer by jamming it with foreign objects.,Malicious Mischief,"Vandalism, unhygienic use, or destruction of property belonging to the University or to any NU personnel, student, or visitor while on campus.",2nd Offense,"Category 3 (Non-Readmission, denial of admission but is allowed to finish current term), charged for the damages"
A student drew offensive symbols on a classroom chalkboard.,Malicious Mischief,"Vandalism, unhygienic use, or destruction of property belonging to the University or to any NU personnel, student, or visitor while on campus.",2nd Offense,"Category 3 (Non-Readmission, denial of admission but is allowed to finish current term), charged for the damages"
A student used a knife to scratch obscenities into the walls of a hallway.,Malicious Mischief,"Vandalism, unhygienic use, or destruction of property belonging to the University or to any NU personnel, student, or visitor while on campus.",2nd Offense,"Category 3 (Non-Readmission, denial of admission but is allowed to finish current term), charged for the damages"
A student damaged a projector screen by poking holes in it.,Malicious Mischief,"Vandalism, unhygienic use, or destruction of property belonging to the University or to any NU personnel, student, or visitor while on campus.",2nd Offense,"Category 3 (Non-Readmission, denial of admission but is allowed to finish current term), charged for the damages"
A student destroyed university-provided sports equipment.,Malicious Mischief,"Vandalism, unhygienic use, or destruction of property belonging to the University or to any NU personnel, student, or visitor while on campus.",2nd Offense,"Category 3 (Non-Readmission, denial of admission but is allowed to finish current term), charged for the damages"
A student damaged campus flower beds by walking and stomping through them.,Malicious Mischief,"Vandalism, unhygienic use, or destruction of property belonging to the University or to any NU personnel, student, or visitor while on campus.",2nd Offense,"Category 3 (Non-Readmission, denial of admission but is allowed to finish current term), charged for the damages"
A student slashed the tires of a campus security vehicle.,Malicious Mischief,"Vandalism, unhygienic use, or destruction of property belonging to the University or to any NU personnel, student, or visitor while on campus.",2nd Offense,"Category 3 (Non-Readmission, denial of admission but is allowed to finish current term), charged for the damages"
A student bent a bicycle rack on campus out of shape.,Malicious Mischief,"Vandalism, unhygienic use, or destruction of property belonging to the University or to any NU personnel, student, or visitor while on campus.",2nd Offense,"Category 3 (Non-Readmission, denial of admission but is allowed to finish current term), charged for the damages"
A student ripped apart a campus-issued textbook and threw the pages around.,Malicious Mischief,"Vandalism, unhygienic use, or destruction of property belonging to the University or to any NU personnel, student, or visitor while on campus.",2nd Offense,"Category 3 (Non-Readmission, denial of admission but is allowed to finish current term), charged for the damages"
A student intentionally poured juice into a keyboard in the computer lab.,Malicious Mischief,"Vandalism, unhygienic use, or destruction of property belonging to the University or to any NU personnel, student, or visitor while on campus.",2nd Offense,"Category 3 (Non-Readmission, denial of admission but is allowed to finish current term), charged for the damages"
Students intentionally clogged the restroom sinks with paper towels.,Malicious Mischief,"Vandalism, unhygienic use, or destruction of property belonging to the University or to any NU personnel, student, or visitor while on campus.",2nd Offense,"Category 3 (Non-Readmission, denial of admission but is allowed to finish current term), charged for the damages"
A student scratched a classmate's bike parked in the campus lot.,Malicious Mischief,"Vandalism, unhygienic use, or destruction of property belonging to the University or to any NU personnel, student, or visitor while on campus.",2nd Offense,"Category 3 (Non-Readmission, denial of admission but is allowed to finish current term), charged for the damages"
A student broke a window in a campus building out of frustration.,Malicious Mischief,"Vandalism, unhygienic use, or destruction of property belonging to the University or to any NU personnel, student, or visitor while on campus.",2nd Offense,"Category 3 (Non-Readmission, denial of admission but is allowed to finish current term), charged for the damages"
A student etched their initials into a classroom whiteboard.,Malicious Mischief,"Vandalism, unhygienic use, or destruction of property belonging to the University or to any NU personnel, student, or visitor while on campus.",2nd Offense,"Category 3 (Non-Readmission, denial of admission but is allowed to finish current term), charged for the damages"
A group of students spray-painted a political message on campus walls.,Malicious Mischief,"Vandalism, unhygienic use, or destruction of property belonging to the University or to any NU personnel, student, or visitor while on campus.",2nd Offense,"Category 3 (Non-Readmission, denial of admission but is allowed to finish current term), charged for the damages"
"A student smeared ink on the campus notice board, making it unreadable.",Malicious Mischief,"Vandalism, unhygienic use, or destruction of property belonging to the University or to any NU personnel, student, or visitor while on campus.",2nd Offense,"Category 3 (Non-Readmission, denial of admission but is allowed to finish current term), charged for the damages"
A student threw paint at a campus sculpture.,Malicious Mischief,"Vandalism, unhygienic use, or destruction of property belonging to the University or to any NU personnel, student, or visitor while on campus.",2nd Offense,"Category 3 (Non-Readmission, denial of admission but is allowed to finish current term), charged for the damages"
A student soaked the newspapers in water as they were being delivered.,Malicious Mischief,Preventing circulation of a recognized student publication by withholding or removing a substantial number of copies from the newsstands.,1st Offense,"Category 2 (Formative Intervention: University Service, Counseling, Discipline Education Program, & Evaluation)"
A group of students sabotaged a delivery truck carrying campus publications.,Malicious Mischief,Preventing circulation of a recognized student publication by withholding or removing a substantial number of copies from the newsstands.,1st Offense,"Category 2 (Formative Intervention: University Service, Counseling, Discipline Education Program, & Evaluation)"
A student removed the front pages of all newspapers and disposed of them.,Malicious Mischief,Preventing circulation of a recognized student publication by withholding or removing a substantial number of copies from the newsstands.,1st Offense,"Category 2 (Formative Intervention: University Service, Counseling, Discipline Education Program, & Evaluation)"
A student dumped several copies of the campus magazine into a trash can.,Malicious Mischief,Preventing circulation of a recognized student publication by withholding or removing a substantial number of copies from the newsstands.,1st Offense,"Category 2 (Formative Intervention: University Service, Counseling, Discipline Education Program, & Evaluation)"
A student removed stacks of magazines and threw them into a storage room.,Malicious Mischief,Preventing circulation of a recognized student publication by withholding or removing a substantial number of copies from the newsstands.,1st Offense,"Category 2 (Formative Intervention: University Service, Counseling, Discipline Education Program, & Evaluation)"
A group of students took publications from the stands and threw them in a dumpster.,Malicious Mischief,Preventing circulation of a recognized student publication by withholding or removing a substantial number of copies from the newsstands.,1st Offense,"Category 2 (Formative Intervention: University Service, Counseling, Discipline Education Program, & Evaluation)"
A group of students blocked the delivery person from distributing the newspapers.,Malicious Mischief,Preventing circulation of a recognized student publication by withholding or removing a substantial number of copies from the newsstands.,1st Offense,"Category 2 (Formative Intervention: University Service, Counseling, Discipline Education Program, & Evaluation)"
A student hid a stack of student newspapers behind a vending machine.,Malicious Mischief,Preventing circulation of a recognized student publication by withholding or removing a substantial number of copies from the newsstands.,1st Offense,"Category 2 (Formative Intervention: University Service, Counseling, Discipline Education Program, & Evaluation)"
"A student stuffed newsstands with trash, preventing access to the publications.",Malicious Mischief,Preventing circulation of a recognized student publication by withholding or removing a substantial number of copies from the newsstands.,1st Offense,"Category 2 (Formative Intervention: University Service, Counseling, Discipline Education Program, & Evaluation)"
A student shredded the magazines in front of the publication office.,Malicious Mischief,Preventing circulation of a recognized student publication by withholding or removing a substantial number of copies from the newsstands.,1st Offense,"Category 2 (Formative Intervention: University Service, Counseling, Discipline Education Program, & Evaluation)"
A student hid multiple bundles of newspapers inside a janitor’s closet.,Malicious Mischief,Preventing circulation of a recognized student publication by withholding or removing a substantial number of copies from the newsstands.,1st Offense,"Category 2 (Formative Intervention: University Service, Counseling, Discipline Education Program, & Evaluation)"
"A student poured oil over the newsstand, ruining the newspapers inside.",Malicious Mischief,Preventing circulation of a recognized student publication by withholding or removing a substantial number of copies from the newsstands.,1st Offense,"Category 2 (Formative Intervention: University Service, Counseling, Discipline Education Program, & Evaluation)"
A student removed copies of the student newspaper from the newsstands and threw them away.,Malicious Mischief,Preventing circulation of a recognized student publication by withholding or removing a substantial number of copies from the newsstands.,1st Offense,"Category 2 (Formative Intervention: University Service, Counseling, Discipline Education Program, & Evaluation)"
A student took the entire stock of publications and placed them in a locked closet.,Malicious Mischief,Preventing circulation of a recognized student publication by withholding or removing a substantial number of copies from the newsstands.,1st Offense,"Category 2 (Formative Intervention: University Service, Counseling, Discipline Education Program, & Evaluation)"
A student took all the copies and hid them in the library basement.,Malicious Mischief,Preventing circulation of a recognized student publication by withholding or removing a substantial number of copies from the newsstands.,1st Offense,"Category 2 (Formative Intervention: University Service, Counseling, Discipline Education Program, & Evaluation)"
A group of students took the magazines and tore them up in front of the stand.,Malicious Mischief,Preventing circulation of a recognized student publication by withholding or removing a substantial number of copies from the newsstands.,1st Offense,"Category 2 (Formative Intervention: University Service, Counseling, Discipline Education Program, & Evaluation)"
"A student drenched a stack of newspapers in water, preventing distribution.",Malicious Mischief,Preventing circulation of a recognized student publication by withholding or removing a substantial number of copies from the newsstands.,1st Offense,"Category 2 (Formative Intervention: University Service, Counseling, Discipline Education Program, & Evaluation)"
A student collected multiple copies of the student publication and shredded them.,Malicious Mischief,Preventing circulation of a recognized student publication by withholding or removing a substantial number of copies from the newsstands.,1st Offense,"Category 2 (Formative Intervention: University Service, Counseling, Discipline Education Program, & Evaluation)"
A student locked the delivery truck carrying student publications.,Malicious Mischief,Preventing circulation of a recognized student publication by withholding or removing a substantial number of copies from the newsstands.,1st Offense,"Category 2 (Formative Intervention: University Service, Counseling, Discipline Education Program, & Evaluation)"
A student removed stacks of newspapers from the stands and stored them in a locked vehicle.,Malicious Mischief,Preventing circulation of a recognized student publication by withholding or removing a substantial number of copies from the newsstands.,1st Offense,"Category 2 (Formative Intervention: University Service, Counseling, Discipline Education Program, & Evaluation)"
A group of students threw newspapers into a campus fountain.,Malicious Mischief,Preventing circulation of a recognized student publication by withholding or removing a substantial number of copies from the newsstands.,1st Offense,"Category 2 (Formative Intervention: University Service, Counseling, Discipline Education Program, & Evaluation)"
A group of students took all the newspapers and dumped them in the restroom.,Malicious Mischief,Preventing circulation of a recognized student publication by withholding or removing a substantial number of copies from the newsstands.,1st Offense,"Category 2 (Formative Intervention: University Service, Counseling, Discipline Education Program, & Evaluation)"
A student prevented access to publications by sealing the newsstand with duct tape.,Malicious Mischief,Preventing circulation of a recognized student publication by withholding or removing a substantial number of copies from the newsstands.,1st Offense,"Category 2 (Formative Intervention: University Service, Counseling, Discipline Education Program, & Evaluation)"
A student tore pages out of student magazines on newsstands.,Malicious Mischief,Preventing circulation of a recognized student publication by withholding or removing a substantial number of copies from the newsstands.,1st Offense,"Category 2 (Formative Intervention: University Service, Counseling, Discipline Education Program, & Evaluation)"
"A student moved all the newspapers to a hidden location, preventing circulation.",Malicious Mischief,Preventing circulation of a recognized student publication by withholding or removing a substantial number of copies from the newsstands.,1st Offense,"Category 2 (Formative Intervention: University Service, Counseling, Discipline Education Program, & Evaluation)"
A group of students hid all the copies of the student magazine in the cafeteria.,Malicious Mischief,Preventing circulation of a recognized student publication by withholding or removing a substantial number of copies from the newsstands.,1st Offense,"Category 2 (Formative Intervention: University Service, Counseling, Discipline Education Program, & Evaluation)"
A student dumped copies of the publication into a locked classroom.,Malicious Mischief,Preventing circulation of a recognized student publication by withholding or removing a substantial number of copies from the newsstands.,1st Offense,"Category 2 (Formative Intervention: University Service, Counseling, Discipline Education Program, & Evaluation)"
A group of students barricaded the newsstand with chairs.,Malicious Mischief,Preventing circulation of a recognized student publication by withholding or removing a substantial number of copies from the newsstands.,1st Offense,"Category 2 (Formative Intervention: University Service, Counseling, Discipline Education Program, & Evaluation)"
A group of students took newspapers from stands and burned them outside.,Malicious Mischief,Preventing circulation of a recognized student publication by withholding or removing a substantial number of copies from the newsstands.,1st Offense,"Category 2 (Formative Intervention: University Service, Counseling, Discipline Education Program, & Evaluation)"
A student piled newspapers into a bin and set them on fire.,Malicious Mischief,Preventing circulation of a recognized student publication by withholding or removing a substantial number of copies from the newsstands.,1st Offense,"Category 2 (Formative Intervention: University Service, Counseling, Discipline Education Program, & Evaluation)"
A student took multiple copies of a student publication and recycled them.,Malicious Mischief,Preventing circulation of a recognized student publication by withholding or removing a substantial number of copies from the newsstands.,1st Offense,"Category 2 (Formative Intervention: University Service, Counseling, Discipline Education Program, & Evaluation)"
"A student poured water over a stack of newspapers, ruining them.",Malicious Mischief,Preventing circulation of a recognized student publication by withholding or removing a substantial number of copies from the newsstands.,1st Offense,"Category 2 (Formative Intervention: University Service, Counseling, Discipline Education Program, & Evaluation)"
A student threw away the newspapers as soon as they were delivered.,Malicious Mischief,Preventing circulation of a recognized student publication by withholding or removing a substantial number of copies from the newsstands.,1st Offense,"Category 2 (Formative Intervention: University Service, Counseling, Discipline Education Program, & Evaluation)"
A student glued the pages of student publications together.,Malicious Mischief,Preventing circulation of a recognized student publication by withholding or removing a substantial number of copies from the newsstands.,1st Offense,"Category 2 (Formative Intervention: University Service, Counseling, Discipline Education Program, & Evaluation)"
A student poured ink on a stack of student publications.,Malicious Mischief,Preventing circulation of a recognized student publication by withholding or removing a substantial number of copies from the newsstands.,1st Offense,"Category 2 (Formative Intervention: University Service, Counseling, Discipline Education Program, & Evaluation)"
A group of students destroyed the newspapers before they were placed in the stands.,Malicious Mischief,Preventing circulation of a recognized student publication by withholding or removing a substantial number of copies from the newsstands.,1st Offense,"Category 2 (Formative Intervention: University Service, Counseling, Discipline Education Program, & Evaluation)"
"A student threw the magazines into a trash chute, blocking circulation.",Malicious Mischief,Preventing circulation of a recognized student publication by withholding or removing a substantial number of copies from the newsstands.,1st Offense,"Category 2 (Formative Intervention: University Service, Counseling, Discipline Education Program, & Evaluation)"
A student scattered all the newspapers across campus to prevent access.,Malicious Mischief,Preventing circulation of a recognized student publication by withholding or removing a substantial number of copies from the newsstands.,1st Offense,"Category 2 (Formative Intervention: University Service, Counseling, Discipline Education Program, & Evaluation)"
"A student set up barriers around the newsstand, preventing access.",Malicious Mischief,Preventing circulation of a recognized student publication by withholding or removing a substantial number of copies from the newsstands.,2nd Offense,"Category 3 (Non-Readmission, denial of admission but is allowed to finish current term)"
A student hid the student publication in various locations across campus.,Malicious Mischief,Preventing circulation of a recognized student publication by withholding or removing a substantial number of copies from the newsstands.,2nd Offense,"Category 3 (Non-Readmission, denial of admission but is allowed to finish current term)"
"A student moved copies of the student publication to a different, obscure location.",Malicious Mischief,Preventing circulation of a recognized student publication by withholding or removing a substantial number of copies from the newsstands.,2nd Offense,"Category 3 (Non-Readmission, denial of admission but is allowed to finish current term)"
A student ripped all the front pages off the newspapers on the stand.,Malicious Mischief,Preventing circulation of a recognized student publication by withholding or removing a substantial number of copies from the newsstands.,2nd Offense,"Category 3 (Non-Readmission, denial of admission but is allowed to finish current term)"
"A student locked the newsstand doors, preventing access to the publications.",Malicious Mischief,Preventing circulation of a recognized student publication by withholding or removing a substantial number of copies from the newsstands.,2nd Offense,"Category 3 (Non-Readmission, denial of admission but is allowed to finish current term)"
A group of students took all the newspapers from a stand and disposed of them.,Malicious Mischief,Preventing circulation of a recognized student publication by withholding or removing a substantial number of copies from the newsstands.,2nd Offense,"Category 3 (Non-Readmission, denial of admission but is allowed to finish current term)"
"A student locked the stand’s doors with a padlock, preventing anyone from getting a newspaper.",Malicious Mischief,Preventing circulation of a recognized student publication by withholding or removing a substantial number of copies from the newsstands.,2nd Offense,"Category 3 (Non-Readmission, denial of admission but is allowed to finish current term)"
"A group of students blocked access to the newsstand, stopping people from getting copies.",Malicious Mischief,Preventing circulation of a recognized student publication by withholding or removing a substantial number of copies from the newsstands.,2nd Offense,"Category 3 (Non-Readmission, denial of admission but is allowed to finish current term)"
"A group of students tied up the newsstand doors, preventing access.",Malicious Mischief,Preventing circulation of a recognized student publication by withholding or removing a substantial number of copies from the newsstands.,2nd Offense,"Category 3 (Non-Readmission, denial of admission but is allowed to finish current term)"
A student ripped all the pages out of a stack of student newspapers.,Malicious Mischief,Preventing circulation of a recognized student publication by withholding or removing a substantial number of copies from the newsstands.,2nd Offense,"Category 3 (Non-Readmission, denial of admission but is allowed to finish current term)"
"A student covered the newspapers with paint, ruining the copies.",Malicious Mischief,Preventing circulation of a recognized student publication by withholding or removing a substantial number of copies from the newsstands.,2nd Offense,"Category 3 (Non-Readmission, denial of admission but is allowed to finish current term)"
"A student scattered torn-up publications around the campus, preventing proper circulation.",Malicious Mischief,Preventing circulation of a recognized student publication by withholding or removing a substantial number of copies from the newsstands.,2nd Offense,"Category 3 (Non-Readmission, denial of admission but is allowed to finish current term)"
A student removed all the campus magazines from stands and stashed them in a locker.,Malicious Mischief,Preventing circulation of a recognized student publication by withholding or removing a substantial number of copies from the newsstands.,2nd Offense,"Category 3 (Non-Readmission, denial of admission but is allowed to finish current term)"
"A student covered the newsstand with spray paint, making it inaccessible.",Malicious Mischief,Preventing circulation of a recognized student publication by withholding or removing a substantial number of copies from the newsstands.,2nd Offense,"Category 3 (Non-Readmission, denial of admission but is allowed to finish current term)"
A student poured glue onto the stacks of student newspapers on the stand.,Malicious Mischief,Preventing circulation of a recognized student publication by withholding or removing a substantial number of copies from the newsstands.,2nd Offense,"Category 3 (Non-Readmission, denial of admission but is allowed to finish current term)"
"A student slashed open bundles of newspapers, scattering them in the wind.",Malicious Mischief,Preventing circulation of a recognized student publication by withholding or removing a substantial number of copies from the newsstands.,2nd Offense,"Category 3 (Non-Readmission, denial of admission but is allowed to finish current term)"
A student shredded all the newspapers in front of the stand.,Malicious Mischief,Preventing circulation of a recognized student publication by withholding or removing a substantial number of copies from the newsstands.,2nd Offense,"Category 3 (Non-Readmission, denial of admission but is allowed to finish current term)"
"A student locked up a campus newsstand, preventing students from taking copies.",Malicious Mischief,Preventing circulation of a recognized student publication by withholding or removing a substantial number of copies from the newsstands.,2nd Offense,"Category 3 (Non-Readmission, denial of admission but is allowed to finish current term)"
A student covered the newsstand with a tarp to block access to publications.,Malicious Mischief,Preventing circulation of a recognized student publication by withholding or removing a substantial number of copies from the newsstands.,2nd Offense,"Category 3 (Non-Readmission, denial of admission but is allowed to finish current term)"
A student insulted the IT staff publicly for not fixing technical issues fast enough.,Malicious Mischief,"Gross acts of disrespect in words or deed that put the University or any administrator, faculty member, ASP, security guards, maintenance personnel, students and visitors in ridicule or contempt.",1st Offense,"Category 2 (Formative Intervention: University Service, Counseling, Discipline Education Program, & Evaluation)"
A student shouted profanities at a guest speaker during a panel discussion.,Malicious Mischief,"Gross acts of disrespect in words or deed that put the University or any administrator, faculty member, ASP, security guards, maintenance personnel, students and visitors in ridicule or contempt.",1st Offense,"Category 2 (Formative Intervention: University Service, Counseling, Discipline Education Program, & Evaluation)"
A student disrupted a lecture with mocking comments directed at the professor.,Malicious Mischief,"Gross acts of disrespect in words or deed that put the University or any administrator, faculty member, ASP, security guards, maintenance personnel, students and visitors in ridicule or contempt.",1st Offense,"Category 2 (Formative Intervention: University Service, Counseling, Discipline Education Program, & Evaluation)"
A student publicly criticized the campus security team in front of others.,Malicious Mischief,"Gross acts of disrespect in words or deed that put the University or any administrator, faculty member, ASP, security guards, maintenance personnel, students and visitors in ridicule or contempt.",1st Offense,"Category 2 (Formative Intervention: University Service, Counseling, Discipline Education Program, & Evaluation)"
A group of students posted offensive posters about the dean around campus.,Malicious Mischief,"Gross acts of disrespect in words or deed that put the University or any administrator, faculty member, ASP, security guards, maintenance personnel, students and visitors in ridicule or contempt.",1st Offense,"Category 2 (Formative Intervention: University Service, Counseling, Discipline Education Program, & Evaluation)"
A group of students created a mocking chant about a professor during a campus rally.,Malicious Mischief,"Gross acts of disrespect in words or deed that put the University or any administrator, faculty member, ASP, security guards, maintenance personnel, students and visitors in ridicule or contempt.",1st Offense,"Category 2 (Formative Intervention: University Service, Counseling, Discipline Education Program, & Evaluation)"
A student shouted obscenities at the cafeteria staff in front of a crowd.,Malicious Mischief,"Gross acts of disrespect in words or deed that put the University or any administrator, faculty member, ASP, security guards, maintenance personnel, students and visitors in ridicule or contempt.",1st Offense,"Category 2 (Formative Intervention: University Service, Counseling, Discipline Education Program, & Evaluation)"
A student made fun of the campus tour guide in front of prospective students.,Malicious Mischief,"Gross acts of disrespect in words or deed that put the University or any administrator, faculty member, ASP, security guards, maintenance personnel, students and visitors in ridicule or contempt.",1st Offense,"Category 2 (Formative Intervention: University Service, Counseling, Discipline Education Program, & Evaluation)"
A student publicly disrespected the head of a department during a seminar.,Malicious Mischief,"Gross acts of disrespect in words or deed that put the University or any administrator, faculty member, ASP, security guards, maintenance personnel, students and visitors in ridicule or contempt.",1st Offense,"Category 2 (Formative Intervention: University Service, Counseling, Discipline Education Program, & Evaluation)"
A student posted a video of themselves mocking the head librarian on social media.,Malicious Mischief,"Gross acts of disrespect in words or deed that put the University or any administrator, faculty member, ASP, security guards, maintenance personnel, students and visitors in ridicule or contempt.",1st Offense,"Category 2 (Formative Intervention: University Service, Counseling, Discipline Education Program, & Evaluation)"
A student made fun of the school registrar during the registration period.,Malicious Mischief,"Gross acts of disrespect in words or deed that put the University or any administrator, faculty member, ASP, security guards, maintenance personnel, students and visitors in ridicule or contempt.",1st Offense,"Category 2 (Formative Intervention: University Service, Counseling, Discipline Education Program, & Evaluation)"
A student shouted derogatory comments during the dean’s annual address.,Malicious Mischief,"Gross acts of disrespect in words or deed that put the University or any administrator, faculty member, ASP, security guards, maintenance personnel, students and visitors in ridicule or contempt.",1st Offense,"Category 2 (Formative Intervention: University Service, Counseling, Discipline Education Program, & Evaluation)"
A student interrupted a university event to yell insults at a faculty member.,Malicious Mischief,"Gross acts of disrespect in words or deed that put the University or any administrator, faculty member, ASP, security guards, maintenance personnel, students and visitors in ridicule or contempt.",1st Offense,"Category 2 (Formative Intervention: University Service, Counseling, Discipline Education Program, & Evaluation)"
A student publicly ridiculed the university's security team during an event.,Malicious Mischief,"Gross acts of disrespect in words or deed that put the University or any administrator, faculty member, ASP, security guards, maintenance personnel, students and visitors in ridicule or contempt.",1st Offense,"Category 2 (Formative Intervention: University Service, Counseling, Discipline Education Program, & Evaluation)"
A group of students shouted insults at a security officer during an event.,Malicious Mischief,"Gross acts of disrespect in words or deed that put the University or any administrator, faculty member, ASP, security guards, maintenance personnel, students and visitors in ridicule or contempt.",1st Offense,"Category 2 (Formative Intervention: University Service, Counseling, Discipline Education Program, & Evaluation)"
A group of students disrupted a faculty meeting with offensive remarks.,Malicious Mischief,"Gross acts of disrespect in words or deed that put the University or any administrator, faculty member, ASP, security guards, maintenance personnel, students and visitors in ridicule or contempt.",1st Offense,"Category 2 (Formative Intervention: University Service, Counseling, Discipline Education Program, & Evaluation)"
A student made offensive jokes about a campus visitor during a tour.,Malicious Mischief,"Gross acts of disrespect in words or deed that put the University or any administrator, faculty member, ASP, security guards, maintenance personnel, students and visitors in ridicule or contempt.",1st Offense,"Category 2 (Formative Intervention: University Service, Counseling, Discipline Education Program, & Evaluation)"
A student insulted the head of a student organization during an open meeting.,Malicious Mischief,"Gross acts of disrespect in words or deed that put the University or any administrator, faculty member, ASP, security guards, maintenance personnel, students and visitors in ridicule or contempt.",1st Offense,"Category 2 (Formative Intervention: University Service, Counseling, Discipline Education Program, & Evaluation)"
A student wrote derogatory comments about a security guard on social media.,Malicious Mischief,"Gross acts of disrespect in words or deed that put the University or any administrator, faculty member, ASP, security guards, maintenance personnel, students and visitors in ridicule or contempt.",1st Offense,"Category 2 (Formative Intervention: University Service, Counseling, Discipline Education Program, & Evaluation)"
A student verbally attacked a guest lecturer during their presentation.,Malicious Mischief,"Gross acts of disrespect in words or deed that put the University or any administrator, faculty member, ASP, security guards, maintenance personnel, students and visitors in ridicule or contempt.",1st Offense,"Category 2 (Formative Intervention: University Service, Counseling, Discipline Education Program, & Evaluation)"
A student disrespected a librarian by shouting derogatory comments.,Malicious Mischief,"Gross acts of disrespect in words or deed that put the University or any administrator, faculty member, ASP, security guards, maintenance personnel, students and visitors in ridicule or contempt.",1st Offense,"Category 2 (Formative Intervention: University Service, Counseling, Discipline Education Program, & Evaluation)"
A student sent an offensive letter to the faculty through a public email.,Malicious Mischief,"Gross acts of disrespect in words or deed that put the University or any administrator, faculty member, ASP, security guards, maintenance personnel, students and visitors in ridicule or contempt.",1st Offense,"Category 2 (Formative Intervention: University Service, Counseling, Discipline Education Program, & Evaluation)"
A student used offensive language towards a visitor from another university.,Malicious Mischief,"Gross acts of disrespect in words or deed that put the University or any administrator, faculty member, ASP, security guards, maintenance personnel, students and visitors in ridicule or contempt.",1st Offense,"Category 2 (Formative Intervention: University Service, Counseling, Discipline Education Program, & Evaluation)"
A student shouted offensive comments at a security guard on patrol.,Malicious Mischief,"Gross acts of disrespect in words or deed that put the University or any administrator, faculty member, ASP, security guards, maintenance personnel, students and visitors in ridicule or contempt.",1st Offense,"Category 2 (Formative Intervention: University Service, Counseling, Discipline Education Program, & Evaluation)"
A group of students loudly mocked a faculty member during an outdoor campus event.,Malicious Mischief,"Gross acts of disrespect in words or deed that put the University or any administrator, faculty member, ASP, security guards, maintenance personnel, students and visitors in ridicule or contempt.",1st Offense,"Category 2 (Formative Intervention: University Service, Counseling, Discipline Education Program, & Evaluation)"
A group of students disrespected a visiting scholar by imitating them.,Malicious Mischief,"Gross acts of disrespect in words or deed that put the University or any administrator, faculty member, ASP, security guards, maintenance personnel, students and visitors in ridicule or contempt.",1st Offense,"Category 2 (Formative Intervention: University Service, Counseling, Discipline Education Program, & Evaluation)"
A student shouted derogatory remarks at the cleaning staff during lunch.,Malicious Mischief,"Gross acts of disrespect in words or deed that put the University or any administrator, faculty member, ASP, security guards, maintenance personnel, students and visitors in ridicule or contempt.",1st Offense,"Category 2 (Formative Intervention: University Service, Counseling, Discipline Education Program, & Evaluation)"
A student openly ridiculed a professor for their teaching style during a class.,Malicious Mischief,"Gross acts of disrespect in words or deed that put the University or any administrator, faculty member, ASP, security guards, maintenance personnel, students and visitors in ridicule or contempt.",1st Offense,"Category 2 (Formative Intervention: University Service, Counseling, Discipline Education Program, & Evaluation)"
A group of students loudly mocked a professor in the middle of their lecture.,Malicious Mischief,"Gross acts of disrespect in words or deed that put the University or any administrator, faculty member, ASP, security guards, maintenance personnel, students and visitors in ridicule or contempt.",1st Offense,"Category 2 (Formative Intervention: University Service, Counseling, Discipline Education Program, & Evaluation)"
A group of students insulted the university president during a public forum.,Malicious Mischief,"Gross acts of disrespect in words or deed that put the University or any administrator, faculty member, ASP, security guards, maintenance personnel, students and visitors in ridicule or contempt.",1st Offense,"Category 2 (Formative Intervention: University Service, Counseling, Discipline Education Program, & Evaluation)"
A student shouted profanities at a janitor for cleaning the classroom during class.,Malicious Mischief,"Gross acts of disrespect in words or deed that put the University or any administrator, faculty member, ASP, security guards, maintenance personnel, students and visitors in ridicule or contempt.",1st Offense,"Category 2 (Formative Intervention: University Service, Counseling, Discipline Education Program, & Evaluation)"
A student made fun of a campus security guard’s uniform in front of others.,Malicious Mischief,"Gross acts of disrespect in words or deed that put the University or any administrator, faculty member, ASP, security guards, maintenance personnel, students and visitors in ridicule or contempt.",1st Offense,"Category 2 (Formative Intervention: University Service, Counseling, Discipline Education Program, & Evaluation)"
A group of students spread false rumors about a professor to discredit them.,Malicious Mischief,"Gross acts of disrespect in words or deed that put the University or any administrator, faculty member, ASP, security guards, maintenance personnel, students and visitors in ridicule or contempt.",1st Offense,"Category 2 (Formative Intervention: University Service, Counseling, Discipline Education Program, & Evaluation)"
A student ridiculed the head of security during a safety briefing.,Malicious Mischief,"Gross acts of disrespect in words or deed that put the University or any administrator, faculty member, ASP, security guards, maintenance personnel, students and visitors in ridicule or contempt.",1st Offense,"Category 2 (Formative Intervention: University Service, Counseling, Discipline Education Program, & Evaluation)"
A student insulted a professor in an email that was circulated among classmates.,Malicious Mischief,"Gross acts of disrespect in words or deed that put the University or any administrator, faculty member, ASP, security guards, maintenance personnel, students and visitors in ridicule or contempt.",1st Offense,"Category 2 (Formative Intervention: University Service, Counseling, Discipline Education Program, & Evaluation)"
A student sent a disrespectful email to a professor and CC’d the entire class.,Malicious Mischief,"Gross acts of disrespect in words or deed that put the University or any administrator, faculty member, ASP, security guards, maintenance personnel, students and visitors in ridicule or contempt.",1st Offense,"Category 2 (Formative Intervention: University Service, Counseling, Discipline Education Program, & Evaluation)"
A group of students posted offensive flyers about a faculty member on campus.,Malicious Mischief,"Gross acts of disrespect in words or deed that put the University or any administrator, faculty member, ASP, security guards, maintenance personnel, students and visitors in ridicule or contempt.",1st Offense,"Category 2 (Formative Intervention: University Service, Counseling, Discipline Education Program, & Evaluation)"
A student ridiculed a maintenance worker for their cleaning duties in front of others.,Malicious Mischief,"Gross acts of disrespect in words or deed that put the University or any administrator, faculty member, ASP, security guards, maintenance personnel, students and visitors in ridicule or contempt.",1st Offense,"Category 2 (Formative Intervention: University Service, Counseling, Discipline Education Program, & Evaluation)"
A student mocked a professor's appearance in front of the class.,Malicious Mischief,"Gross acts of disrespect in words or deed that put the University or any administrator, faculty member, ASP, security guards, maintenance personnel, students and visitors in ridicule or contempt.",2nd Offense,"Category 3 (Non-Readmission, denial of admission but is allowed to finish current term)"
A student made offensive remarks about a faculty member’s qualifications.,Malicious Mischief,"Gross acts of disrespect in words or deed that put the University or any administrator, faculty member, ASP, security guards, maintenance personnel, students and visitors in ridicule or contempt.",2nd Offense,"Category 3 (Non-Readmission, denial of admission but is allowed to finish current term)"
A student publicly insulted a professor during a lecture.,Malicious Mischief,"Gross acts of disrespect in words or deed that put the University or any administrator, faculty member, ASP, security guards, maintenance personnel, students and visitors in ridicule or contempt.",2nd Offense,"Category 3 (Non-Readmission, denial of admission but is allowed to finish current term)"
A group of students ridiculed the university’s custodial staff during a public event.,Malicious Mischief,"Gross acts of disrespect in words or deed that put the University or any administrator, faculty member, ASP, security guards, maintenance personnel, students and visitors in ridicule or contempt.",2nd Offense,"Category 3 (Non-Readmission, denial of admission but is allowed to finish current term)"
A student mocked the university’s administrative staff in a public forum.,Malicious Mischief,"Gross acts of disrespect in words or deed that put the University or any administrator, faculty member, ASP, security guards, maintenance personnel, students and visitors in ridicule or contempt.",2nd Offense,"Category 3 (Non-Readmission, denial of admission but is allowed to finish current term)"
A group of students posted memes ridiculing a professor on social media.,Malicious Mischief,"Gross acts of disrespect in words or deed that put the University or any administrator, faculty member, ASP, security guards, maintenance personnel, students and visitors in ridicule or contempt.",2nd Offense,"Category 3 (Non-Readmission, denial of admission but is allowed to finish current term)"
A group of students heckled a professor during an academic presentation.,Malicious Mischief,"Gross acts of disrespect in words or deed that put the University or any administrator, faculty member, ASP, security guards, maintenance personnel, students and visitors in ridicule or contempt.",2nd Offense,"Category 3 (Non-Readmission, denial of admission but is allowed to finish current term)"
A student publicly criticized the university’s administration with offensive language.,Malicious Mischief,"Gross acts of disrespect in words or deed that put the University or any administrator, faculty member, ASP, security guards, maintenance personnel, students and visitors in ridicule or contempt.",2nd Offense,"Category 3 (Non-Readmission, denial of admission but is allowed to finish current term)"
A group of students created derogatory memes about the dean and shared them online.,Malicious Mischief,"Gross acts of disrespect in words or deed that put the University or any administrator, faculty member, ASP, security guards, maintenance personnel, students and visitors in ridicule or contempt.",2nd Offense,"Category 3 (Non-Readmission, denial of admission but is allowed to finish current term)"
A group of students recorded a mocking video of the janitorial staff and posted it online.,Malicious Mischief,"Gross acts of disrespect in words or deed that put the University or any administrator, faculty member, ASP, security guards, maintenance personnel, students and visitors in ridicule or contempt.",2nd Offense,"Category 3 (Non-Readmission, denial of admission but is allowed to finish current term)"
A student insulted a member of the student council during a public meeting.,Malicious Mischief,"Gross acts of disrespect in words or deed that put the University or any administrator, faculty member, ASP, security guards, maintenance personnel, students and visitors in ridicule or contempt.",2nd Offense,"Category 3 (Non-Readmission, denial of admission but is allowed to finish current term)"
A student imitated and mocked the university president during an assembly.,Malicious Mischief,"Gross acts of disrespect in words or deed that put the University or any administrator, faculty member, ASP, security guards, maintenance personnel, students and visitors in ridicule or contempt.",2nd Offense,"Category 3 (Non-Readmission, denial of admission but is allowed to finish current term)"
A student yelled offensive remarks at a guest speaker during a university event.,Malicious Mischief,"Gross acts of disrespect in words or deed that put the University or any administrator, faculty member, ASP, security guards, maintenance personnel, students and visitors in ridicule or contempt.",2nd Offense,"Category 3 (Non-Readmission, denial of admission but is allowed to finish current term)"
A student insulted a visiting dignitary at a university event.,Malicious Mischief,"Gross acts of disrespect in words or deed that put the University or any administrator, faculty member, ASP, security guards, maintenance personnel, students and visitors in ridicule or contempt.",2nd Offense,"Category 3 (Non-Readmission, denial of admission but is allowed to finish current term)"
A student shouted profanities at a maintenance worker in a crowded hallway.,Malicious Mischief,"Gross acts of disrespect in words or deed that put the University or any administrator, faculty member, ASP, security guards, maintenance personnel, students and visitors in ridicule or contempt.",2nd Offense,"Category 3 (Non-Readmission, denial of admission but is allowed to finish current term)"
A student posted a public rant criticizing the university president with offensive language.,Malicious Mischief,"Gross acts of disrespect in words or deed that put the University or any administrator, faculty member, ASP, security guards, maintenance personnel, students and visitors in ridicule or contempt.",2nd Offense,"Category 3 (Non-Readmission, denial of admission but is allowed to finish current term)"
A student used demeaning language towards an administrative officer in the registrar's office.,Malicious Mischief,"Gross acts of disrespect in words or deed that put the University or any administrator, faculty member, ASP, security guards, maintenance personnel, students and visitors in ridicule or contempt.",2nd Offense,"Category 3 (Non-Readmission, denial of admission but is allowed to finish current term)"
A student imitated a faculty member in a demeaning way during a school event.,Malicious Mischief,"Gross acts of disrespect in words or deed that put the University or any administrator, faculty member, ASP, security guards, maintenance personnel, students and visitors in ridicule or contempt.",2nd Offense,"Category 3 (Non-Readmission, denial of admission but is allowed to finish current term)"
A group of students mocked a faculty member's accent in front of others.,Malicious Mischief,"Gross acts of disrespect in words or deed that put the University or any administrator, faculty member, ASP, security guards, maintenance personnel, students and visitors in ridicule or contempt.",2nd Offense,"Category 3 (Non-Readmission, denial of admission but is allowed to finish current term)"
A student accused the university of fraudulently altering academic records.,Malicious Mischief,"Acts that bring the name of the University into disrepute such as public and malicious imputation of a crime, or of a vice or defect, real or imaginary, or any act, omission, condition, status, or circumstance, tending to cause dishonor, discredit, or contempt to the name of the University.",1st Offense,"Category 3 (Non-Readmission, denial of admission but is allowed to finish current term)"
A student spread false rumors about the university’s ties to criminal organizations.,Malicious Mischief,"Acts that bring the name of the University into disrepute such as public and malicious imputation of a crime, or of a vice or defect, real or imaginary, or any act, omission, condition, status, or circumstance, tending to cause dishonor, discredit, or contempt to the name of the University.",1st Offense,"Category 3 (Non-Readmission, denial of admission but is allowed to finish current term)"
A student publicly accused the university of supporting criminal organizations.,Malicious Mischief,"Acts that bring the name of the University into disrepute such as public and malicious imputation of a crime, or of a vice or defect, real or imaginary, or any act, omission, condition, status, or circumstance, tending to cause dishonor, discredit, or contempt to the name of the University.",1st Offense,"Category 3 (Non-Readmission, denial of admission but is allowed to finish current term)"
A student spread malicious rumors that the university was laundering money.,Malicious Mischief,"Acts that bring the name of the University into disrepute such as public and malicious imputation of a crime, or of a vice or defect, real or imaginary, or any act, omission, condition, status, or circumstance, tending to cause dishonor, discredit, or contempt to the name of the University.",1st Offense,"Category 3 (Non-Readmission, denial of admission but is allowed to finish current term)"
A student falsely claimed that a university event was used to promote criminal activity.,Malicious Mischief,"Acts that bring the name of the University into disrepute such as public and malicious imputation of a crime, or of a vice or defect, real or imaginary, or any act, omission, condition, status, or circumstance, tending to cause dishonor, discredit, or contempt to the name of the University.",1st Offense,"Category 3 (Non-Readmission, denial of admission but is allowed to finish current term)"
A group of students accused the university of operating illegally without evidence.,Malicious Mischief,"Acts that bring the name of the University into disrepute such as public and malicious imputation of a crime, or of a vice or defect, real or imaginary, or any act, omission, condition, status, or circumstance, tending to cause dishonor, discredit, or contempt to the name of the University.",1st Offense,"Category 3 (Non-Readmission, denial of admission but is allowed to finish current term)"
A student publicly accused the university of engaging in bribery without proof.,Malicious Mischief,"Acts that bring the name of the University into disrepute such as public and malicious imputation of a crime, or of a vice or defect, real or imaginary, or any act, omission, condition, status, or circumstance, tending to cause dishonor, discredit, or contempt to the name of the University.",1st Offense,"Category 3 (Non-Readmission, denial of admission but is allowed to finish current term)"
A group of students circulated fake news about the university’s involvement in illegal activities.,Malicious Mischief,"Acts that bring the name of the University into disrepute such as public and malicious imputation of a crime, or of a vice or defect, real or imaginary, or any act, omission, condition, status, or circumstance, tending to cause dishonor, discredit, or contempt to the name of the University.",1st Offense,"Category 3 (Non-Readmission, denial of admission but is allowed to finish current term)"
A student falsely claimed that a university event was used for illegal activities.,Malicious Mischief,"Acts that bring the name of the University into disrepute such as public and malicious imputation of a crime, or of a vice or defect, real or imaginary, or any act, omission, condition, status, or circumstance, tending to cause dishonor, discredit, or contempt to the name of the University.",1st Offense,"Category 3 (Non-Readmission, denial of admission but is allowed to finish current term)"
A student publicly accused the university of discrimination without basis.,Malicious Mischief,"Acts that bring the name of the University into disrepute such as public and malicious imputation of a crime, or of a vice or defect, real or imaginary, or any act, omission, condition, status, or circumstance, tending to cause dishonor, discredit, or contempt to the name of the University.",1st Offense,"Category 3 (Non-Readmission, denial of admission but is allowed to finish current term)"
A group of students accused the university of harboring criminals without evidence.,Malicious Mischief,"Acts that bring the name of the University into disrepute such as public and malicious imputation of a crime, or of a vice or defect, real or imaginary, or any act, omission, condition, status, or circumstance, tending to cause dishonor, discredit, or contempt to the name of the University.",1st Offense,"Category 3 (Non-Readmission, denial of admission but is allowed to finish current term)"
A student accused the university of misappropriating student funds without proof.,Malicious Mischief,"Acts that bring the name of the University into disrepute such as public and malicious imputation of a crime, or of a vice or defect, real or imaginary, or any act, omission, condition, status, or circumstance, tending to cause dishonor, discredit, or contempt to the name of the University.",1st Offense,"Category 3 (Non-Readmission, denial of admission but is allowed to finish current term)"
A group of students falsely accused the university of environmental violations.,Malicious Mischief,"Acts that bring the name of the University into disrepute such as public and malicious imputation of a crime, or of a vice or defect, real or imaginary, or any act, omission, condition, status, or circumstance, tending to cause dishonor, discredit, or contempt to the name of the University.",1st Offense,"Category 3 (Non-Readmission, denial of admission but is allowed to finish current term)"
A student spread rumors that the university was involved in criminal activities.,Malicious Mischief,"Acts that bring the name of the University into disrepute such as public and malicious imputation of a crime, or of a vice or defect, real or imaginary, or any act, omission, condition, status, or circumstance, tending to cause dishonor, discredit, or contempt to the name of the University.",1st Offense,"Category 3 (Non-Readmission, denial of admission but is allowed to finish current term)"
A student falsely claimed that a university-sponsored event promoted illegal behavior.,Malicious Mischief,"Acts that bring the name of the University into disrepute such as public and malicious imputation of a crime, or of a vice or defect, real or imaginary, or any act, omission, condition, status, or circumstance, tending to cause dishonor, discredit, or contempt to the name of the University.",1st Offense,"Category 3 (Non-Readmission, denial of admission but is allowed to finish current term)"
A student publicly claimed that the university administration was involved in criminal activities.,Malicious Mischief,"Acts that bring the name of the University into disrepute such as public and malicious imputation of a crime, or of a vice or defect, real or imaginary, or any act, omission, condition, status, or circumstance, tending to cause dishonor, discredit, or contempt to the name of the University.",1st Offense,"Category 3 (Non-Readmission, denial of admission but is allowed to finish current term)"
A student falsely accused the university of violating labor laws.,Malicious Mischief,"Acts that bring the name of the University into disrepute such as public and malicious imputation of a crime, or of a vice or defect, real or imaginary, or any act, omission, condition, status, or circumstance, tending to cause dishonor, discredit, or contempt to the name of the University.",1st Offense,"Category 3 (Non-Readmission, denial of admission but is allowed to finish current term)"
A student spread malicious claims that a professor was involved in unethical behavior.,Malicious Mischief,"Acts that bring the name of the University into disrepute such as public and malicious imputation of a crime, or of a vice or defect, real or imaginary, or any act, omission, condition, status, or circumstance, tending to cause dishonor, discredit, or contempt to the name of the University.",1st Offense,"Category 3 (Non-Readmission, denial of admission but is allowed to finish current term)"
A student accused the university of covering up serious crimes without proof.,Malicious Mischief,"Acts that bring the name of the University into disrepute such as public and malicious imputation of a crime, or of a vice or defect, real or imaginary, or any act, omission, condition, status, or circumstance, tending to cause dishonor, discredit, or contempt to the name of the University.",1st Offense,"Category 3 (Non-Readmission, denial of admission but is allowed to finish current term)"
A group of students accused the university of mistreating employees without evidence.,Malicious Mischief,"Acts that bring the name of the University into disrepute such as public and malicious imputation of a crime, or of a vice or defect, real or imaginary, or any act, omission, condition, status, or circumstance, tending to cause dishonor, discredit, or contempt to the name of the University.",1st Offense,"Category 3 (Non-Readmission, denial of admission but is allowed to finish current term)"
A student posted allegations that the university was involved in fraudulent activities.,Malicious Mischief,"Acts that bring the name of the University into disrepute such as public and malicious imputation of a crime, or of a vice or defect, real or imaginary, or any act, omission, condition, status, or circumstance, tending to cause dishonor, discredit, or contempt to the name of the University.",1st Offense,"Category 3 (Non-Readmission, denial of admission but is allowed to finish current term)"
A group of students accused the university of unsafe practices without evidence.,Malicious Mischief,"Acts that bring the name of the University into disrepute such as public and malicious imputation of a crime, or of a vice or defect, real or imaginary, or any act, omission, condition, status, or circumstance, tending to cause dishonor, discredit, or contempt to the name of the University.",1st Offense,"Category 3 (Non-Readmission, denial of admission but is allowed to finish current term)"
A student falsely claimed that the university was concealing serious legal violations.,Malicious Mischief,"Acts that bring the name of the University into disrepute such as public and malicious imputation of a crime, or of a vice or defect, real or imaginary, or any act, omission, condition, status, or circumstance, tending to cause dishonor, discredit, or contempt to the name of the University.",1st Offense,"Category 3 (Non-Readmission, denial of admission but is allowed to finish current term)"
A student publicly accused the university of committing serious legal violations without evidence.,Malicious Mischief,"Acts that bring the name of the University into disrepute such as public and malicious imputation of a crime, or of a vice or defect, real or imaginary, or any act, omission, condition, status, or circumstance, tending to cause dishonor, discredit, or contempt to the name of the University.",1st Offense,"Category 3 (Non-Readmission, denial of admission but is allowed to finish current term)"
A student spread malicious rumors that the university was engaging in unethical behavior.,Malicious Mischief,"Acts that bring the name of the University into disrepute such as public and malicious imputation of a crime, or of a vice or defect, real or imaginary, or any act, omission, condition, status, or circumstance, tending to cause dishonor, discredit, or contempt to the name of the University.",1st Offense,"Category 3 (Non-Readmission, denial of admission but is allowed to finish current term)"
A student posted allegations online that the university was involved in a cheating scandal.,Malicious Mischief,"Acts that bring the name of the University into disrepute such as public and malicious imputation of a crime, or of a vice or defect, real or imaginary, or any act, omission, condition, status, or circumstance, tending to cause dishonor, discredit, or contempt to the name of the University.",1st Offense,"Category 3 (Non-Readmission, denial of admission but is allowed to finish current term)"
A student spread rumors that the university’s funds were being misused.,Malicious Mischief,"Acts that bring the name of the University into disrepute such as public and malicious imputation of a crime, or of a vice or defect, real or imaginary, or any act, omission, condition, status, or circumstance, tending to cause dishonor, discredit, or contempt to the name of the University.",1st Offense,"Category 3 (Non-Readmission, denial of admission but is allowed to finish current term)"
A student accused the university of harboring criminals without evidence.,Malicious Mischief,"Acts that bring the name of the University into disrepute such as public and malicious imputation of a crime, or of a vice or defect, real or imaginary, or any act, omission, condition, status, or circumstance, tending to cause dishonor, discredit, or contempt to the name of the University.",1st Offense,"Category 3 (Non-Readmission, denial of admission but is allowed to finish current term)"
A student falsely claimed that a university club was involved in illegal activities.,Malicious Mischief,"Acts that bring the name of the University into disrepute such as public and malicious imputation of a crime, or of a vice or defect, real or imaginary, or any act, omission, condition, status, or circumstance, tending to cause dishonor, discredit, or contempt to the name of the University.",1st Offense,"Category 3 (Non-Readmission, denial of admission but is allowed to finish current term)"
A student falsely accused the university of involvement in illegal surveillance.,Malicious Mischief,"Acts that bring the name of the University into disrepute such as public and malicious imputation of a crime, or of a vice or defect, real or imaginary, or any act, omission, condition, status, or circumstance, tending to cause dishonor, discredit, or contempt to the name of the University.",1st Offense,"Category 3 (Non-Readmission, denial of admission but is allowed to finish current term)"
A student falsely claimed that the university president was involved in a scandal.,Malicious Mischief,"Acts that bring the name of the University into disrepute such as public and malicious imputation of a crime, or of a vice or defect, real or imaginary, or any act, omission, condition, status, or circumstance, tending to cause dishonor, discredit, or contempt to the name of the University.",1st Offense,"Category 3 (Non-Readmission, denial of admission but is allowed to finish current term)"
A group of students accused the university of illegally inflating tuition fees.,Malicious Mischief,"Acts that bring the name of the University into disrepute such as public and malicious imputation of a crime, or of a vice or defect, real or imaginary, or any act, omission, condition, status, or circumstance, tending to cause dishonor, discredit, or contempt to the name of the University.",1st Offense,"Category 3 (Non-Readmission, denial of admission but is allowed to finish current term)"
A student publicly accused the university of tax evasion without proof.,Malicious Mischief,"Acts that bring the name of the University into disrepute such as public and malicious imputation of a crime, or of a vice or defect, real or imaginary, or any act, omission, condition, status, or circumstance, tending to cause dishonor, discredit, or contempt to the name of the University.",1st Offense,"Category 3 (Non-Readmission, denial of admission but is allowed to finish current term)"
A student accused the university of falsifying records without proof.,Malicious Mischief,"Acts that bring the name of the University into disrepute such as public and malicious imputation of a crime, or of a vice or defect, real or imaginary, or any act, omission, condition, status, or circumstance, tending to cause dishonor, discredit, or contempt to the name of the University.",1st Offense,"Category 3 (Non-Readmission, denial of admission but is allowed to finish current term)"
A student posted false accusations that the university was responsible for serious safety violations.,Malicious Mischief,"Acts that bring the name of the University into disrepute such as public and malicious imputation of a crime, or of a vice or defect, real or imaginary, or any act, omission, condition, status, or circumstance, tending to cause dishonor, discredit, or contempt to the name of the University.",1st Offense,"Category 3 (Non-Readmission, denial of admission but is allowed to finish current term)"
A student falsely claimed that a university program was involved in fraud.,Malicious Mischief,"Acts that bring the name of the University into disrepute such as public and malicious imputation of a crime, or of a vice or defect, real or imaginary, or any act, omission, condition, status, or circumstance, tending to cause dishonor, discredit, or contempt to the name of the University.",1st Offense,"Category 3 (Non-Readmission, denial of admission but is allowed to finish current term)"
A student posted false accusations of corruption against the university administration online.,Malicious Mischief,"Acts that bring the name of the University into disrepute such as public and malicious imputation of a crime, or of a vice or defect, real or imaginary, or any act, omission, condition, status, or circumstance, tending to cause dishonor, discredit, or contempt to the name of the University.",1st Offense,"Category 3 (Non-Readmission, denial of admission but is allowed to finish current term)"
A group of students accused the university of hiding serious crimes without proof.,Malicious Mischief,"Acts that bring the name of the University into disrepute such as public and malicious imputation of a crime, or of a vice or defect, real or imaginary, or any act, omission, condition, status, or circumstance, tending to cause dishonor, discredit, or contempt to the name of the University.",1st Offense,"Category 3 (Non-Readmission, denial of admission but is allowed to finish current term)"
A student spread false allegations that the university was covering up crimes.,Malicious Mischief,"Acts that bring the name of the University into disrepute such as public and malicious imputation of a crime, or of a vice or defect, real or imaginary, or any act, omission, condition, status, or circumstance, tending to cause dishonor, discredit, or contempt to the name of the University.",1st Offense,"Category 3 (Non-Readmission, denial of admission but is allowed to finish current term)"
A student accused the university of embezzling funds without evidence.,Malicious Mischief,"Acts that bring the name of the University into disrepute such as public and malicious imputation of a crime, or of a vice or defect, real or imaginary, or any act, omission, condition, status, or circumstance, tending to cause dishonor, discredit, or contempt to the name of the University.",1st Offense,"Category 3 (Non-Readmission, denial of admission but is allowed to finish current term)"
A group of students accused the university of mishandling funds without evidence.,Malicious Mischief,"Acts that bring the name of the University into disrepute such as public and malicious imputation of a crime, or of a vice or defect, real or imaginary, or any act, omission, condition, status, or circumstance, tending to cause dishonor, discredit, or contempt to the name of the University.",1st Offense,"Category 3 (Non-Readmission, denial of admission but is allowed to finish current term)"
A group of students spread rumors that the university was hiding serious criminal acts.,Malicious Mischief,"Acts that bring the name of the University into disrepute such as public and malicious imputation of a crime, or of a vice or defect, real or imaginary, or any act, omission, condition, status, or circumstance, tending to cause dishonor, discredit, or contempt to the name of the University.",1st Offense,"Category 3 (Non-Readmission, denial of admission but is allowed to finish current term)"
A group of students publicly accused a professor of academic dishonesty.,Malicious Mischief,"Acts that bring the name of the University into disrepute such as public and malicious imputation of a crime, or of a vice or defect, real or imaginary, or any act, omission, condition, status, or circumstance, tending to cause dishonor, discredit, or contempt to the name of the University.",1st Offense,"Category 3 (Non-Readmission, denial of admission but is allowed to finish current term)"
A student falsely accused the university of unsafe campus conditions.,Malicious Mischief,"Acts that bring the name of the University into disrepute such as public and malicious imputation of a crime, or of a vice or defect, real or imaginary, or any act, omission, condition, status, or circumstance, tending to cause dishonor, discredit, or contempt to the name of the University.",1st Offense,"Category 3 (Non-Readmission, denial of admission but is allowed to finish current term)"
A group of students spread rumors that the university was involved in a major criminal scandal.,Malicious Mischief,"Acts that bring the name of the University into disrepute such as public and malicious imputation of a crime, or of a vice or defect, real or imaginary, or any act, omission, condition, status, or circumstance, tending to cause dishonor, discredit, or contempt to the name of the University.",1st Offense,"Category 3 (Non-Readmission, denial of admission but is allowed to finish current term)"
A student spread malicious rumors that the university administration was corrupt.,Malicious Mischief,"Acts that bring the name of the University into disrepute such as public and malicious imputation of a crime, or of a vice or defect, real or imaginary, or any act, omission, condition, status, or circumstance, tending to cause dishonor, discredit, or contempt to the name of the University.",1st Offense,"Category 3 (Non-Readmission, denial of admission but is allowed to finish current term)"
A student falsely claimed that the university was involved in human rights violations.,Malicious Mischief,"Acts that bring the name of the University into disrepute such as public and malicious imputation of a crime, or of a vice or defect, real or imaginary, or any act, omission, condition, status, or circumstance, tending to cause dishonor, discredit, or contempt to the name of the University.",1st Offense,"Category 3 (Non-Readmission, denial of admission but is allowed to finish current term)"
A student spread malicious rumors that the university was defrauding students.,Malicious Mischief,"Acts that bring the name of the University into disrepute such as public and malicious imputation of a crime, or of a vice or defect, real or imaginary, or any act, omission, condition, status, or circumstance, tending to cause dishonor, discredit, or contempt to the name of the University.",1st Offense,"Category 3 (Non-Readmission, denial of admission but is allowed to finish current term)"
A student accused the university of violating students’ rights without basis.,Malicious Mischief,"Acts that bring the name of the University into disrepute such as public and malicious imputation of a crime, or of a vice or defect, real or imaginary, or any act, omission, condition, status, or circumstance, tending to cause dishonor, discredit, or contempt to the name of the University.",1st Offense,"Category 3 (Non-Readmission, denial of admission but is allowed to finish current term)"
A student accused the university of covering up a major crime without proof.,Malicious Mischief,"Acts that bring the name of the University into disrepute such as public and malicious imputation of a crime, or of a vice or defect, real or imaginary, or any act, omission, condition, status, or circumstance, tending to cause dishonor, discredit, or contempt to the name of the University.",1st Offense,"Category 3 (Non-Readmission, denial of admission but is allowed to finish current term)"
A group of students accused the university of financial mismanagement without proof.,Malicious Mischief,"Acts that bring the name of the University into disrepute such as public and malicious imputation of a crime, or of a vice or defect, real or imaginary, or any act, omission, condition, status, or circumstance, tending to cause dishonor, discredit, or contempt to the name of the University.",1st Offense,"Category 3 (Non-Readmission, denial of admission but is allowed to finish current term)"
A student falsely claimed that the university administration was embezzling money.,Malicious Mischief,"Acts that bring the name of the University into disrepute such as public and malicious imputation of a crime, or of a vice or defect, real or imaginary, or any act, omission, condition, status, or circumstance, tending to cause dishonor, discredit, or contempt to the name of the University.",1st Offense,"Category 3 (Non-Readmission, denial of admission but is allowed to finish current term)"
A student publicly accused the university of racial discrimination without evidence.,Malicious Mischief,"Acts that bring the name of the University into disrepute such as public and malicious imputation of a crime, or of a vice or defect, real or imaginary, or any act, omission, condition, status, or circumstance, tending to cause dishonor, discredit, or contempt to the name of the University.",1st Offense,"Category 3 (Non-Readmission, denial of admission but is allowed to finish current term)"
A student spread false claims about the university’s involvement in illegal drug activities.,Malicious Mischief,"Acts that bring the name of the University into disrepute such as public and malicious imputation of a crime, or of a vice or defect, real or imaginary, or any act, omission, condition, status, or circumstance, tending to cause dishonor, discredit, or contempt to the name of the University.",1st Offense,"Category 3 (Non-Readmission, denial of admission but is allowed to finish current term)"
A student publicly claimed that the university had ties to illegal organizations.,Malicious Mischief,"Acts that bring the name of the University into disrepute such as public and malicious imputation of a crime, or of a vice or defect, real or imaginary, or any act, omission, condition, status, or circumstance, tending to cause dishonor, discredit, or contempt to the name of the University.",1st Offense,"Category 3 (Non-Readmission, denial of admission but is allowed to finish current term)"
A student spread rumors that the university was involved in illegal gambling.,Malicious Mischief,"Acts that bring the name of the University into disrepute such as public and malicious imputation of a crime, or of a vice or defect, real or imaginary, or any act, omission, condition, status, or circumstance, tending to cause dishonor, discredit, or contempt to the name of the University.",1st Offense,"Category 3 (Non-Readmission, denial of admission but is allowed to finish current term)"
A student spread malicious rumors about the university’s involvement in illegal trade.,Malicious Mischief,"Acts that bring the name of the University into disrepute such as public and malicious imputation of a crime, or of a vice or defect, real or imaginary, or any act, omission, condition, status, or circumstance, tending to cause dishonor, discredit, or contempt to the name of the University.",1st Offense,"Category 3 (Non-Readmission, denial of admission but is allowed to finish current term)"
A group of students attended a non-school-related protest march in their school uniforms.,Malicious Mischief,Participating in unauthorized activities off-campus in school uniform or wearing any item of the school uniform.,1st Offense,"Category 2 (Formative Intervention: University Service, Counseling, Discipline Education Program, & Evaluation)"
A student participated in an unauthorized street performance off-campus while in school uniform.,Malicious Mischief,Participating in unauthorized activities off-campus in school uniform or wearing any item of the school uniform.,1st Offense,"Category 2 (Formative Intervention: University Service, Counseling, Discipline Education Program, & Evaluation)"
A group of students participated in an off-campus march while in their school uniforms.,Malicious Mischief,Participating in unauthorized activities off-campus in school uniform or wearing any item of the school uniform.,1st Offense,"Category 2 (Formative Intervention: University Service, Counseling, Discipline Education Program, & Evaluation)"
A group of students were seen at an off-campus march while wearing their school uniforms.,Malicious Mischief,Participating in unauthorized activities off-campus in school uniform or wearing any item of the school uniform.,1st Offense,"Category 2 (Formative Intervention: University Service, Counseling, Discipline Education Program, & Evaluation)"
A student participated in a community service event outside of school while wearing a school jacket.,Malicious Mischief,Participating in unauthorized activities off-campus in school uniform or wearing any item of the school uniform.,1st Offense,"Category 2 (Formative Intervention: University Service, Counseling, Discipline Education Program, & Evaluation)"
A student was involved in an off-campus charity event without authorization while in school uniform.,Malicious Mischief,Participating in unauthorized activities off-campus in school uniform or wearing any item of the school uniform.,1st Offense,"Category 2 (Formative Intervention: University Service, Counseling, Discipline Education Program, & Evaluation)"
A group of students were spotted at a non-school event in their school uniforms.,Malicious Mischief,Participating in unauthorized activities off-campus in school uniform or wearing any item of the school uniform.,1st Offense,"Category 2 (Formative Intervention: University Service, Counseling, Discipline Education Program, & Evaluation)"
A student participated in an unauthorized marathon race off-campus while in school uniform.,Malicious Mischief,Participating in unauthorized activities off-campus in school uniform or wearing any item of the school uniform.,1st Offense,"Category 2 (Formative Intervention: University Service, Counseling, Discipline Education Program, & Evaluation)"
A student was involved in an off-campus volunteer activity while wearing the school uniform.,Malicious Mischief,Participating in unauthorized activities off-campus in school uniform or wearing any item of the school uniform.,1st Offense,"Category 2 (Formative Intervention: University Service, Counseling, Discipline Education Program, & Evaluation)"
A student was spotted at a political fundraiser off-campus while in school uniform.,Malicious Mischief,Participating in unauthorized activities off-campus in school uniform or wearing any item of the school uniform.,1st Offense,"Category 2 (Formative Intervention: University Service, Counseling, Discipline Education Program, & Evaluation)"
A student attended a non-school-related academic conference in their school uniform without authorization.,Malicious Mischief,Participating in unauthorized activities off-campus in school uniform or wearing any item of the school uniform.,1st Offense,"Category 2 (Formative Intervention: University Service, Counseling, Discipline Education Program, & Evaluation)"
A group of students were seen promoting a political cause off-campus while in their school uniforms.,Malicious Mischief,Participating in unauthorized activities off-campus in school uniform or wearing any item of the school uniform.,1st Offense,"Category 2 (Formative Intervention: University Service, Counseling, Discipline Education Program, & Evaluation)"
A student was spotted at a public speaking event while wearing their school jacket.,Malicious Mischief,Participating in unauthorized activities off-campus in school uniform or wearing any item of the school uniform.,1st Offense,"Category 2 (Formative Intervention: University Service, Counseling, Discipline Education Program, & Evaluation)"
A student was spotted at a public demonstration off-campus while wearing a school jacket.,Malicious Mischief,Participating in unauthorized activities off-campus in school uniform or wearing any item of the school uniform.,1st Offense,"Category 2 (Formative Intervention: University Service, Counseling, Discipline Education Program, & Evaluation)"
A student was seen attending a public forum on a controversial issue while in school uniform.,Malicious Mischief,Participating in unauthorized activities off-campus in school uniform or wearing any item of the school uniform.,1st Offense,"Category 2 (Formative Intervention: University Service, Counseling, Discipline Education Program, & Evaluation)"
A student was seen at a local rally off-campus while wearing their school uniform.,Malicious Mischief,Participating in unauthorized activities off-campus in school uniform or wearing any item of the school uniform.,1st Offense,"Category 2 (Formative Intervention: University Service, Counseling, Discipline Education Program, & Evaluation)"
A group of students were seen distributing leaflets for a cause off-campus while in their school uniforms.,Malicious Mischief,Participating in unauthorized activities off-campus in school uniform or wearing any item of the school uniform.,1st Offense,"Category 2 (Formative Intervention: University Service, Counseling, Discipline Education Program, & Evaluation)"
A group of students participated in a sporting event outside of school while wearing their uniforms.,Malicious Mischief,Participating in unauthorized activities off-campus in school uniform or wearing any item of the school uniform.,1st Offense,"Category 2 (Formative Intervention: University Service, Counseling, Discipline Education Program, & Evaluation)"
A student attended a local community event in their school uniform without permission.,Malicious Mischief,Participating in unauthorized activities off-campus in school uniform or wearing any item of the school uniform.,1st Offense,"Category 2 (Formative Intervention: University Service, Counseling, Discipline Education Program, & Evaluation)"
A student was photographed participating in an unauthorized political rally while wearing their school jacket.,Malicious Mischief,Participating in unauthorized activities off-campus in school uniform or wearing any item of the school uniform.,1st Offense,"Category 2 (Formative Intervention: University Service, Counseling, Discipline Education Program, & Evaluation)"
A group of students attended a non-school-related cultural festival in their school uniforms.,Malicious Mischief,Participating in unauthorized activities off-campus in school uniform or wearing any item of the school uniform.,1st Offense,"Category 2 (Formative Intervention: University Service, Counseling, Discipline Education Program, & Evaluation)"
A group of students attended an off-campus demonstration in their school uniforms.,Malicious Mischief,Participating in unauthorized activities off-campus in school uniform or wearing any item of the school uniform.,1st Offense,"Category 2 (Formative Intervention: University Service, Counseling, Discipline Education Program, & Evaluation)"
A student was seen at a protest rally off-campus while wearing a school jacket.,Malicious Mischief,Participating in unauthorized activities off-campus in school uniform or wearing any item of the school uniform.,1st Offense,"Category 2 (Formative Intervention: University Service, Counseling, Discipline Education Program, & Evaluation)"
A student was photographed at a public event off-campus while wearing a school jacket.,Malicious Mischief,Participating in unauthorized activities off-campus in school uniform or wearing any item of the school uniform.,1st Offense,"Category 2 (Formative Intervention: University Service, Counseling, Discipline Education Program, & Evaluation)"
A student was seen campaigning for a cause while wearing their school jacket off-campus.,Malicious Mischief,Participating in unauthorized activities off-campus in school uniform or wearing any item of the school uniform.,1st Offense,"Category 2 (Formative Intervention: University Service, Counseling, Discipline Education Program, & Evaluation)"
A student was spotted at an off-campus gathering while wearing their school jacket.,Malicious Mischief,Participating in unauthorized activities off-campus in school uniform or wearing any item of the school uniform.,1st Offense,"Category 2 (Formative Intervention: University Service, Counseling, Discipline Education Program, & Evaluation)"
A student attended a public debate off-campus while wearing their school uniform.,Malicious Mischief,Participating in unauthorized activities off-campus in school uniform or wearing any item of the school uniform.,1st Offense,"Category 2 (Formative Intervention: University Service, Counseling, Discipline Education Program, & Evaluation)"
A group of students attended a protest wearing their school uniforms.,Malicious Mischief,Participating in unauthorized activities off-campus in school uniform or wearing any item of the school uniform.,1st Offense,"Category 2 (Formative Intervention: University Service, Counseling, Discipline Education Program, & Evaluation)"
A student attended a local protest march in their school uniform.,Malicious Mischief,Participating in unauthorized activities off-campus in school uniform or wearing any item of the school uniform.,1st Offense,"Category 2 (Formative Intervention: University Service, Counseling, Discipline Education Program, & Evaluation)"
A student participated in an unauthorized charity run while wearing their school jacket.,Malicious Mischief,Participating in unauthorized activities off-campus in school uniform or wearing any item of the school uniform.,1st Offense,"Category 2 (Formative Intervention: University Service, Counseling, Discipline Education Program, & Evaluation)"
A student attended a controversial public event while in school uniform off-campus.,Malicious Mischief,Participating in unauthorized activities off-campus in school uniform or wearing any item of the school uniform.,1st Offense,"Category 2 (Formative Intervention: University Service, Counseling, Discipline Education Program, & Evaluation)"
A student attended a non-school-related volunteer event in their school uniform without permission.,Malicious Mischief,Participating in unauthorized activities off-campus in school uniform or wearing any item of the school uniform.,1st Offense,"Category 2 (Formative Intervention: University Service, Counseling, Discipline Education Program, & Evaluation)"
A student was seen campaigning for a local politician while wearing a school jacket.,Malicious Mischief,Participating in unauthorized activities off-campus in school uniform or wearing any item of the school uniform.,1st Offense,"Category 2 (Formative Intervention: University Service, Counseling, Discipline Education Program, & Evaluation)"
A student was seen distributing flyers for a political cause while in school uniform off-campus.,Malicious Mischief,Participating in unauthorized activities off-campus in school uniform or wearing any item of the school uniform.,1st Offense,"Category 2 (Formative Intervention: University Service, Counseling, Discipline Education Program, & Evaluation)"
A group of students participated in a charity event outside of school while in their school uniforms.,Malicious Mischief,Participating in unauthorized activities off-campus in school uniform or wearing any item of the school uniform.,1st Offense,"Category 2 (Formative Intervention: University Service, Counseling, Discipline Education Program, & Evaluation)"
A student was seen at an unauthorized religious gathering off-campus while in school uniform.,Malicious Mischief,Participating in unauthorized activities off-campus in school uniform or wearing any item of the school uniform.,1st Offense,"Category 2 (Formative Intervention: University Service, Counseling, Discipline Education Program, & Evaluation)"
A student participated in an unauthorized community project while in school uniform.,Malicious Mischief,Participating in unauthorized activities off-campus in school uniform or wearing any item of the school uniform.,1st Offense,"Category 2 (Formative Intervention: University Service, Counseling, Discipline Education Program, & Evaluation)"
A student was spotted at an unauthorized film screening off-campus while in school uniform.,Malicious Mischief,Participating in unauthorized activities off-campus in school uniform or wearing any item of the school uniform.,1st Offense,"Category 2 (Formative Intervention: University Service, Counseling, Discipline Education Program, & Evaluation)"
A student attended a music concert in their school uniform without authorization.,Malicious Mischief,Participating in unauthorized activities off-campus in school uniform or wearing any item of the school uniform.,1st Offense,"Category 2 (Formative Intervention: University Service, Counseling, Discipline Education Program, & Evaluation)"
A group of students attended a non-school-sanctioned event while in their school uniforms.,Malicious Mischief,Participating in unauthorized activities off-campus in school uniform or wearing any item of the school uniform.,1st Offense,"Category 2 (Formative Intervention: University Service, Counseling, Discipline Education Program, & Evaluation)"
A group of students attended an off-campus political demonstration in their school uniforms.,Malicious Mischief,Participating in unauthorized activities off-campus in school uniform or wearing any item of the school uniform.,1st Offense,"Category 2 (Formative Intervention: University Service, Counseling, Discipline Education Program, & Evaluation)"
A student was seen participating in a non-school-related volunteer activity while in school uniform.,Malicious Mischief,Participating in unauthorized activities off-campus in school uniform or wearing any item of the school uniform.,1st Offense,"Category 2 (Formative Intervention: University Service, Counseling, Discipline Education Program, & Evaluation)"
A student was photographed attending a non-school-sponsored parade in their school uniform.,Malicious Mischief,Participating in unauthorized activities off-campus in school uniform or wearing any item of the school uniform.,1st Offense,"Category 2 (Formative Intervention: University Service, Counseling, Discipline Education Program, & Evaluation)"
A student was photographed at an off-campus political event while in school uniform.,Malicious Mischief,Participating in unauthorized activities off-campus in school uniform or wearing any item of the school uniform.,1st Offense,"Category 2 (Formative Intervention: University Service, Counseling, Discipline Education Program, & Evaluation)"
A student was involved in an off-campus theatrical performance while wearing their school uniform.,Malicious Mischief,Participating in unauthorized activities off-campus in school uniform or wearing any item of the school uniform.,1st Offense,"Category 2 (Formative Intervention: University Service, Counseling, Discipline Education Program, & Evaluation)"
A student attended an unauthorized music festival off-campus in their school uniform.,Malicious Mischief,Participating in unauthorized activities off-campus in school uniform or wearing any item of the school uniform.,1st Offense,"Category 2 (Formative Intervention: University Service, Counseling, Discipline Education Program, & Evaluation)"
A student was seen at a public forum promoting a social cause while wearing their school jacket.,Malicious Mischief,Participating in unauthorized activities off-campus in school uniform or wearing any item of the school uniform.,1st Offense,"Category 2 (Formative Intervention: University Service, Counseling, Discipline Education Program, & Evaluation)"
A group of students were seen at an off-campus event promoting a social cause while in their uniforms.,Malicious Mischief,Participating in unauthorized activities off-campus in school uniform or wearing any item of the school uniform.,1st Offense,"Category 2 (Formative Intervention: University Service, Counseling, Discipline Education Program, & Evaluation)"
A student participated in an unauthorized art exhibit off-campus while in school uniform.,Malicious Mischief,Participating in unauthorized activities off-campus in school uniform or wearing any item of the school uniform.,1st Offense,"Category 2 (Formative Intervention: University Service, Counseling, Discipline Education Program, & Evaluation)"
A student participated in an off-campus event promoting a controversial issue while in school uniform.,Malicious Mischief,Participating in unauthorized activities off-campus in school uniform or wearing any item of the school uniform.,1st Offense,"Category 2 (Formative Intervention: University Service, Counseling, Discipline Education Program, & Evaluation)"
A student participated in an unauthorized public forum off-campus while wearing a school jacket.,Malicious Mischief,Participating in unauthorized activities off-campus in school uniform or wearing any item of the school uniform.,1st Offense,"Category 2 (Formative Intervention: University Service, Counseling, Discipline Education Program, & Evaluation)"
A group of students were seen attending a public protest while in their school uniforms.,Malicious Mischief,Participating in unauthorized activities off-campus in school uniform or wearing any item of the school uniform.,1st Offense,"Category 2 (Formative Intervention: University Service, Counseling, Discipline Education Program, & Evaluation)"
A student participated in an unauthorized cultural event outside of school while in school uniform.,Malicious Mischief,Participating in unauthorized activities off-campus in school uniform or wearing any item of the school uniform.,1st Offense,"Category 2 (Formative Intervention: University Service, Counseling, Discipline Education Program, & Evaluation)"
A group of students participated in a strike outside school premises while in their uniforms.,Malicious Mischief,Participating in unauthorized activities off-campus in school uniform or wearing any item of the school uniform.,1st Offense,"Category 2 (Formative Intervention: University Service, Counseling, Discipline Education Program, & Evaluation)"
A group of students were seen handing out leaflets for a protest while in their school uniforms.,Malicious Mischief,Participating in unauthorized activities off-campus in school uniform or wearing any item of the school uniform.,1st Offense,"Category 2 (Formative Intervention: University Service, Counseling, Discipline Education Program, & Evaluation)"
A student attended an unauthorized club meeting off-campus while in school uniform.,Malicious Mischief,Participating in unauthorized activities off-campus in school uniform or wearing any item of the school uniform.,1st Offense,"Category 2 (Formative Intervention: University Service, Counseling, Discipline Education Program, & Evaluation)"
A student was seen participating in a political rally off-campus while in school uniform.,Malicious Mischief,Participating in unauthorized activities off-campus in school uniform or wearing any item of the school uniform.,1st Offense,"Category 2 (Formative Intervention: University Service, Counseling, Discipline Education Program, & Evaluation)"
A student was seen participating in an unauthorized protest while in school uniform.,Malicious Mischief,Participating in unauthorized activities off-campus in school uniform or wearing any item of the school uniform.,1st Offense,"Category 2 (Formative Intervention: University Service, Counseling, Discipline Education Program, & Evaluation)"
A student was caught three times for not wearing their prescribed uniform.,"Violation of Rules and Regulations of the University, CHED, other Regulatory Agencies and Philippine Laws","Habitual disregard or willful violation of established policies, rules or regulations consisting of three (3) minor offenses of the same kind or nature, or four (4) minor offenses of different kinds or nature.",1st Offense,"Category 2 (Formative Intervention: University Service, Counseling, Discipline Education Program, & Evaluation)"
"A student committed four different minor violations, including loitering and littering.","Violation of Rules and Regulations of the University, CHED, other Regulatory Agencies and Philippine Laws","Habitual disregard or willful violation of established policies, rules or regulations consisting of three (3) minor offenses of the same kind or nature, or four (4) minor offenses of different kinds or nature.",1st Offense,"Category 2 (Formative Intervention: University Service, Counseling, Discipline Education Program, & Evaluation)"
A student was reprimanded for committing three instances of inappropriate attire.,"Violation of Rules and Regulations of the University, CHED, other Regulatory Agencies and Philippine Laws","Habitual disregard or willful violation of established policies, rules or regulations consisting of three (3) minor offenses of the same kind or nature, or four (4) minor offenses of different kinds or nature.",1st Offense,"Category 2 (Formative Intervention: University Service, Counseling, Discipline Education Program, & Evaluation)"
A student disregarded locker policy on four occasions.,"Violation of Rules and Regulations of the University, CHED, other Regulatory Agencies and Philippine Laws","Habitual disregard or willful violation of established policies, rules or regulations consisting of three (3) minor offenses of the same kind or nature, or four (4) minor offenses of different kinds or nature.",1st Offense,"Category 2 (Formative Intervention: University Service, Counseling, Discipline Education Program, & Evaluation)"
A student rearranged classroom furniture without approval four times.,"Violation of Rules and Regulations of the University, CHED, other Regulatory Agencies and Philippine Laws","Habitual disregard or willful violation of established policies, rules or regulations consisting of three (3) minor offenses of the same kind or nature, or four (4) minor offenses of different kinds or nature.",1st Offense,"Category 2 (Formative Intervention: University Service, Counseling, Discipline Education Program, & Evaluation)"
A student committed repeated violations of library policies (concealing materials) four times.,"Violation of Rules and Regulations of the University, CHED, other Regulatory Agencies and Philippine Laws","Habitual disregard or willful violation of established policies, rules or regulations consisting of three (3) minor offenses of the same kind or nature, or four (4) minor offenses of different kinds or nature.",1st Offense,"Category 2 (Formative Intervention: University Service, Counseling, Discipline Education Program, & Evaluation)"
A student violated both classroom loitering and food policies four times.,"Violation of Rules and Regulations of the University, CHED, other Regulatory Agencies and Philippine Laws","Habitual disregard or willful violation of established policies, rules or regulations consisting of three (3) minor offenses of the same kind or nature, or four (4) minor offenses of different kinds or nature.",1st Offense,"Category 2 (Formative Intervention: University Service, Counseling, Discipline Education Program, & Evaluation)"
A student repeatedly failed to bring their University ID and caused disturbances.,"Violation of Rules and Regulations of the University, CHED, other Regulatory Agencies and Philippine Laws","Habitual disregard or willful violation of established policies, rules or regulations consisting of three (3) minor offenses of the same kind or nature, or four (4) minor offenses of different kinds or nature.",2nd Offense,"Category 3 (Non-Readmission, denial of admission but is allowed to finish current term)"
A student committed three offenses involving classroom disruption and locker misuse.,"Violation of Rules and Regulations of the University, CHED, other Regulatory Agencies and Philippine Laws","Habitual disregard or willful violation of established policies, rules or regulations consisting of three (3) minor offenses of the same kind or nature, or four (4) minor offenses of different kinds or nature.",2nd Offense,"Category 3 (Non-Readmission, denial of admission but is allowed to finish current term)"
A student was caught four times in the restricted faculty area without permission.,"Violation of Rules and Regulations of the University, CHED, other Regulatory Agencies and Philippine Laws","Habitual disregard or willful violation of established policies, rules or regulations consisting of three (3) minor offenses of the same kind or nature, or four (4) minor offenses of different kinds or nature.",2nd Offense,"Category 3 (Non-Readmission, denial of admission but is allowed to finish current term)"
A student received multiple warnings for wearing inappropriate attire and ignoring locker policies.,"Violation of Rules and Regulations of the University, CHED, other Regulatory Agencies and Philippine Laws","Habitual disregard or willful violation of established policies, rules or regulations consisting of three (3) minor offenses of the same kind or nature, or four (4) minor offenses of different kinds or nature.",2nd Offense,"Category 3 (Non-Readmission, denial of admission but is allowed to finish current term)"
A student repeatedly ignored the library’s silence policy.,"Violation of Rules and Regulations of the University, CHED, other Regulatory Agencies and Philippine Laws","Habitual disregard or willful violation of established policies, rules or regulations consisting of three (3) minor offenses of the same kind or nature, or four (4) minor offenses of different kinds or nature.",1st Offense,"Category 2 (Formative Intervention: University Service, Counseling, Discipline Education Program, & Evaluation)"
A student consistently parked in a no-parking zone despite warnings.,"Violation of Rules and Regulations of the University, CHED, other Regulatory Agencies and Philippine Laws","Habitual disregard or willful violation of established policies, rules or regulations consisting of three (3) minor offenses of the same kind or nature, or four (4) minor offenses of different kinds or nature.",1st Offense,"Category 2 (Formative Intervention: University Service, Counseling, Discipline Education Program, & Evaluation)"
A student refused to show their University ID to the security guard.,"Violation of Rules and Regulations of the University, CHED, other Regulatory Agencies and Philippine Laws",Refusal to present University ID when asked by authorities.,1st Offense,"Category 2 (Formative Intervention: University Service, Counseling, Discipline Education Program, & Evaluation)"
A student did not comply when a Discipline Officer requested their University ID.,"Violation of Rules and Regulations of the University, CHED, other Regulatory Agencies and Philippine Laws",Refusal to present University ID when asked by authorities.,1st Offense,"Category 2 (Formative Intervention: University Service, Counseling, Discipline Education Program, & Evaluation)"
A student refused to present their ID to a librarian when entering a restricted area.,"Violation of Rules and Regulations of the University, CHED, other Regulatory Agencies and Philippine Laws",Refusal to present University ID when asked by authorities.,1st Offense,"Category 2 (Formative Intervention: University Service, Counseling, Discipline Education Program, & Evaluation)"
A student failed to present their University ID during a surprise inspection.,"Violation of Rules and Regulations of the University, CHED, other Regulatory Agencies and Philippine Laws",Refusal to present University ID when asked by authorities.,1st Offense,"Category 2 (Formative Intervention: University Service, Counseling, Discipline Education Program, & Evaluation)"
A student was asked for their ID at the entrance but refused to comply.,"Violation of Rules and Regulations of the University, CHED, other Regulatory Agencies and Philippine Laws",Refusal to present University ID when asked by authorities.,1st Offense,"Category 2 (Formative Intervention: University Service, Counseling, Discipline Education Program, & Evaluation)"
A student ignored a request from the school guard for identification during a night event.,"Violation of Rules and Regulations of the University, CHED, other Regulatory Agencies and Philippine Laws",Refusal to present University ID when asked by authorities.,1st Offense,"Category 2 (Formative Intervention: University Service, Counseling, Discipline Education Program, & Evaluation)"
A student refused to hand over their ID at the clinic when asked by a school nurse.,"Violation of Rules and Regulations of the University, CHED, other Regulatory Agencies and Philippine Laws",Refusal to present University ID when asked by authorities.,1st Offense,"Category 2 (Formative Intervention: University Service, Counseling, Discipline Education Program, & Evaluation)"
A student was asked for their ID twice by the Discipline Officer and refused both times.,"Violation of Rules and Regulations of the University, CHED, other Regulatory Agencies and Philippine Laws",Refusal to present University ID when asked by authorities.,2nd Offense,"Category 3 (Non-Readmission, denial of admission but is allowed to finish current term)"
A student refused to show their ID twice when entering the Learner’s Resource Center.,"Violation of Rules and Regulations of the University, CHED, other Regulatory Agencies and Philippine Laws",Refusal to present University ID when asked by authorities.,2nd Offense,"Category 3 (Non-Readmission, denial of admission but is allowed to finish current term)"
A student was caught twice in the hallway refusing to present their ID to security.,"Violation of Rules and Regulations of the University, CHED, other Regulatory Agencies and Philippine Laws",Refusal to present University ID when asked by authorities.,2nd Offense,"Category 3 (Non-Readmission, denial of admission but is allowed to finish current term)"
A student refused to present their ID at the campus gate multiple times.,"Violation of Rules and Regulations of the University, CHED, other Regulatory Agencies and Philippine Laws",Refusal to present University ID when asked by authorities.,2nd Offense,"Category 3 (Non-Readmission, denial of admission but is allowed to finish current term)"
A student refused to show their University ID when asked by a security guard.,"Violation of Rules and Regulations of the University, CHED, other Regulatory Agencies and Philippine Laws",Refusal to present University ID when asked by authorities.,1st Offense,"Category 2 (Formative Intervention: University Service, Counseling, Discipline Education Program, & Evaluation)"
A student refused to show their ID during a random ID check by campus staff.,"Violation of Rules and Regulations of the University, CHED, other Regulatory Agencies and Philippine Laws",Refusal to present University ID when asked by authorities.,1st Offense,"Category 2 (Formative Intervention: University Service, Counseling, Discipline Education Program, & Evaluation)"
A student was found in the Faculty Room without permission.,"Violation of Rules and Regulations of the University, CHED, other Regulatory Agencies and Philippine Laws",Entering any restricted area within the University without proper authority.,1st Offense,"Category 2 (Formative Intervention: University Service, Counseling, Discipline Education Program, & Evaluation)"
A student entered a locked classroom without scheduled class.,"Violation of Rules and Regulations of the University, CHED, other Regulatory Agencies and Philippine Laws",Entering any restricted area within the University without proper authority.,1st Offense,"Category 2 (Formative Intervention: University Service, Counseling, Discipline Education Program, & Evaluation)"
A student entered the computer lab without approval during break hours.,"Violation of Rules and Regulations of the University, CHED, other Regulatory Agencies and Philippine Laws",Entering any restricted area within the University without proper authority.,1st Offense,"Category 2 (Formative Intervention: University Service, Counseling, Discipline Education Program, & Evaluation)"
A student was caught in the Physics Laboratory without prior permission.,"Violation of Rules and Regulations of the University, CHED, other Regulatory Agencies and Philippine Laws",Entering any restricted area within the University without proper authority.,1st Offense,"Category 2 (Formative Intervention: University Service, Counseling, Discipline Education Program, & Evaluation)"
A student accessed the Drawing Room outside of class hours without authorization.,"Violation of Rules and Regulations of the University, CHED, other Regulatory Agencies and Philippine Laws",Entering any restricted area within the University without proper authority.,1st Offense,"Category 2 (Formative Intervention: University Service, Counseling, Discipline Education Program, & Evaluation)"
A student was found in the Faculty Lounge without permission.,"Violation of Rules and Regulations of the University, CHED, other Regulatory Agencies and Philippine Laws",Entering any restricted area within the University without proper authority.,1st Offense,"Category 2 (Formative Intervention: University Service, Counseling, Discipline Education Program, & Evaluation)"
A student was caught entering the library after hours without permission.,"Violation of Rules and Regulations of the University, CHED, other Regulatory Agencies and Philippine Laws",Entering any restricted area within the University without proper authority.,1st Offense,"Category 2 (Formative Intervention: University Service, Counseling, Discipline Education Program, & Evaluation)"
A student was caught twice entering the Faculty Room without approval.,"Violation of Rules and Regulations of the University, CHED, other Regulatory Agencies and Philippine Laws",Entering any restricted area within the University without proper authority.,2nd Offense,"Category 3 (Non-Readmission, denial of admission but is allowed to finish current term)"
A student entered the Computer Lab twice after hours without a reservation.,"Violation of Rules and Regulations of the University, CHED, other Regulatory Agencies and Philippine Laws",Entering any restricted area within the University without proper authority.,2nd Offense,"Category 3 (Non-Readmission, denial of admission but is allowed to finish current term)"
A student was found twice in a restricted area during class hours.,"Violation of Rules and Regulations of the University, CHED, other Regulatory Agencies and Philippine Laws",Entering any restricted area within the University without proper authority.,2nd Offense,"Category 3 (Non-Readmission, denial of admission but is allowed to finish current term)"
A student accessed the Student Development Office twice without clearance.,"Violation of Rules and Regulations of the University, CHED, other Regulatory Agencies and Philippine Laws",Entering any restricted area within the University without proper authority.,2nd Offense,"Category 3 (Non-Readmission, denial of admission but is allowed to finish current term)"
A student entered the faculty room without authorization.,"Violation of Rules and Regulations of the University, CHED, other Regulatory Agencies and Philippine Laws",Entering any restricted area within the University without proper authority.,1st Offense,"Category 2 (Formative Intervention: University Service, Counseling, Discipline Education Program, & Evaluation)"
A student accessed the school’s administrative office without permission.,"Violation of Rules and Regulations of the University, CHED, other Regulatory Agencies and Philippine Laws",Entering any restricted area within the University without proper authority.,1st Offense,"Category 2 (Formative Intervention: University Service, Counseling, Discipline Education Program, & Evaluation)"
A student athlete was caught sneaking out of the dormitory after curfew.,"Violation of Rules and Regulations of the University, CHED, other Regulatory Agencies and Philippine Laws",Violation of Student Athlete Dormitory Rules and Regulations amounting to misconduct or major offense as defined in this handbook,1st Offense,"Category 2 (Formative Intervention: University Service, Counseling, Discipline Education Program, & Evaluation)"
"A student athlete hosted a loud party inside the dormitory, disturbing other residents.","Violation of Rules and Regulations of the University, CHED, other Regulatory Agencies and Philippine Laws",Violation of Student Athlete Dormitory Rules and Regulations amounting to misconduct or major offense as defined in this handbook,1st Offense,"Category 2 (Formative Intervention: University Service, Counseling, Discipline Education Program, & Evaluation)"
"A student athlete failed to adhere to the dormitory's cleanliness rules, leaving their room in disarray.","Violation of Rules and Regulations of the University, CHED, other Regulatory Agencies and Philippine Laws",Violation of Student Athlete Dormitory Rules and Regulations amounting to misconduct or major offense as defined in this handbook,1st Offense,"Category 2 (Formative Intervention: University Service, Counseling, Discipline Education Program, & Evaluation)"
A student athlete was caught bringing an unauthorized guest into the dormitory.,"Violation of Rules and Regulations of the University, CHED, other Regulatory Agencies and Philippine Laws",Violation of Student Athlete Dormitory Rules and Regulations amounting to misconduct or major offense as defined in this handbook,1st Offense,"Category 2 (Formative Intervention: University Service, Counseling, Discipline Education Program, & Evaluation)"
A student athlete broke dormitory rules by staying out overnight without permission.,"Violation of Rules and Regulations of the University, CHED, other Regulatory Agencies and Philippine Laws",Violation of Student Athlete Dormitory Rules and Regulations amounting to misconduct or major offense as defined in this handbook,1st Offense,"Category 2 (Formative Intervention: University Service, Counseling, Discipline Education Program, & Evaluation)"
"A student athlete repeatedly left their room unlocked, violating dorm security rules.","Violation of Rules and Regulations of the University, CHED, other Regulatory Agencies and Philippine Laws",Violation of Student Athlete Dormitory Rules and Regulations amounting to misconduct or major offense as defined in this handbook,1st Offense,"Category 2 (Formative Intervention: University Service, Counseling, Discipline Education Program, & Evaluation)"
A student athlete violated the dormitory's no-alcohol policy by bringing liquor into their room.,"Violation of Rules and Regulations of the University, CHED, other Regulatory Agencies and Philippine Laws",Violation of Student Athlete Dormitory Rules and Regulations amounting to misconduct or major offense as defined in this handbook,1st Offense,"Category 2 (Formative Intervention: University Service, Counseling, Discipline Education Program, & Evaluation)"
A student athlete was caught twice bringing unauthorized guests into the dorm.,"Violation of Rules and Regulations of the University, CHED, other Regulatory Agencies and Philippine Laws",Violation of Student Athlete Dormitory Rules and Regulations amounting to misconduct or major offense as defined in this handbook,2nd Offense,"Category 3 (Non-Readmission, denial of admission but is allowed to finish current term)"
A student athlete repeatedly violated the dormitory's curfew rules.,"Violation of Rules and Regulations of the University, CHED, other Regulatory Agencies and Philippine Laws",Violation of Student Athlete Dormitory Rules and Regulations amounting to misconduct or major offense as defined in this handbook,2nd Offense,"Category 3 (Non-Readmission, denial of admission but is allowed to finish current term)"
A student athlete was caught hosting parties in their room on multiple occasions.,"Violation of Rules and Regulations of the University, CHED, other Regulatory Agencies and Philippine Laws",Violation of Student Athlete Dormitory Rules and Regulations amounting to misconduct or major offense as defined in this handbook,2nd Offense,"Category 3 (Non-Readmission, denial of admission but is allowed to finish current term)"
A student athlete repeatedly refused to follow dorm security policies.,"Violation of Rules and Regulations of the University, CHED, other Regulatory Agencies and Philippine Laws",Violation of Student Athlete Dormitory Rules and Regulations amounting to misconduct or major offense as defined in this handbook,2nd Offense,"Category 3 (Non-Readmission, denial of admission but is allowed to finish current term)"
A student violated curfew rules in the Student Athlete Dormitory.,"Violation of Rules and Regulations of the University, CHED, other Regulatory Agencies and Philippine Laws",Violation of Student Athlete Dormitory Rules and Regulations amounting to misconduct or major offense as defined in this handbook,1st Offense,"Category 2 (Formative Intervention: University Service, Counseling, Discipline Education Program, & Evaluation)"
A student was found drinking beer in the campus cafeteria.,"Violation of Rules and Regulations of the University, CHED, other Regulatory Agencies and Philippine Laws",Unauthorized bringing in or drinking liquor or alcoholic beverages inside the University premises or during off campus activities.,1st Offense,"Category 3 (Non-Readmission, denial of admission but is allowed to finish current term)"
A student brought a bottle of wine to a university event and consumed it.,"Violation of Rules and Regulations of the University, CHED, other Regulatory Agencies and Philippine Laws",Unauthorized bringing in or drinking liquor or alcoholic beverages inside the University premises or during off campus activities.,1st Offense,"Category 3 (Non-Readmission, denial of admission but is allowed to finish current term)"
A group of students were caught sharing alcoholic drinks during an off-campus university retreat.,"Violation of Rules and Regulations of the University, CHED, other Regulatory Agencies and Philippine Laws",Unauthorized bringing in or drinking liquor or alcoholic beverages inside the University premises or during off campus activities.,1st Offense,"Category 3 (Non-Readmission, denial of admission but is allowed to finish current term)"
A student snuck liquor into a classroom party without authorization.,"Violation of Rules and Regulations of the University, CHED, other Regulatory Agencies and Philippine Laws",Unauthorized bringing in or drinking liquor or alcoholic beverages inside the University premises or during off campus activities.,1st Offense,"Category 3 (Non-Readmission, denial of admission but is allowed to finish current term)"
A student was caught drinking vodka in the parking lot of the university during a sports event.,"Violation of Rules and Regulations of the University, CHED, other Regulatory Agencies and Philippine Laws",Unauthorized bringing in or drinking liquor or alcoholic beverages inside the University premises or during off campus activities.,1st Offense,"Category 3 (Non-Readmission, denial of admission but is allowed to finish current term)"
A student brought alcoholic beverages into the computer lab during a group study session.,"Violation of Rules and Regulations of the University, CHED, other Regulatory Agencies and Philippine Laws",Unauthorized bringing in or drinking liquor or alcoholic beverages inside the University premises or during off campus activities.,1st Offense,"Category 3 (Non-Readmission, denial of admission but is allowed to finish current term)"
A student athlete was caught drinking beer in their dormitory room.,"Violation of Rules and Regulations of the University, CHED, other Regulatory Agencies and Philippine Laws",Unauthorized bringing in or drinking liquor or alcoholic beverages inside the University premises or during off campus activities.,1st Offense,"Category 3 (Non-Readmission, denial of admission but is allowed to finish current term)"
A student attempted to bring a flask filled with alcohol to a university-sponsored event.,"Violation of Rules and Regulations of the University, CHED, other Regulatory Agencies and Philippine Laws",Unauthorized bringing in or drinking liquor or alcoholic beverages inside the University premises or during off campus activities.,1st Offense,"Category 3 (Non-Readmission, denial of admission but is allowed to finish current term)"
A student brought liquor to a campus study group meeting without informing others.,"Violation of Rules and Regulations of the University, CHED, other Regulatory Agencies and Philippine Laws",Unauthorized bringing in or drinking liquor or alcoholic beverages inside the University premises or during off campus activities.,1st Offense,"Category 3 (Non-Readmission, denial of admission but is allowed to finish current term)"
A student was caught drinking whiskey during a university-approved off-campus activity.,"Violation of Rules and Regulations of the University, CHED, other Regulatory Agencies and Philippine Laws",Unauthorized bringing in or drinking liquor or alcoholic beverages inside the University premises or during off campus activities.,1st Offense,"Category 3 (Non-Readmission, denial of admission but is allowed to finish current term)"
A student drank alcoholic beverages in the university garden during a festival.,"Violation of Rules and Regulations of the University, CHED, other Regulatory Agencies and Philippine Laws",Unauthorized bringing in or drinking liquor or alcoholic beverages inside the University premises or during off campus activities.,1st Offense,"Category 3 (Non-Readmission, denial of admission but is allowed to finish current term)"
A student was found bringing alcohol to a class event without permission.,"Violation of Rules and Regulations of the University, CHED, other Regulatory Agencies and Philippine Laws",Unauthorized bringing in or drinking liquor or alcoholic beverages inside the University premises or during off campus activities.,1st Offense,"Category 3 (Non-Readmission, denial of admission but is allowed to finish current term)"
A student was caught drinking alcohol in the campus garden.,"Violation of Rules and Regulations of the University, CHED, other Regulatory Agencies and Philippine Laws",Unauthorized bringing in or drinking liquor or alcoholic beverages inside the University premises or during off campus activities.,1st Offense,"Category 3 (Non-Readmission, denial of admission but is allowed to finish current term)"
A student was visibly intoxicated at an academic seminar.,"Violation of Rules and Regulations of the University, CHED, other Regulatory Agencies and Philippine Laws",Entering the University premises or attending academic functions and any school activity under the influence of alcohol or prohibited drugs.,1st Offense,"Category 2 (Formative Intervention: University Service, Counseling, Discipline Education Program, & Evaluation)"
A student attended a lecture under the influence of alcohol after a party.,"Violation of Rules and Regulations of the University, CHED, other Regulatory Agencies and Philippine Laws",Entering the University premises or attending academic functions and any school activity under the influence of alcohol or prohibited drugs.,1st Offense,"Category 2 (Formative Intervention: University Service, Counseling, Discipline Education Program, & Evaluation)"
A student arrived to a group presentation clearly under the influence of alcohol.,"Violation of Rules and Regulations of the University, CHED, other Regulatory Agencies and Philippine Laws",Entering the University premises or attending academic functions and any school activity under the influence of alcohol or prohibited drugs.,1st Offense,"Category 2 (Formative Intervention: University Service, Counseling, Discipline Education Program, & Evaluation)"
A student attended a school festival while intoxicated and caused a disturbance.,"Violation of Rules and Regulations of the University, CHED, other Regulatory Agencies and Philippine Laws",Entering the University premises or attending academic functions and any school activity under the influence of alcohol or prohibited drugs.,1st Offense,"Category 2 (Formative Intervention: University Service, Counseling, Discipline Education Program, & Evaluation)"
A student participated in a school activity after consuming prohibited substances.,"Violation of Rules and Regulations of the University, CHED, other Regulatory Agencies and Philippine Laws",Entering the University premises or attending academic functions and any school activity under the influence of alcohol or prohibited drugs.,1st Offense,"Category 2 (Formative Intervention: University Service, Counseling, Discipline Education Program, & Evaluation)"
A student was found intoxicated in class during a group project discussion.,"Violation of Rules and Regulations of the University, CHED, other Regulatory Agencies and Philippine Laws",Entering the University premises or attending academic functions and any school activity under the influence of alcohol or prohibited drugs.,1st Offense,"Category 2 (Formative Intervention: University Service, Counseling, Discipline Education Program, & Evaluation)"
A student attended a school seminar while under the influence of prohibited substances.,"Violation of Rules and Regulations of the University, CHED, other Regulatory Agencies and Philippine Laws",Entering the University premises or attending academic functions and any school activity under the influence of alcohol or prohibited drugs.,1st Offense,"Category 2 (Formative Intervention: University Service, Counseling, Discipline Education Program, & Evaluation)"
A student entered the university premises twice in an intoxicated state during school events.,"Violation of Rules and Regulations of the University, CHED, other Regulatory Agencies and Philippine Laws",Entering the University premises or attending academic functions and any school activity under the influence of alcohol or prohibited drugs.,1st Offense,"Category 2 (Formative Intervention: University Service, Counseling, Discipline Education Program, & Evaluation)"
A student was caught intoxicated on two occasions while attending university functions.,"Violation of Rules and Regulations of the University, CHED, other Regulatory Agencies and Philippine Laws",Entering the University premises or attending academic functions and any school activity under the influence of alcohol or prohibited drugs.,1st Offense,"Category 2 (Formative Intervention: University Service, Counseling, Discipline Education Program, & Evaluation)"
A student attended classes under the influence of alcohol multiple times.,"Violation of Rules and Regulations of the University, CHED, other Regulatory Agencies and Philippine Laws",Entering the University premises or attending academic functions and any school activity under the influence of alcohol or prohibited drugs.,1st Offense,"Category 2 (Formative Intervention: University Service, Counseling, Discipline Education Program, & Evaluation)"
"A student was seen intoxicated twice while on campus, attending academic activities.","Violation of Rules and Regulations of the University, CHED, other Regulatory Agencies and Philippine Laws",Entering the University premises or attending academic functions and any school activity under the influence of alcohol or prohibited drugs.,1st Offense,"Category 2 (Formative Intervention: University Service, Counseling, Discipline Education Program, & Evaluation)"
A student entered the campus under the influence of alcohol after a party.,"Violation of Rules and Regulations of the University, CHED, other Regulatory Agencies and Philippine Laws",Entering the University premises or attending academic functions and any school activity under the influence of alcohol or prohibited drugs.,1st Offense,"Category 2 (Formative Intervention: University Service, Counseling, Discipline Education Program, & Evaluation)"
A student was noticeably intoxicated when attending an on-campus seminar.,"Violation of Rules and Regulations of the University, CHED, other Regulatory Agencies and Philippine Laws",Entering the University premises or attending academic functions and any school activity under the influence of alcohol or prohibited drugs.,1st Offense,"Category 2 (Formative Intervention: University Service, Counseling, Discipline Education Program, & Evaluation)"
A student was found with a knife in their bag during a university event.,"Violation of Rules and Regulations of the University, CHED, other Regulatory Agencies and Philippine Laws","Bringing in, carrying, possession or use of deadly weapons inside the University premises or outside the University during an academic function or school activity.",1st Offense,"Category 3 (Non-Readmission, denial of admission but is allowed to finish current term)"
A student brought a taser to campus and was caught during a random inspection.,"Violation of Rules and Regulations of the University, CHED, other Regulatory Agencies and Philippine Laws","Bringing in, carrying, possession or use of deadly weapons inside the University premises or outside the University during an academic function or school activity.",1st Offense,"Category 3 (Non-Readmission, denial of admission but is allowed to finish current term)"
A student was discovered carrying a baton while attending a school sports event.,"Violation of Rules and Regulations of the University, CHED, other Regulatory Agencies and Philippine Laws","Bringing in, carrying, possession or use of deadly weapons inside the University premises or outside the University during an academic function or school activity.",1st Offense,"Category 3 (Non-Readmission, denial of admission but is allowed to finish current term)"
A student was caught with a concealed dagger during a university assembly.,"Violation of Rules and Regulations of the University, CHED, other Regulatory Agencies and Philippine Laws","Bringing in, carrying, possession or use of deadly weapons inside the University premises or outside the University during an academic function or school activity.",1st Offense,"Category 3 (Non-Readmission, denial of admission but is allowed to finish current term)"
A student was found with pepper spray during an off-campus school activity.,"Violation of Rules and Regulations of the University, CHED, other Regulatory Agencies and Philippine Laws","Bringing in, carrying, possession or use of deadly weapons inside the University premises or outside the University during an academic function or school activity.",1st Offense,"Category 3 (Non-Readmission, denial of admission but is allowed to finish current term)"
A student brought a hunting knife to a class field trip without permission.,"Violation of Rules and Regulations of the University, CHED, other Regulatory Agencies and Philippine Laws","Bringing in, carrying, possession or use of deadly weapons inside the University premises or outside the University during an academic function or school activity.",1st Offense,"Category 3 (Non-Readmission, denial of admission but is allowed to finish current term)"
A student was seen carrying a stun gun during a university-sponsored outdoor activity.,"Violation of Rules and Regulations of the University, CHED, other Regulatory Agencies and Philippine Laws","Bringing in, carrying, possession or use of deadly weapons inside the University premises or outside the University during an academic function or school activity.",1st Offense,"Category 3 (Non-Readmission, denial of admission but is allowed to finish current term)"
A student carried a concealed knife to two separate university events.,"Violation of Rules and Regulations of the University, CHED, other Regulatory Agencies and Philippine Laws","Bringing in, carrying, possession or use of deadly weapons inside the University premises or outside the University during an academic function or school activity.",1st Offense,"Category 3 (Non-Readmission, denial of admission but is allowed to finish current term)"
A student was found carrying a weapon multiple times during academic functions.,"Violation of Rules and Regulations of the University, CHED, other Regulatory Agencies and Philippine Laws","Bringing in, carrying, possession or use of deadly weapons inside the University premises or outside the University during an academic function or school activity.",1st Offense,"Category 3 (Non-Readmission, denial of admission but is allowed to finish current term)"
A student was discovered with a deadly weapon twice during school activities.,"Violation of Rules and Regulations of the University, CHED, other Regulatory Agencies and Philippine Laws","Bringing in, carrying, possession or use of deadly weapons inside the University premises or outside the University during an academic function or school activity.",1st Offense,"Category 3 (Non-Readmission, denial of admission but is allowed to finish current term)"
A student was apprehended with a deadly weapon at two university events.,"Violation of Rules and Regulations of the University, CHED, other Regulatory Agencies and Philippine Laws","Bringing in, carrying, possession or use of deadly weapons inside the University premises or outside the University during an academic function or school activity.",1st Offense,"Category 3 (Non-Readmission, denial of admission but is allowed to finish current term)"
A student brought a pocket knife into the campus for self-defense.,"Violation of Rules and Regulations of the University, CHED, other Regulatory Agencies and Philippine Laws","Bringing in, carrying, possession or use of deadly weapons inside the University premises or outside the University during an academic function or school activity.",1st Offense,"Category 3 (Non-Readmission, denial of admission but is allowed to finish current term)"
A student was caught carrying a stun gun in their bag.,"Violation of Rules and Regulations of the University, CHED, other Regulatory Agencies and Philippine Laws","Bringing in, carrying, possession or use of deadly weapons inside the University premises or outside the University during an academic function or school activity.",1st Offense,"Category 3 (Non-Readmission, denial of admission but is allowed to finish current term)"
A student was found smoking a cigarette in the campus parking lot.,"Violation of Rules and Regulations of the University, CHED, other Regulatory Agencies and Philippine Laws","Bringing in or smoking cigarettes, e-cigarette, vape and the like within the University premises.",1st Offense,"Category 2 (Formative Intervention: University Service, Counseling, Discipline Education Program, & Evaluation) and item confiscation"
A student was caught vaping in the school library.,"Violation of Rules and Regulations of the University, CHED, other Regulatory Agencies and Philippine Laws","Bringing in or smoking cigarettes, e-cigarette, vape and the like within the University premises.",1st Offense,"Category 2 (Formative Intervention: University Service, Counseling, Discipline Education Program, & Evaluation) and item confiscation"
A student was seen using an e-cigarette in a restricted area of the university.,"Violation of Rules and Regulations of the University, CHED, other Regulatory Agencies and Philippine Laws","Bringing in or smoking cigarettes, e-cigarette, vape and the like within the University premises.",1st Offense,"Category 2 (Formative Intervention: University Service, Counseling, Discipline Education Program, & Evaluation) and item confiscation"
A student was caught smoking a vape pen near the Learner’s Resource Center.,"Violation of Rules and Regulations of the University, CHED, other Regulatory Agencies and Philippine Laws","Bringing in or smoking cigarettes, e-cigarette, vape and the like within the University premises.",1st Offense,"Category 2 (Formative Intervention: University Service, Counseling, Discipline Education Program, & Evaluation) and item confiscation"
A student was seen smoking a cigarette outside the Student Development and Activities Office.,"Violation of Rules and Regulations of the University, CHED, other Regulatory Agencies and Philippine Laws","Bringing in or smoking cigarettes, e-cigarette, vape and the like within the University premises.",1st Offense,"Category 2 (Formative Intervention: University Service, Counseling, Discipline Education Program, & Evaluation) and item confiscation"
A student brought an e-cigarette to class and used it during a break.,"Violation of Rules and Regulations of the University, CHED, other Regulatory Agencies and Philippine Laws","Bringing in or smoking cigarettes, e-cigarette, vape and the like within the University premises.",1st Offense,"Category 2 (Formative Intervention: University Service, Counseling, Discipline Education Program, & Evaluation) and item confiscation"
A student smoked a cigarette in the cafeteria despite the no-smoking signs.,"Violation of Rules and Regulations of the University, CHED, other Regulatory Agencies and Philippine Laws","Bringing in or smoking cigarettes, e-cigarette, vape and the like within the University premises.",1st Offense,"Category 2 (Formative Intervention: University Service, Counseling, Discipline Education Program, & Evaluation) and item confiscation"
A student was caught twice vaping in the men’s restroom.,"Violation of Rules and Regulations of the University, CHED, other Regulatory Agencies and Philippine Laws","Bringing in or smoking cigarettes, e-cigarette, vape and the like within the University premises.",2nd Offense,"Category 3 (Non-Readmission, denial of admission but is allowed to finish current term) and item confiscation"
A student was repeatedly seen smoking a cigarette near classrooms.,"Violation of Rules and Regulations of the University, CHED, other Regulatory Agencies and Philippine Laws","Bringing in or smoking cigarettes, e-cigarette, vape and the like within the University premises.",2nd Offense,"Category 3 (Non-Readmission, denial of admission but is allowed to finish current term) and item confiscation"
A student was caught multiple times vaping in the campus garden.,"Violation of Rules and Regulations of the University, CHED, other Regulatory Agencies and Philippine Laws","Bringing in or smoking cigarettes, e-cigarette, vape and the like within the University premises.",2nd Offense,"Category 3 (Non-Readmission, denial of admission but is allowed to finish current term) and item confiscation"
A student repeatedly violated the school’s no-smoking policy and was caught in the library using an e-cigarette.,"Violation of Rules and Regulations of the University, CHED, other Regulatory Agencies and Philippine Laws","Bringing in or smoking cigarettes, e-cigarette, vape and the like within the University premises.",2nd Offense,"Category 3 (Non-Readmission, denial of admission but is allowed to finish current term) and item confiscation"
A student smoked a cigarette near the campus entrance.,"Violation of Rules and Regulations of the University, CHED, other Regulatory Agencies and Philippine Laws","Bringing in or smoking cigarettes, e-cigarette, vape and the like within the University premises.",1st Offense,"Category 2 (Formative Intervention: University Service, Counseling, Discipline Education Program, & Evaluation) and item confiscation"
A student was found vaping in the campus restroom.,"Violation of Rules and Regulations of the University, CHED, other Regulatory Agencies and Philippine Laws","Bringing in or smoking cigarettes, e-cigarette, vape and the like within the University premises.",1st Offense,"Category 2 (Formative Intervention: University Service, Counseling, Discipline Education Program, & Evaluation) and item confiscation"
A student threatened another student with physical violence during a classroom argument.,"Violation of Rules and Regulations of the University, CHED, other Regulatory Agencies and Philippine Laws","Threatening another person with any act amounting to crime, delict or wrong, or with the infliction of any injury or harm on the person’s honor or integrity.",1st Offense,"Category 3 (Non-Readmission, denial of admission but is allowed to finish current term)"
A student threatened to damage a professor's car after receiving a failing grade.,"Violation of Rules and Regulations of the University, CHED, other Regulatory Agencies and Philippine Laws","Threatening another person with any act amounting to crime, delict or wrong, or with the infliction of any injury or harm on the person’s honor or integrity.",1st Offense,"Category 3 (Non-Readmission, denial of admission but is allowed to finish current term)"
A student made threatening remarks to another student about revealing personal information online.,"Violation of Rules and Regulations of the University, CHED, other Regulatory Agencies and Philippine Laws","Threatening another person with any act amounting to crime, delict or wrong, or with the infliction of any injury or harm on the person’s honor or integrity.",1st Offense,"Category 3 (Non-Readmission, denial of admission but is allowed to finish current term)"
A student threatened a staff member with legal action over a grading dispute.,"Violation of Rules and Regulations of the University, CHED, other Regulatory Agencies and Philippine Laws","Threatening another person with any act amounting to crime, delict or wrong, or with the infliction of any injury or harm on the person’s honor or integrity.",1st Offense,"Category 3 (Non-Readmission, denial of admission but is allowed to finish current term)"
A student issued a verbal threat to harm another student’s reputation over a social media dispute.,"Violation of Rules and Regulations of the University, CHED, other Regulatory Agencies and Philippine Laws","Threatening another person with any act amounting to crime, delict or wrong, or with the infliction of any injury or harm on the person’s honor or integrity.",1st Offense,"Category 3 (Non-Readmission, denial of admission but is allowed to finish current term)"
A student made threats to expose personal details about a classmate unless they complied with certain demands.,"Violation of Rules and Regulations of the University, CHED, other Regulatory Agencies and Philippine Laws","Threatening another person with any act amounting to crime, delict or wrong, or with the infliction of any injury or harm on the person’s honor or integrity.",1st Offense,"Category 3 (Non-Readmission, denial of admission but is allowed to finish current term)"
A student threatened to physically harm a fellow student during an extracurricular activity.,"Violation of Rules and Regulations of the University, CHED, other Regulatory Agencies and Philippine Laws","Threatening another person with any act amounting to crime, delict or wrong, or with the infliction of any injury or harm on the person’s honor or integrity.",1st Offense,"Category 3 (Non-Readmission, denial of admission but is allowed to finish current term)"
A student repeatedly threatened to harm another student’s family over a misunderstanding.,"Violation of Rules and Regulations of the University, CHED, other Regulatory Agencies and Philippine Laws","Threatening another person with any act amounting to crime, delict or wrong, or with the infliction of any injury or harm on the person’s honor or integrity.",1st Offense,"Category 3 (Non-Readmission, denial of admission but is allowed to finish current term)"
"A student sent multiple threatening messages to a classmate online, implying future harm.","Violation of Rules and Regulations of the University, CHED, other Regulatory Agencies and Philippine Laws","Threatening another person with any act amounting to crime, delict or wrong, or with the infliction of any injury or harm on the person’s honor or integrity.",1st Offense,"Category 3 (Non-Readmission, denial of admission but is allowed to finish current term)"
A student was reported for making consistent threats against a faculty member’s job security.,"Violation of Rules and Regulations of the University, CHED, other Regulatory Agencies and Philippine Laws","Threatening another person with any act amounting to crime, delict or wrong, or with the infliction of any injury or harm on the person’s honor or integrity.",1st Offense,"Category 3 (Non-Readmission, denial of admission but is allowed to finish current term)"
A student issued several threats over time to publicly shame a peer unless they followed their requests.,"Violation of Rules and Regulations of the University, CHED, other Regulatory Agencies and Philippine Laws","Threatening another person with any act amounting to crime, delict or wrong, or with the infliction of any injury or harm on the person’s honor or integrity.",1st Offense,"Category 3 (Non-Readmission, denial of admission but is allowed to finish current term)"
A student threatened a classmate with physical harm after an argument.,"Violation of Rules and Regulations of the University, CHED, other Regulatory Agencies and Philippine Laws","Threatening another person with any act amounting to crime, delict or wrong, or with the infliction of any injury or harm on the person’s honor or integrity.",1st Offense,"Category 3 (Non-Readmission, denial of admission but is allowed to finish current term)"
A student threatened to vandalize another student's property.,"Violation of Rules and Regulations of the University, CHED, other Regulatory Agencies and Philippine Laws","Threatening another person with any act amounting to crime, delict or wrong, or with the infliction of any injury or harm on the person’s honor or integrity.",1st Offense,"Category 3 (Non-Readmission, denial of admission but is allowed to finish current term)"
A student tried to convince a classmate to abandon their religion by ridiculing their beliefs.,"Violation of Rules and Regulations of the University, CHED, other Regulatory Agencies and Philippine Laws","Proselytizing, defined as an attempt to convert another to one’s faith by attacking or denigrating the other person’s practices and beliefs, or by offering special inducements.",1st Offense,"Category 2 (Formative Intervention: University Service, Counseling, Discipline Education Program, & Evaluation)"
A student offered free tutoring sessions in exchange for attending religious gatherings.,"Violation of Rules and Regulations of the University, CHED, other Regulatory Agencies and Philippine Laws","Proselytizing, defined as an attempt to convert another to one’s faith by attacking or denigrating the other person’s practices and beliefs, or by offering special inducements.",1st Offense,"Category 2 (Formative Intervention: University Service, Counseling, Discipline Education Program, & Evaluation)"
A student publicly denigrated another student’s religious customs during a group project.,"Violation of Rules and Regulations of the University, CHED, other Regulatory Agencies and Philippine Laws","Proselytizing, defined as an attempt to convert another to one’s faith by attacking or denigrating the other person’s practices and beliefs, or by offering special inducements.",1st Offense,"Category 2 (Formative Intervention: University Service, Counseling, Discipline Education Program, & Evaluation)"
"A student handed out religious pamphlets in class, insisting others must convert to their faith.","Violation of Rules and Regulations of the University, CHED, other Regulatory Agencies and Philippine Laws","Proselytizing, defined as an attempt to convert another to one’s faith by attacking or denigrating the other person’s practices and beliefs, or by offering special inducements.",1st Offense,"Category 2 (Formative Intervention: University Service, Counseling, Discipline Education Program, & Evaluation)"
A student constantly criticized the religious practices of their group mates during a project.,"Violation of Rules and Regulations of the University, CHED, other Regulatory Agencies and Philippine Laws","Proselytizing, defined as an attempt to convert another to one’s faith by attacking or denigrating the other person’s practices and beliefs, or by offering special inducements.",1st Offense,"Category 2 (Formative Intervention: University Service, Counseling, Discipline Education Program, & Evaluation)"
"A student mocked a classmate’s religious clothing, attempting to sway them to change their faith.","Violation of Rules and Regulations of the University, CHED, other Regulatory Agencies and Philippine Laws","Proselytizing, defined as an attempt to convert another to one’s faith by attacking or denigrating the other person’s practices and beliefs, or by offering special inducements.",1st Offense,"Category 2 (Formative Intervention: University Service, Counseling, Discipline Education Program, & Evaluation)"
A student offered free food vouchers to classmates who attended their church service.,"Violation of Rules and Regulations of the University, CHED, other Regulatory Agencies and Philippine Laws","Proselytizing, defined as an attempt to convert another to one’s faith by attacking or denigrating the other person’s practices and beliefs, or by offering special inducements.",1st Offense,"Category 2 (Formative Intervention: University Service, Counseling, Discipline Education Program, & Evaluation)"
A student continually berated another student for not adhering to their religious practices.,"Violation of Rules and Regulations of the University, CHED, other Regulatory Agencies and Philippine Laws","Proselytizing, defined as an attempt to convert another to one’s faith by attacking or denigrating the other person’s practices and beliefs, or by offering special inducements.",2nd Offense,"Category 3 (Non-Readmission, denial of admission but is allowed to finish current term)"
A student harassed a peer repeatedly to change their religious affiliation during group discussions.,"Violation of Rules and Regulations of the University, CHED, other Regulatory Agencies and Philippine Laws","Proselytizing, defined as an attempt to convert another to one’s faith by attacking or denigrating the other person’s practices and beliefs, or by offering special inducements.",2nd Offense,"Category 3 (Non-Readmission, denial of admission but is allowed to finish current term)"
A student was found offering financial rewards to classmates for attending religious meetings.,"Violation of Rules and Regulations of the University, CHED, other Regulatory Agencies and Philippine Laws","Proselytizing, defined as an attempt to convert another to one’s faith by attacking or denigrating the other person’s practices and beliefs, or by offering special inducements.",2nd Offense,"Category 3 (Non-Readmission, denial of admission but is allowed to finish current term)"
"A student repeatedly insulted a peer’s religious choices, pushing for conversion to their own beliefs.","Violation of Rules and Regulations of the University, CHED, other Regulatory Agencies and Philippine Laws","Proselytizing, defined as an attempt to convert another to one’s faith by attacking or denigrating the other person’s practices and beliefs, or by offering special inducements.",2nd Offense,"Category 3 (Non-Readmission, denial of admission but is allowed to finish current term)"
A student belittled the religious beliefs of another student in class.,"Violation of Rules and Regulations of the University, CHED, other Regulatory Agencies and Philippine Laws","Proselytizing, defined as an attempt to convert another to one’s faith by attacking or denigrating the other person’s practices and beliefs, or by offering special inducements.",1st Offense,"Category 2 (Formative Intervention: University Service, Counseling, Discipline Education Program, & Evaluation)"
A student made offensive remarks about a peer's religious customs.,"Violation of Rules and Regulations of the University, CHED, other Regulatory Agencies and Philippine Laws","Proselytizing, defined as an attempt to convert another to one’s faith by attacking or denigrating the other person’s practices and beliefs, or by offering special inducements.",1st Offense,"Category 2 (Formative Intervention: University Service, Counseling, Discipline Education Program, & Evaluation)"
A student was caught betting money during a card game in the university canteen.,"Violation of Rules and Regulations of the University, CHED, other Regulatory Agencies and Philippine Laws",Gambling in any form inside the University or during an academic function or school activity outside the University.,1st Offense,"Category 2 (Formative Intervention: University Service, Counseling, Discipline Education Program, & Evaluation)"
A student organized a betting pool during a university sporting event.,"Violation of Rules and Regulations of the University, CHED, other Regulatory Agencies and Philippine Laws",Gambling in any form inside the University or during an academic function or school activity outside the University.,1st Offense,"Category 2 (Formative Intervention: University Service, Counseling, Discipline Education Program, & Evaluation)"
A student was seen gambling on online games during a class break.,"Violation of Rules and Regulations of the University, CHED, other Regulatory Agencies and Philippine Laws",Gambling in any form inside the University or during an academic function or school activity outside the University.,1st Offense,"Category 2 (Formative Intervention: University Service, Counseling, Discipline Education Program, & Evaluation)"
A group of students were found gambling with dice in a university corridor.,"Violation of Rules and Regulations of the University, CHED, other Regulatory Agencies and Philippine Laws",Gambling in any form inside the University or during an academic function or school activity outside the University.,1st Offense,"Category 2 (Formative Intervention: University Service, Counseling, Discipline Education Program, & Evaluation)"
A student was caught facilitating an online betting pool for a school competition.,"Violation of Rules and Regulations of the University, CHED, other Regulatory Agencies and Philippine Laws",Gambling in any form inside the University or during an academic function or school activity outside the University.,1st Offense,"Category 2 (Formative Intervention: University Service, Counseling, Discipline Education Program, & Evaluation)"
A student was found participating in gambling activities multiple times during school breaks.,"Violation of Rules and Regulations of the University, CHED, other Regulatory Agencies and Philippine Laws",Gambling in any form inside the University or during an academic function or school activity outside the University.,2nd Offense,"Category 3 (Non-Readmission, denial of admission but is allowed to finish current term)"
A student organized a second gambling event outside the university during a field trip.,"Violation of Rules and Regulations of the University, CHED, other Regulatory Agencies and Philippine Laws",Gambling in any form inside the University or during an academic function or school activity outside the University.,2nd Offense,"Category 3 (Non-Readmission, denial of admission but is allowed to finish current term)"
A student was caught repeatedly running a gambling ring within the university premises.,"Violation of Rules and Regulations of the University, CHED, other Regulatory Agencies and Philippine Laws",Gambling in any form inside the University or during an academic function or school activity outside the University.,2nd Offense,"Category 3 (Non-Readmission, denial of admission but is allowed to finish current term)"
A student engaged in sports betting during two separate school-organized events.,"Violation of Rules and Regulations of the University, CHED, other Regulatory Agencies and Philippine Laws",Gambling in any form inside the University or during an academic function or school activity outside the University.,2nd Offense,"Category 3 (Non-Readmission, denial of admission but is allowed to finish current term)"
A group of students organized an unauthorized gambling event on campus.,"Violation of Rules and Regulations of the University, CHED, other Regulatory Agencies and Philippine Laws",Gambling in any form inside the University or during an academic function or school activity outside the University.,1st Offense,"Category 2 (Formative Intervention: University Service, Counseling, Discipline Education Program, & Evaluation)"
Students were caught gambling during a school festival.,"Violation of Rules and Regulations of the University, CHED, other Regulatory Agencies and Philippine Laws",Gambling in any form inside the University or during an academic function or school activity outside the University.,1st Offense,"Category 2 (Formative Intervention: University Service, Counseling, Discipline Education Program, & Evaluation)"
A student bet money on a game of cards during lunch break.,"Violation of Rules and Regulations of the University, CHED, other Regulatory Agencies and Philippine Laws",Gambling in any form inside the University or during an academic function or school activity outside the University.,1st Offense,"Category 2 (Formative Intervention: University Service, Counseling, Discipline Education Program, & Evaluation)"
A student organized a betting pool during a sports event.,"Violation of Rules and Regulations of the University, CHED, other Regulatory Agencies and Philippine Laws",Gambling in any form inside the University or during an academic function or school activity outside the University.,1st Offense,"Category 2 (Formative Intervention: University Service, Counseling, Discipline Education Program, & Evaluation)"
A student distributed subversive materials criticizing government policies on campus.,"Violation of Rules and Regulations of the University, CHED, other Regulatory Agencies and Philippine Laws",Acts of subversion.,1st Offense,"Category 2 (Formative Intervention: University Service, Counseling, Discipline Education Program, & Evaluation)"
A student was involved in organizing a subversive rally against university policies.,"Violation of Rules and Regulations of the University, CHED, other Regulatory Agencies and Philippine Laws",Acts of subversion.,1st Offense,"Category 2 (Formative Intervention: University Service, Counseling, Discipline Education Program, & Evaluation)"
A student actively promoted illegal activities that challenge government authority.,"Violation of Rules and Regulations of the University, CHED, other Regulatory Agencies and Philippine Laws",Acts of subversion.,1st Offense,"Category 2 (Formative Intervention: University Service, Counseling, Discipline Education Program, & Evaluation)"
A group of students participated in a subversive demonstration without university authorization.,"Violation of Rules and Regulations of the University, CHED, other Regulatory Agencies and Philippine Laws",Acts of subversion.,1st Offense,"Category 2 (Formative Intervention: University Service, Counseling, Discipline Education Program, & Evaluation)"
A student posted subversive materials on school bulletin boards without permission.,"Violation of Rules and Regulations of the University, CHED, other Regulatory Agencies and Philippine Laws",Acts of subversion.,1st Offense,"Category 2 (Formative Intervention: University Service, Counseling, Discipline Education Program, & Evaluation)"
A student was caught distributing subversive literature in the university for the second time.,"Violation of Rules and Regulations of the University, CHED, other Regulatory Agencies and Philippine Laws",Acts of subversion.,2nd Offense,"Category 3 (Non-Readmission, denial of admission but is allowed to finish current term)"
A student organized a second subversive protest during a university event.,"Violation of Rules and Regulations of the University, CHED, other Regulatory Agencies and Philippine Laws",Acts of subversion.,2nd Offense,"Category 3 (Non-Readmission, denial of admission but is allowed to finish current term)"
A student repeatedly participated in subversive acts against both university and government policies.,"Violation of Rules and Regulations of the University, CHED, other Regulatory Agencies and Philippine Laws",Acts of subversion.,2nd Offense,"Category 3 (Non-Readmission, denial of admission but is allowed to finish current term)"
"A student was involved in two acts of organizing illegal, subversive activities.","Violation of Rules and Regulations of the University, CHED, other Regulatory Agencies and Philippine Laws",Acts of subversion.,2nd Offense,"Category 3 (Non-Readmission, denial of admission but is allowed to finish current term)"
A student distributed subversive materials to classmates.,"Violation of Rules and Regulations of the University, CHED, other Regulatory Agencies and Philippine Laws",Acts of subversion.,1st Offense,"Category 2 (Formative Intervention: University Service, Counseling, Discipline Education Program, & Evaluation)"
A student spread propaganda encouraging others to resist school policies.,"Violation of Rules and Regulations of the University, CHED, other Regulatory Agencies and Philippine Laws",Acts of subversion.,1st Offense,"Category 2 (Formative Intervention: University Service, Counseling, Discipline Education Program, & Evaluation)"
A student held secret meetings to discuss subversive ideas.,"Violation of Rules and Regulations of the University, CHED, other Regulatory Agencies and Philippine Laws",Acts of subversion.,1st Offense,"Category 2 (Formative Intervention: University Service, Counseling, Discipline Education Program, & Evaluation)"
A student was convicted for fraud under the Revised Penal Code.,"Violation of Rules and Regulations of the University, CHED, other Regulatory Agencies and Philippine Laws",Conviction before any court for a criminal offense involving moral turpitude and other criminal offenses under the Revised Penal Act and other relevant laws.,1st Offense,"Category 4 (Exclusion, dropping the name of the student immediately from the roll of students)"
A student was convicted for theft in violation of national laws.,"Violation of Rules and Regulations of the University, CHED, other Regulatory Agencies and Philippine Laws",Conviction before any court for a criminal offense involving moral turpitude and other criminal offenses under the Revised Penal Act and other relevant laws.,1st Offense,"Category 4 (Exclusion, dropping the name of the student immediately from the roll of students)"
A student was found guilty of embezzling funds from a local charity organization.,"Violation of Rules and Regulations of the University, CHED, other Regulatory Agencies and Philippine Laws",Conviction before any court for a criminal offense involving moral turpitude and other criminal offenses under the Revised Penal Act and other relevant laws.,1st Offense,"Category 4 (Exclusion, dropping the name of the student immediately from the roll of students)"
"A student was convicted of assault causing serious injury, violating the Revised Penal Act.","Violation of Rules and Regulations of the University, CHED, other Regulatory Agencies and Philippine Laws",Conviction before any court for a criminal offense involving moral turpitude and other criminal offenses under the Revised Penal Act and other relevant laws.,1st Offense,"Category 4 (Exclusion, dropping the name of the student immediately from the roll of students)"
A student was convicted of illegal drug trafficking.,"Violation of Rules and Regulations of the University, CHED, other Regulatory Agencies and Philippine Laws",Conviction before any court for a criminal offense involving moral turpitude and other criminal offenses under the Revised Penal Act and other relevant laws.,1st Offense,"Category 4 (Exclusion, dropping the name of the student immediately from the roll of students)"
A student was sentenced for bribery and corruption charges.,"Violation of Rules and Regulations of the University, CHED, other Regulatory Agencies and Philippine Laws",Conviction before any court for a criminal offense involving moral turpitude and other criminal offenses under the Revised Penal Act and other relevant laws.,1st Offense,"Category 4 (Exclusion, dropping the name of the student immediately from the roll of students)"
"A student was convicted of cybercrimes, including online harassment.","Violation of Rules and Regulations of the University, CHED, other Regulatory Agencies and Philippine Laws",Conviction before any court for a criminal offense involving moral turpitude and other criminal offenses under the Revised Penal Act and other relevant laws.,1st Offense,"Category 4 (Exclusion, dropping the name of the student immediately from the roll of students)"
A student was found guilty of committing tax evasion.,"Violation of Rules and Regulations of the University, CHED, other Regulatory Agencies and Philippine Laws",Conviction before any court for a criminal offense involving moral turpitude and other criminal offenses under the Revised Penal Act and other relevant laws.,1st Offense,"Category 4 (Exclusion, dropping the name of the student immediately from the roll of students)"
A student was convicted for forgery and identity theft.,"Violation of Rules and Regulations of the University, CHED, other Regulatory Agencies and Philippine Laws",Conviction before any court for a criminal offense involving moral turpitude and other criminal offenses under the Revised Penal Act and other relevant laws.,1st Offense,"Category 4 (Exclusion, dropping the name of the student immediately from the roll of students)"
A student was convicted for child exploitation and pornography.,"Violation of Rules and Regulations of the University, CHED, other Regulatory Agencies and Philippine Laws",Conviction before any court for a criminal offense involving moral turpitude and other criminal offenses under the Revised Penal Act and other relevant laws.,1st Offense,"Category 4 (Exclusion, dropping the name of the student immediately from the roll of students)"
A student was found guilty of participating in a criminal conspiracy against national security.,"Violation of Rules and Regulations of the University, CHED, other Regulatory Agencies and Philippine Laws",Conviction before any court for a criminal offense involving moral turpitude and other criminal offenses under the Revised Penal Act and other relevant laws.,1st Offense,"Category 4 (Exclusion, dropping the name of the student immediately from the roll of students)"
A student was convicted of fraud in court and reported it to the school.,"Violation of Rules and Regulations of the University, CHED, other Regulatory Agencies and Philippine Laws",Conviction before any court for a criminal offense involving moral turpitude and other criminal offenses under the Revised Penal Act and other relevant laws.,1st Offense,"Category 4 (Exclusion, dropping the name of the student immediately from the roll of students)"
A student was found hazing a freshman during initiation rituals for a school organization.,"Violation of Rules and Regulations of the University, CHED, other Regulatory Agencies and Philippine Laws","Hazing or physical injuries for initiation, admission, or continuance of membership in any organization, society, or group, whether open or secret. For this purpose, the members who were present shall be liable whether they participated in the hazing. The officers of the organizations, society, or group shall also be responsible whether they are present during the hazing incident.",1st Offense,"Category 4 (Exclusion, dropping the name of the student immediately from the roll of students)"
A student-led organization was reported for subjecting new members to physical abuse during initiation.,"Violation of Rules and Regulations of the University, CHED, other Regulatory Agencies and Philippine Laws","Hazing or physical injuries for initiation, admission, or continuance of membership in any organization, society, or group, whether open or secret. For this purpose, the members who were present shall be liable whether they participated in the hazing. The officers of the organizations, society, or group shall also be responsible whether they are present during the hazing incident.",1st Offense,"Category 4 (Exclusion, dropping the name of the student immediately from the roll of students)"
Several students were involved in inflicting physical injuries during a secret initiation ceremony.,"Violation of Rules and Regulations of the University, CHED, other Regulatory Agencies and Philippine Laws","Hazing or physical injuries for initiation, admission, or continuance of membership in any organization, society, or group, whether open or secret. For this purpose, the members who were present shall be liable whether they participated in the hazing. The officers of the organizations, society, or group shall also be responsible whether they are present during the hazing incident.",1st Offense,"Category 4 (Exclusion, dropping the name of the student immediately from the roll of students)"
A student was injured during a fraternity hazing event in an off-campus location.,"Violation of Rules and Regulations of the University, CHED, other Regulatory Agencies and Philippine Laws","Hazing or physical injuries for initiation, admission, or continuance of membership in any organization, society, or group, whether open or secret. For this purpose, the members who were present shall be liable whether they participated in the hazing. The officers of the organizations, society, or group shall also be responsible whether they are present during the hazing incident.",1st Offense,"Category 4 (Exclusion, dropping the name of the student immediately from the roll of students)"
A secret society within the university was found conducting violent initiation rites.,"Violation of Rules and Regulations of the University, CHED, other Regulatory Agencies and Philippine Laws","Hazing or physical injuries for initiation, admission, or continuance of membership in any organization, society, or group, whether open or secret. For this purpose, the members who were present shall be liable whether they participated in the hazing. The officers of the organizations, society, or group shall also be responsible whether they are present during the hazing incident.",1st Offense,"Category 4 (Exclusion, dropping the name of the student immediately from the roll of students)"
The officers of a university society were implicated in a hazing event that resulted in serious injuries.,"Violation of Rules and Regulations of the University, CHED, other Regulatory Agencies and Philippine Laws","Hazing or physical injuries for initiation, admission, or continuance of membership in any organization, society, or group, whether open or secret. For this purpose, the members who were present shall be liable whether they participated in the hazing. The officers of the organizations, society, or group shall also be responsible whether they are present during the hazing incident.",1st Offense,"Category 4 (Exclusion, dropping the name of the student immediately from the roll of students)"
Multiple students were held accountable for participating in violent initiation rituals.,"Violation of Rules and Regulations of the University, CHED, other Regulatory Agencies and Philippine Laws","Hazing or physical injuries for initiation, admission, or continuance of membership in any organization, society, or group, whether open or secret. For this purpose, the members who were present shall be liable whether they participated in the hazing. The officers of the organizations, society, or group shall also be responsible whether they are present during the hazing incident.",1st Offense,"Category 4 (Exclusion, dropping the name of the student immediately from the roll of students)"
An entire student organization was disbanded following a hazing-related incident.,"Violation of Rules and Regulations of the University, CHED, other Regulatory Agencies and Philippine Laws","Hazing or physical injuries for initiation, admission, or continuance of membership in any organization, society, or group, whether open or secret. For this purpose, the members who were present shall be liable whether they participated in the hazing. The officers of the organizations, society, or group shall also be responsible whether they are present during the hazing incident.",1st Offense,"Category 4 (Exclusion, dropping the name of the student immediately from the roll of students)"
A senior student was caught overseeing an initiation ceremony that involved physical punishment.,"Violation of Rules and Regulations of the University, CHED, other Regulatory Agencies and Philippine Laws","Hazing or physical injuries for initiation, admission, or continuance of membership in any organization, society, or group, whether open or secret. For this purpose, the members who were present shall be liable whether they participated in the hazing. The officers of the organizations, society, or group shall also be responsible whether they are present during the hazing incident.",1st Offense,"Category 4 (Exclusion, dropping the name of the student immediately from the roll of students)"
A student was hospitalized after enduring a violent hazing incident during an unrecognized society's event.,"Violation of Rules and Regulations of the University, CHED, other Regulatory Agencies and Philippine Laws","Hazing or physical injuries for initiation, admission, or continuance of membership in any organization, society, or group, whether open or secret. For this purpose, the members who were present shall be liable whether they participated in the hazing. The officers of the organizations, society, or group shall also be responsible whether they are present during the hazing incident.",1st Offense,"Category 4 (Exclusion, dropping the name of the student immediately from the roll of students)"
A student leader was charged for organizing a hazing ritual that resulted in physical trauma for a recruit.,"Violation of Rules and Regulations of the University, CHED, other Regulatory Agencies and Philippine Laws","Hazing or physical injuries for initiation, admission, or continuance of membership in any organization, society, or group, whether open or secret. For this purpose, the members who were present shall be liable whether they participated in the hazing. The officers of the organizations, society, or group shall also be responsible whether they are present during the hazing incident.",1st Offense,"Category 4 (Exclusion, dropping the name of the student immediately from the roll of students)"
A student was involved in a hazing incident that resulted in injuries.,"Violation of Rules and Regulations of the University, CHED, other Regulatory Agencies and Philippine Laws","Hazing or physical injuries for initiation, admission, or continuance of membership in any organization, society, or group, whether open or secret. For this purpose, the members who were present shall be liable whether they participated in the hazing. The officers of the organizations, society, or group shall also be responsible whether they are present during the hazing incident.",1st Offense,"Category 4 (Exclusion, dropping the name of the student immediately from the roll of students)"
A student was discovered to be a member of a fraternity without university recognition.,"Violation of Rules and Regulations of the University, CHED, other Regulatory Agencies and Philippine Laws",Membership in a fraternity or sorority for students.,1st Offense,"Category 3 (Non-Readmission, denial of admission but is allowed to finish current term)"
A student joined a sorority that is not acknowledged by the university.,"Violation of Rules and Regulations of the University, CHED, other Regulatory Agencies and Philippine Laws",Membership in a fraternity or sorority for students.,1st Offense,"Category 3 (Non-Readmission, denial of admission but is allowed to finish current term)"
A student was seen participating in fraternity activities on campus.,"Violation of Rules and Regulations of the University, CHED, other Regulatory Agencies and Philippine Laws",Membership in a fraternity or sorority for students.,1st Offense,"Category 3 (Non-Readmission, denial of admission but is allowed to finish current term)"
A student was found hosting events for an unrecognized fraternity.,"Violation of Rules and Regulations of the University, CHED, other Regulatory Agencies and Philippine Laws",Membership in a fraternity or sorority for students.,1st Offense,"Category 3 (Non-Readmission, denial of admission but is allowed to finish current term)"
Several students were reported to be members of an underground sorority.,"Violation of Rules and Regulations of the University, CHED, other Regulatory Agencies and Philippine Laws",Membership in a fraternity or sorority for students.,1st Offense,"Category 3 (Non-Readmission, denial of admission but is allowed to finish current term)"
A student was caught recruiting for a fraternity during a campus event.,"Violation of Rules and Regulations of the University, CHED, other Regulatory Agencies and Philippine Laws",Membership in a fraternity or sorority for students.,1st Offense,"Category 3 (Non-Readmission, denial of admission but is allowed to finish current term)"
A student took part in fraternity meetings held off-campus without university authorization.,"Violation of Rules and Regulations of the University, CHED, other Regulatory Agencies and Philippine Laws",Membership in a fraternity or sorority for students.,1st Offense,"Category 3 (Non-Readmission, denial of admission but is allowed to finish current term)"
A student was found wearing fraternity apparel that is banned by university policy.,"Violation of Rules and Regulations of the University, CHED, other Regulatory Agencies and Philippine Laws",Membership in a fraternity or sorority for students.,1st Offense,"Category 3 (Non-Readmission, denial of admission but is allowed to finish current term)"
A student represented a fraternity in an interschool event without university knowledge.,"Violation of Rules and Regulations of the University, CHED, other Regulatory Agencies and Philippine Laws",Membership in a fraternity or sorority for students.,1st Offense,"Category 3 (Non-Readmission, denial of admission but is allowed to finish current term)"
A student was found sponsoring a fundraising activity for an unauthorized fraternity.,"Violation of Rules and Regulations of the University, CHED, other Regulatory Agencies and Philippine Laws",Membership in a fraternity or sorority for students.,1st Offense,"Category 3 (Non-Readmission, denial of admission but is allowed to finish current term)"
A student continued to promote fraternity culture despite warnings from school authorities.,"Violation of Rules and Regulations of the University, CHED, other Regulatory Agencies and Philippine Laws",Membership in a fraternity or sorority for students.,1st Offense,"Category 3 (Non-Readmission, denial of admission but is allowed to finish current term)"
A student was found to be a member of an unrecognized fraternity.,"Violation of Rules and Regulations of the University, CHED, other Regulatory Agencies and Philippine Laws",Membership in a fraternity or sorority for students.,1st Offense,"Category 3 (Non-Readmission, denial of admission but is allowed to finish current term)"
A student joined an unrecognized student organization that operates within the university.,"Violation of Rules and Regulations of the University, CHED, other Regulatory Agencies and Philippine Laws",Membership in any organization not recognized by the school. This includes conducting any operation within the school premises by any unrecognized school organization.,1st Offense,"Category 3 (Non-Readmission, denial of admission but is allowed to finish current term)"
A student led meetings for an unapproved club in university facilities.,"Violation of Rules and Regulations of the University, CHED, other Regulatory Agencies and Philippine Laws",Membership in any organization not recognized by the school. This includes conducting any operation within the school premises by any unrecognized school organization.,1st Offense,"Category 3 (Non-Readmission, denial of admission but is allowed to finish current term)"
A student invited classmates to join a group that the university has banned.,"Violation of Rules and Regulations of the University, CHED, other Regulatory Agencies and Philippine Laws",Membership in any organization not recognized by the school. This includes conducting any operation within the school premises by any unrecognized school organization.,1st Offense,"Category 3 (Non-Readmission, denial of admission but is allowed to finish current term)"
A student posted advertisements for an unregistered organization on campus.,"Violation of Rules and Regulations of the University, CHED, other Regulatory Agencies and Philippine Laws",Membership in any organization not recognized by the school. This includes conducting any operation within the school premises by any unrecognized school organization.,1st Offense,"Category 3 (Non-Readmission, denial of admission but is allowed to finish current term)"
A student actively participated in activities for an unrecognized student group.,"Violation of Rules and Regulations of the University, CHED, other Regulatory Agencies and Philippine Laws",Membership in any organization not recognized by the school. This includes conducting any operation within the school premises by any unrecognized school organization.,1st Offense,"Category 3 (Non-Readmission, denial of admission but is allowed to finish current term)"
A student was involved in organizing a recruitment event for an unapproved organization.,"Violation of Rules and Regulations of the University, CHED, other Regulatory Agencies and Philippine Laws",Membership in any organization not recognized by the school. This includes conducting any operation within the school premises by any unrecognized school organization.,1st Offense,"Category 3 (Non-Readmission, denial of admission but is allowed to finish current term)"
A student used university resources for an event hosted by an unrecognized group.,"Violation of Rules and Regulations of the University, CHED, other Regulatory Agencies and Philippine Laws",Membership in any organization not recognized by the school. This includes conducting any operation within the school premises by any unrecognized school organization.,1st Offense,"Category 3 (Non-Readmission, denial of admission but is allowed to finish current term)"
A student operated a school-based initiative for a group that lacks official recognition.,"Violation of Rules and Regulations of the University, CHED, other Regulatory Agencies and Philippine Laws",Membership in any organization not recognized by the school. This includes conducting any operation within the school premises by any unrecognized school organization.,1st Offense,"Category 3 (Non-Readmission, denial of admission but is allowed to finish current term)"
A student distributed flyers promoting an unapproved organization on campus.,"Violation of Rules and Regulations of the University, CHED, other Regulatory Agencies and Philippine Laws",Membership in any organization not recognized by the school. This includes conducting any operation within the school premises by any unrecognized school organization.,1st Offense,"Category 3 (Non-Readmission, denial of admission but is allowed to finish current term)"
A student was found promoting events for an organization that operates without the school’s approval.,"Violation of Rules and Regulations of the University, CHED, other Regulatory Agencies and Philippine Laws",Membership in any organization not recognized by the school. This includes conducting any operation within the school premises by any unrecognized school organization.,1st Offense,"Category 3 (Non-Readmission, denial of admission but is allowed to finish current term)"
A student hosted a secret gathering for an unrecognized club inside university premises.,"Violation of Rules and Regulations of the University, CHED, other Regulatory Agencies and Philippine Laws",Membership in any organization not recognized by the school. This includes conducting any operation within the school premises by any unrecognized school organization.,1st Offense,"Category 3 (Non-Readmission, denial of admission but is allowed to finish current term)"
A student joined an organization that was not recognized by the school.,"Violation of Rules and Regulations of the University, CHED, other Regulatory Agencies and Philippine Laws",Membership in any organization not recognized by the school. This includes conducting any operation within the school premises by any unrecognized school organization.,1st Offense,"Category 3 (Non-Readmission, denial of admission but is allowed to finish current term)"
A student was found recruiting others to join an unrecognized fraternity.,"Violation of Rules and Regulations of the University, CHED, other Regulatory Agencies and Philippine Laws","Recruitment of fellow students to join fraternity, sorority, or organization that are not recognized by the University.",1st Offense,"Category 3 (Non-Readmission, denial of admission but is allowed to finish current term)"
A student invited classmates to an initiation event for an unauthorized fraternity.,"Violation of Rules and Regulations of the University, CHED, other Regulatory Agencies and Philippine Laws","Recruitment of fellow students to join fraternity, sorority, or organization that are not recognized by the University.",1st Offense,"Category 3 (Non-Readmission, denial of admission but is allowed to finish current term)"
A student used social media to encourage peers to join an unapproved sorority.,"Violation of Rules and Regulations of the University, CHED, other Regulatory Agencies and Philippine Laws","Recruitment of fellow students to join fraternity, sorority, or organization that are not recognized by the University.",1st Offense,"Category 3 (Non-Readmission, denial of admission but is allowed to finish current term)"
A student was caught distributing pamphlets for recruitment into an unregistered fraternity.,"Violation of Rules and Regulations of the University, CHED, other Regulatory Agencies and Philippine Laws","Recruitment of fellow students to join fraternity, sorority, or organization that are not recognized by the University.",1st Offense,"Category 3 (Non-Readmission, denial of admission but is allowed to finish current term)"
A student secretly recruited new members for an underground sorority during a campus event.,"Violation of Rules and Regulations of the University, CHED, other Regulatory Agencies and Philippine Laws","Recruitment of fellow students to join fraternity, sorority, or organization that are not recognized by the University.",1st Offense,"Category 3 (Non-Readmission, denial of admission but is allowed to finish current term)"
A student held meetings with potential recruits for an unapproved organization.,"Violation of Rules and Regulations of the University, CHED, other Regulatory Agencies and Philippine Laws","Recruitment of fellow students to join fraternity, sorority, or organization that are not recognized by the University.",1st Offense,"Category 3 (Non-Readmission, denial of admission but is allowed to finish current term)"
A student was seen initiating recruitment for an unrecognized student group.,"Violation of Rules and Regulations of the University, CHED, other Regulatory Agencies and Philippine Laws","Recruitment of fellow students to join fraternity, sorority, or organization that are not recognized by the University.",1st Offense,"Category 3 (Non-Readmission, denial of admission but is allowed to finish current term)"
A student organized a recruitment drive for a secret society banned by the university.,"Violation of Rules and Regulations of the University, CHED, other Regulatory Agencies and Philippine Laws","Recruitment of fellow students to join fraternity, sorority, or organization that are not recognized by the University.",1st Offense,"Category 3 (Non-Readmission, denial of admission but is allowed to finish current term)"
A student attempted to recruit freshmen into an unapproved fraternity.,"Violation of Rules and Regulations of the University, CHED, other Regulatory Agencies and Philippine Laws","Recruitment of fellow students to join fraternity, sorority, or organization that are not recognized by the University.",1st Offense,"Category 3 (Non-Readmission, denial of admission but is allowed to finish current term)"
A student was found promoting an unapproved sorority recruitment on campus.,"Violation of Rules and Regulations of the University, CHED, other Regulatory Agencies and Philippine Laws","Recruitment of fellow students to join fraternity, sorority, or organization that are not recognized by the University.",1st Offense,"Category 3 (Non-Readmission, denial of admission but is allowed to finish current term)"
A student hosted a recruitment session for an unrecognized organization in the school library.,"Violation of Rules and Regulations of the University, CHED, other Regulatory Agencies and Philippine Laws","Recruitment of fellow students to join fraternity, sorority, or organization that are not recognized by the University.",1st Offense,"Category 3 (Non-Readmission, denial of admission but is allowed to finish current term)"
A student recruited peers to join an unrecognized sorority.,"Violation of Rules and Regulations of the University, CHED, other Regulatory Agencies and Philippine Laws","Recruitment of fellow students to join fraternity, sorority, or organization that are not recognized by the University.",1st Offense,"Category 3 (Non-Readmission, denial of admission but is allowed to finish current term)"
A student urged peers to break their Non-Fraternity Contracts by joining a banned fraternity.,"Violation of Rules and Regulations of the University, CHED, other Regulatory Agencies and Philippine Laws","Encouraging students to violate their Non-Fraternity Contracts by inviting them to join a fraternity, sorority or any organization not recognized by the University.",1st Offense,"Category 3 (Non-Readmission, denial of admission but is allowed to finish current term)"
A student pressured classmates to sign up for an unrecognized sorority in defiance of the Non-Fraternity Contract.,"Violation of Rules and Regulations of the University, CHED, other Regulatory Agencies and Philippine Laws","Encouraging students to violate their Non-Fraternity Contracts by inviting them to join a fraternity, sorority or any organization not recognized by the University.",1st Offense,"Category 3 (Non-Readmission, denial of admission but is allowed to finish current term)"
A student promised benefits for joining a secret fraternity despite classmates having signed Non-Fraternity Contracts.,"Violation of Rules and Regulations of the University, CHED, other Regulatory Agencies and Philippine Laws","Encouraging students to violate their Non-Fraternity Contracts by inviting them to join a fraternity, sorority or any organization not recognized by the University.",1st Offense,"Category 3 (Non-Readmission, denial of admission but is allowed to finish current term)"
A student persuaded freshmen to join a fraternity despite their Non-Fraternity Agreements.,"Violation of Rules and Regulations of the University, CHED, other Regulatory Agencies and Philippine Laws","Encouraging students to violate their Non-Fraternity Contracts by inviting them to join a fraternity, sorority or any organization not recognized by the University.",1st Offense,"Category 3 (Non-Readmission, denial of admission but is allowed to finish current term)"
"A student sent private messages encouraging others to join an unrecognized fraternity, against university policy.","Violation of Rules and Regulations of the University, CHED, other Regulatory Agencies and Philippine Laws","Encouraging students to violate their Non-Fraternity Contracts by inviting them to join a fraternity, sorority or any organization not recognized by the University.",1st Offense,"Category 3 (Non-Readmission, denial of admission but is allowed to finish current term)"
A student invited classmates to an initiation event in violation of their Non-Fraternity Contracts.,"Violation of Rules and Regulations of the University, CHED, other Regulatory Agencies and Philippine Laws","Encouraging students to violate their Non-Fraternity Contracts by inviting them to join a fraternity, sorority or any organization not recognized by the University.",1st Offense,"Category 3 (Non-Readmission, denial of admission but is allowed to finish current term)"
A student pressured a peer to sign up for a fraternity that is not sanctioned by the university.,"Violation of Rules and Regulations of the University, CHED, other Regulatory Agencies and Philippine Laws","Encouraging students to violate their Non-Fraternity Contracts by inviting them to join a fraternity, sorority or any organization not recognized by the University.",1st Offense,"Category 3 (Non-Readmission, denial of admission but is allowed to finish current term)"
A student participated in a recruitment campaign encouraging students to break Non-Fraternity Contracts.,"Violation of Rules and Regulations of the University, CHED, other Regulatory Agencies and Philippine Laws","Encouraging students to violate their Non-Fraternity Contracts by inviting them to join a fraternity, sorority or any organization not recognized by the University.",1st Offense,"Category 3 (Non-Readmission, denial of admission but is allowed to finish current term)"
A student encouraged peers to join an underground fraternity despite the contract they signed.,"Violation of Rules and Regulations of the University, CHED, other Regulatory Agencies and Philippine Laws","Encouraging students to violate their Non-Fraternity Contracts by inviting them to join a fraternity, sorority or any organization not recognized by the University.",1st Offense,"Category 3 (Non-Readmission, denial of admission but is allowed to finish current term)"
A student was caught enticing freshmen to break their Non-Fraternity Contracts and join an illegal group.,"Violation of Rules and Regulations of the University, CHED, other Regulatory Agencies and Philippine Laws","Encouraging students to violate their Non-Fraternity Contracts by inviting them to join a fraternity, sorority or any organization not recognized by the University.",1st Offense,"Category 3 (Non-Readmission, denial of admission but is allowed to finish current term)"
A student distributed materials promoting a fraternity to students who signed Non-Fraternity Contracts.,"Violation of Rules and Regulations of the University, CHED, other Regulatory Agencies and Philippine Laws","Encouraging students to violate their Non-Fraternity Contracts by inviting them to join a fraternity, sorority or any organization not recognized by the University.",1st Offense,"Category 3 (Non-Readmission, denial of admission but is allowed to finish current term)"
A student encouraged a peer to violate their Non-Fraternity Contract.,"Violation of Rules and Regulations of the University, CHED, other Regulatory Agencies and Philippine Laws","Encouraging students to violate their Non-Fraternity Contracts by inviting them to join a fraternity, sorority or any organization not recognized by the University.",1st Offense,"Category 3 (Non-Readmission, denial of admission but is allowed to finish current term)"
A fraternity conducted hazing activities during initiation.,"Violation of Rules and Regulations of the University, CHED, other Regulatory Agencies and Philippine Laws",Violation of other provisions defined in RA: 11053: Anti-Hazing Act of 2018.,1st Offense,"Category 3 (Non-Readmission, denial of admission but is allowed to finish current term)"
A student suffered injuries as a result of hazing by an organization.,"Violation of Rules and Regulations of the University, CHED, other Regulatory Agencies and Philippine Laws",Violation of other provisions defined in RA: 11053: Anti-Hazing Act of 2018.,1st Offense,"Category 3 (Non-Readmission, denial of admission but is allowed to finish current term)"
A student participated in a hazing ritual for an unrecognized group.,"Violation of Rules and Regulations of the University, CHED, other Regulatory Agencies and Philippine Laws",Violation of other provisions defined in RA: 11053: Anti-Hazing Act of 2018.,1st Offense,"Category 3 (Non-Readmission, denial of admission but is allowed to finish current term)"
A group of students was found organizing a hazing event.,"Violation of Rules and Regulations of the University, CHED, other Regulatory Agencies and Philippine Laws",Violation of other provisions defined in RA: 11053: Anti-Hazing Act of 2018.,1st Offense,"Category 3 (Non-Readmission, denial of admission but is allowed to finish current term)"
A student reported physical and psychological harm from hazing practices.,"Violation of Rules and Regulations of the University, CHED, other Regulatory Agencies and Philippine Laws",Violation of other provisions defined in RA: 11053: Anti-Hazing Act of 2018.,1st Offense,"Category 3 (Non-Readmission, denial of admission but is allowed to finish current term)"
An organization conducted initiation rites that included hazing.,"Violation of Rules and Regulations of the University, CHED, other Regulatory Agencies and Philippine Laws",Violation of other provisions defined in RA: 11053: Anti-Hazing Act of 2018.,1st Offense,"Category 3 (Non-Readmission, denial of admission but is allowed to finish current term)"
"Hazing-related rituals caused injuries, implicating the entire organization.","Violation of Rules and Regulations of the University, CHED, other Regulatory Agencies and Philippine Laws",Violation of other provisions defined in RA: 11053: Anti-Hazing Act of 2018.,1st Offense,"Category 3 (Non-Readmission, denial of admission but is allowed to finish current term)"
A student who organized a hazing initiation faced disciplinary actions.,"Violation of Rules and Regulations of the University, CHED, other Regulatory Agencies and Philippine Laws",Violation of other provisions defined in RA: 11053: Anti-Hazing Act of 2018.,1st Offense,"Category 3 (Non-Readmission, denial of admission but is allowed to finish current term)"
Hazing practices were discovered within a secret society operating off-campus.,"Violation of Rules and Regulations of the University, CHED, other Regulatory Agencies and Philippine Laws",Violation of other provisions defined in RA: 11053: Anti-Hazing Act of 2018.,1st Offense,"Category 3 (Non-Readmission, denial of admission but is allowed to finish current term)"
A student complained of mistreatment and injuries due to hazing by an unrecognized group.,"Violation of Rules and Regulations of the University, CHED, other Regulatory Agencies and Philippine Laws",Violation of other provisions defined in RA: 11053: Anti-Hazing Act of 2018.,1st Offense,"Category 3 (Non-Readmission, denial of admission but is allowed to finish current term)"
An unauthorized group was reported for conducting dangerous hazing activities.,"Violation of Rules and Regulations of the University, CHED, other Regulatory Agencies and Philippine Laws",Violation of other provisions defined in RA: 11053: Anti-Hazing Act of 2018.,1st Offense,"Category 3 (Non-Readmission, denial of admission but is allowed to finish current term)"
A student violated provisions of the Anti-Hazing Act during an initiation event.,"Violation of Rules and Regulations of the University, CHED, other Regulatory Agencies and Philippine Laws",Violation of other provisions defined in RA: 11053: Anti-Hazing Act of 2018.,1st Offense,"Category 3 (Non-Readmission, denial of admission but is allowed to finish current term)"
A student verbally harassed a peer repeatedly on social media.,"Violation of Rules and Regulations of the University, CHED, other Regulatory Agencies and Philippine Laws",Committing any form of bullying as defined in Sec. 2 Acts of Bullying of RA 10627: The Anti-Bullying Act of 2013 (Refer to Annex B: Primer on RA 10627).,1st Offense,"Category 2 (Formative Intervention: University Service, Counseling, Discipline Education Program, & Evaluation)"
A student physically bullied another classmate in the school hallway.,"Violation of Rules and Regulations of the University, CHED, other Regulatory Agencies and Philippine Laws",Committing any form of bullying as defined in Sec. 2 Acts of Bullying of RA 10627: The Anti-Bullying Act of 2013 (Refer to Annex B: Primer on RA 10627).,1st Offense,"Category 2 (Formative Intervention: University Service, Counseling, Discipline Education Program, & Evaluation)"
A group of students engaged in cyberbullying by sharing harmful content about a classmate.,"Violation of Rules and Regulations of the University, CHED, other Regulatory Agencies and Philippine Laws",Committing any form of bullying as defined in Sec. 2 Acts of Bullying of RA 10627: The Anti-Bullying Act of 2013 (Refer to Annex B: Primer on RA 10627).,1st Offense,"Category 2 (Formative Intervention: University Service, Counseling, Discipline Education Program, & Evaluation)"
"A student continuously spread false rumors about a peer, causing distress.","Violation of Rules and Regulations of the University, CHED, other Regulatory Agencies and Philippine Laws",Committing any form of bullying as defined in Sec. 2 Acts of Bullying of RA 10627: The Anti-Bullying Act of 2013 (Refer to Annex B: Primer on RA 10627).,1st Offense,"Category 2 (Formative Intervention: University Service, Counseling, Discipline Education Program, & Evaluation)"
A student used threats to intimidate and control another student.,"Violation of Rules and Regulations of the University, CHED, other Regulatory Agencies and Philippine Laws",Committing any form of bullying as defined in Sec. 2 Acts of Bullying of RA 10627: The Anti-Bullying Act of 2013 (Refer to Annex B: Primer on RA 10627).,1st Offense,"Category 2 (Formative Intervention: University Service, Counseling, Discipline Education Program, & Evaluation)"
A student repeatedly targeted another student with insults and public humiliation.,"Violation of Rules and Regulations of the University, CHED, other Regulatory Agencies and Philippine Laws",Committing any form of bullying as defined in Sec. 2 Acts of Bullying of RA 10627: The Anti-Bullying Act of 2013 (Refer to Annex B: Primer on RA 10627).,1st Offense,"Category 2 (Formative Intervention: University Service, Counseling, Discipline Education Program, & Evaluation)"
"A student group excluded a classmate and encouraged others to do the same, leading to emotional harm.","Violation of Rules and Regulations of the University, CHED, other Regulatory Agencies and Philippine Laws",Committing any form of bullying as defined in Sec. 2 Acts of Bullying of RA 10627: The Anti-Bullying Act of 2013 (Refer to Annex B: Primer on RA 10627).,1st Offense,"Category 2 (Formative Intervention: University Service, Counseling, Discipline Education Program, & Evaluation)"
A student posted derogatory comments about another student on a public forum.,"Violation of Rules and Regulations of the University, CHED, other Regulatory Agencies and Philippine Laws",Committing any form of bullying as defined in Sec. 2 Acts of Bullying of RA 10627: The Anti-Bullying Act of 2013 (Refer to Annex B: Primer on RA 10627).,1st Offense,"Category 2 (Formative Intervention: University Service, Counseling, Discipline Education Program, & Evaluation)"
A student was caught repeatedly making fun of a peer's appearance in front of others.,"Violation of Rules and Regulations of the University, CHED, other Regulatory Agencies and Philippine Laws",Committing any form of bullying as defined in Sec. 2 Acts of Bullying of RA 10627: The Anti-Bullying Act of 2013 (Refer to Annex B: Primer on RA 10627).,2nd Offense,"Category 3 (Non-Readmission, denial of admission but is allowed to finish current term)"
A student physically assaulted a peer for their differences.,"Violation of Rules and Regulations of the University, CHED, other Regulatory Agencies and Philippine Laws",Committing any form of bullying as defined in Sec. 2 Acts of Bullying of RA 10627: The Anti-Bullying Act of 2013 (Refer to Annex B: Primer on RA 10627).,2nd Offense,"Category 3 (Non-Readmission, denial of admission but is allowed to finish current term)"
A student continued bullying a peer despite previous warnings from school authorities.,"Violation of Rules and Regulations of the University, CHED, other Regulatory Agencies and Philippine Laws",Committing any form of bullying as defined in Sec. 2 Acts of Bullying of RA 10627: The Anti-Bullying Act of 2013 (Refer to Annex B: Primer on RA 10627).,2nd Offense,"Category 3 (Non-Readmission, denial of admission but is allowed to finish current term)"
"A student repeatedly insulted a peer online, causing emotional harm.","Violation of Rules and Regulations of the University, CHED, other Regulatory Agencies and Philippine Laws",Committing any form of bullying as defined in Sec. 2 Acts of Bullying of RA 10627: The Anti-Bullying Act of 2013 (Refer to Annex B: Primer on RA 10627).,2nd Offense,"Category 3 (Non-Readmission, denial of admission but is allowed to finish current term)"
A student made unwanted sexual comments toward a classmate.,"Violation of Rules and Regulations of the University, CHED, other Regulatory Agencies and Philippine Laws",Committing any gender-based sexual harassment as defined in RA 11313: The Safe Spaces Act of 2019 (Bawal Bastos Law) and RA 7877: The Anti-Sexual Harassment Act of 1995.,1st Offense,"Category 2 (Formative Intervention: University Service, Counseling, Discipline Education Program, & Evaluation)"
A student engaged in inappropriate physical contact during a class activity.,"Violation of Rules and Regulations of the University, CHED, other Regulatory Agencies and Philippine Laws",Committing any gender-based sexual harassment as defined in RA 11313: The Safe Spaces Act of 2019 (Bawal Bastos Law) and RA 7877: The Anti-Sexual Harassment Act of 1995.,1st Offense,"Category 2 (Formative Intervention: University Service, Counseling, Discipline Education Program, & Evaluation)"
A student sent lewd messages to a peer via social media.,"Violation of Rules and Regulations of the University, CHED, other Regulatory Agencies and Philippine Laws",Committing any gender-based sexual harassment as defined in RA 11313: The Safe Spaces Act of 2019 (Bawal Bastos Law) and RA 7877: The Anti-Sexual Harassment Act of 1995.,1st Offense,"Category 2 (Formative Intervention: University Service, Counseling, Discipline Education Program, & Evaluation)"
A student persistently made sexually suggestive remarks despite being asked to stop.,"Violation of Rules and Regulations of the University, CHED, other Regulatory Agencies and Philippine Laws",Committing any gender-based sexual harassment as defined in RA 11313: The Safe Spaces Act of 2019 (Bawal Bastos Law) and RA 7877: The Anti-Sexual Harassment Act of 1995.,1st Offense,"Category 2 (Formative Intervention: University Service, Counseling, Discipline Education Program, & Evaluation)"
A student inappropriately touched a classmate during an academic event.,"Violation of Rules and Regulations of the University, CHED, other Regulatory Agencies and Philippine Laws",Committing any gender-based sexual harassment as defined in RA 11313: The Safe Spaces Act of 2019 (Bawal Bastos Law) and RA 7877: The Anti-Sexual Harassment Act of 1995.,1st Offense,"Category 2 (Formative Intervention: University Service, Counseling, Discipline Education Program, & Evaluation)"
A student harassed a peer by repeatedly commenting on their appearance.,"Violation of Rules and Regulations of the University, CHED, other Regulatory Agencies and Philippine Laws",Committing any gender-based sexual harassment as defined in RA 11313: The Safe Spaces Act of 2019 (Bawal Bastos Law) and RA 7877: The Anti-Sexual Harassment Act of 1995.,1st Offense,"Category 2 (Formative Intervention: University Service, Counseling, Discipline Education Program, & Evaluation)"
A student displayed sexually explicit materials in a shared class space.,"Violation of Rules and Regulations of the University, CHED, other Regulatory Agencies and Philippine Laws",Committing any gender-based sexual harassment as defined in RA 11313: The Safe Spaces Act of 2019 (Bawal Bastos Law) and RA 7877: The Anti-Sexual Harassment Act of 1995.,1st Offense,"Category 2 (Formative Intervention: University Service, Counseling, Discipline Education Program, & Evaluation)"
A student continued to make inappropriate Making sexual advances in words or deeds to another student or to any member of the community. despite being reported.,"Violation of Rules and Regulations of the University, CHED, other Regulatory Agencies and Philippine Laws",Committing any gender-based sexual harassment as defined in RA 11313: The Safe Spaces Act of 2019 (Bawal Bastos Law) and RA 7877: The Anti-Sexual Harassment Act of 1995.,2nd Offense,"Category 3 (Non-Readmission, denial of admission but is allowed to finish current term)"
A student harassed another by sending explicit photos and videos.,"Violation of Rules and Regulations of the University, CHED, other Regulatory Agencies and Philippine Laws",Committing any gender-based sexual harassment as defined in RA 11313: The Safe Spaces Act of 2019 (Bawal Bastos Law) and RA 7877: The Anti-Sexual Harassment Act of 1995.,2nd Offense,"Category 3 (Non-Readmission, denial of admission but is allowed to finish current term)"
A student made discriminatory sexual jokes aimed at a peer's gender identity.,"Violation of Rules and Regulations of the University, CHED, other Regulatory Agencies and Philippine Laws",Committing any gender-based sexual harassment as defined in RA 11313: The Safe Spaces Act of 2019 (Bawal Bastos Law) and RA 7877: The Anti-Sexual Harassment Act of 1995.,2nd Offense,"Category 3 (Non-Readmission, denial of admission but is allowed to finish current term)"
"A student used authority to sexually harass a classmate, violating both RA 11313 and RA 7877.","Violation of Rules and Regulations of the University, CHED, other Regulatory Agencies and Philippine Laws",Committing any gender-based sexual harassment as defined in RA 11313: The Safe Spaces Act of 2019 (Bawal Bastos Law) and RA 7877: The Anti-Sexual Harassment Act of 1995.,2nd Offense,"Category 3 (Non-Readmission, denial of admission but is allowed to finish current term)"
A student made unsolicited inappropriate comments about a classmate.,"Violation of Rules and Regulations of the University, CHED, other Regulatory Agencies and Philippine Laws",Committing any gender-based sexual harassment as defined in RA 11313: The Safe Spaces Act of 2019 (Bawal Bastos Law) and RA 7877: The Anti-Sexual Harassment Act of 1995.,1st Offense,"Category 2 (Formative Intervention: University Service, Counseling, Discipline Education Program, & Evaluation)"
A student was caught with illegal drugs inside the university premises.,"Violation of Rules and Regulations of the University, CHED, other Regulatory Agencies and Philippine Laws","Unauthorized bringing in, carrying, possession or use of prohibited drugs or chemicals without proper prescription inside university premises or during an academic function and off campus activities, and any other violation of the provisions of R.A. 9165: Comprehensive Dangerous Drugs Act of 2002.",1st Offense,"Category 4 (Exclusion, dropping the name of the student immediately from the roll of students)"
A student was found distributing prohibited drugs during a school event.,"Violation of Rules and Regulations of the University, CHED, other Regulatory Agencies and Philippine Laws","Unauthorized bringing in, carrying, possession or use of prohibited drugs or chemicals without proper prescription inside university premises or during an academic function and off campus activities, and any other violation of the provisions of R.A. 9165: Comprehensive Dangerous Drugs Act of 2002.",1st Offense,"Category 4 (Exclusion, dropping the name of the student immediately from the roll of students)"
A student was caught using illegal substances at an off-campus event.,"Violation of Rules and Regulations of the University, CHED, other Regulatory Agencies and Philippine Laws","Unauthorized bringing in, carrying, possession or use of prohibited drugs or chemicals without proper prescription inside university premises or during an academic function and off campus activities, and any other violation of the provisions of R.A. 9165: Comprehensive Dangerous Drugs Act of 2002.",1st Offense,"Category 4 (Exclusion, dropping the name of the student immediately from the roll of students)"
A student was found in possession of prohibited chemicals without prescription.,"Violation of Rules and Regulations of the University, CHED, other Regulatory Agencies and Philippine Laws","Unauthorized bringing in, carrying, possession or use of prohibited drugs or chemicals without proper prescription inside university premises or during an academic function and off campus activities, and any other violation of the provisions of R.A. 9165: Comprehensive Dangerous Drugs Act of 2002.",1st Offense,"Category 4 (Exclusion, dropping the name of the student immediately from the roll of students)"
A student organized a drug use session in the dormitory.,"Violation of Rules and Regulations of the University, CHED, other Regulatory Agencies and Philippine Laws","Unauthorized bringing in, carrying, possession or use of prohibited drugs or chemicals without proper prescription inside university premises or during an academic function and off campus activities, and any other violation of the provisions of R.A. 9165: Comprehensive Dangerous Drugs Act of 2002.",1st Offense,"Category 4 (Exclusion, dropping the name of the student immediately from the roll of students)"
A group of students were arrested for using prohibited substances during a university event.,"Violation of Rules and Regulations of the University, CHED, other Regulatory Agencies and Philippine Laws","Unauthorized bringing in, carrying, possession or use of prohibited drugs or chemicals without proper prescription inside university premises or during an academic function and off campus activities, and any other violation of the provisions of R.A. 9165: Comprehensive Dangerous Drugs Act of 2002.",1st Offense,"Category 4 (Exclusion, dropping the name of the student immediately from the roll of students)"
A student admitted to purchasing illegal drugs on campus.,"Violation of Rules and Regulations of the University, CHED, other Regulatory Agencies and Philippine Laws","Unauthorized bringing in, carrying, possession or use of prohibited drugs or chemicals without proper prescription inside university premises or during an academic function and off campus activities, and any other violation of the provisions of R.A. 9165: Comprehensive Dangerous Drugs Act of 2002.",1st Offense,"Category 4 (Exclusion, dropping the name of the student immediately from the roll of students)"
A student was caught carrying drug paraphernalia inside the university.,"Violation of Rules and Regulations of the University, CHED, other Regulatory Agencies and Philippine Laws","Unauthorized bringing in, carrying, possession or use of prohibited drugs or chemicals without proper prescription inside university premises or during an academic function and off campus activities, and any other violation of the provisions of R.A. 9165: Comprehensive Dangerous Drugs Act of 2002.",1st Offense,"Category 4 (Exclusion, dropping the name of the student immediately from the roll of students)"
A student was apprehended for selling prohibited drugs near the campus.,"Violation of Rules and Regulations of the University, CHED, other Regulatory Agencies and Philippine Laws","Unauthorized bringing in, carrying, possession or use of prohibited drugs or chemicals without proper prescription inside university premises or during an academic function and off campus activities, and any other violation of the provisions of R.A. 9165: Comprehensive Dangerous Drugs Act of 2002.",1st Offense,"Category 4 (Exclusion, dropping the name of the student immediately from the roll of students)"
A student used prohibited substances during a school-sponsored retreat.,"Violation of Rules and Regulations of the University, CHED, other Regulatory Agencies and Philippine Laws","Unauthorized bringing in, carrying, possession or use of prohibited drugs or chemicals without proper prescription inside university premises or during an academic function and off campus activities, and any other violation of the provisions of R.A. 9165: Comprehensive Dangerous Drugs Act of 2002.",1st Offense,"Category 4 (Exclusion, dropping the name of the student immediately from the roll of students)"
A student violated the school’s drug policy by testing positive for illegal substances.,"Violation of Rules and Regulations of the University, CHED, other Regulatory Agencies and Philippine Laws","Unauthorized bringing in, carrying, possession or use of prohibited drugs or chemicals without proper prescription inside university premises or during an academic function and off campus activities, and any other violation of the provisions of R.A. 9165: Comprehensive Dangerous Drugs Act of 2002.",1st Offense,"Category 4 (Exclusion, dropping the name of the student immediately from the roll of students)"
A student was caught distributing illegal substances on school grounds.,"Violation of Rules and Regulations of the University, CHED, other Regulatory Agencies and Philippine Laws","Unauthorized bringing in, carrying, possession or use of prohibited drugs or chemicals without proper prescription inside university premises or during an academic function and off campus activities, and any other violation of the provisions of R.A. 9165: Comprehensive Dangerous Drugs Act of 2002.",1st Offense,"Category 4 (Exclusion, dropping the name of the student immediately from the roll of students)"
A student refused to undergo mandatory drug testing as required by the university.,"Violation of Rules and Regulations of the University, CHED, other Regulatory Agencies and Philippine Laws","Unauthorized bringing in, carrying, possession or use of prohibited drugs or chemicals without proper prescription inside university premises or during an academic function and off campus activities, and any other violation of the provisions of R.A. 9165: Comprehensive Dangerous Drugs Act of 2002.",1st Offense,"Category 2 (Formative Intervention: University Service, Counseling, Discipline Education Program, & Evaluation)"
A student avoided drug testing despite repeated requests from the university.,"Violation of Rules and Regulations of the University, CHED, other Regulatory Agencies and Philippine Laws",Failure to comply with the University Drug Testing Program.,1st Offense,"Category 2 (Formative Intervention: University Service, Counseling, Discipline Education Program, & Evaluation)"
A student failed to attend scheduled drug testing on multiple occasions.,"Violation of Rules and Regulations of the University, CHED, other Regulatory Agencies and Philippine Laws",Failure to comply with the University Drug Testing Program.,1st Offense,"Category 2 (Formative Intervention: University Service, Counseling, Discipline Education Program, & Evaluation)"
A student tampered with their drug test results.,"Violation of Rules and Regulations of the University, CHED, other Regulatory Agencies and Philippine Laws",Failure to comply with the University Drug Testing Program.,1st Offense,"Category 2 (Formative Intervention: University Service, Counseling, Discipline Education Program, & Evaluation)"
A student refused to take part in a surprise drug testing initiative.,"Violation of Rules and Regulations of the University, CHED, other Regulatory Agencies and Philippine Laws",Failure to comply with the University Drug Testing Program.,1st Offense,"Category 2 (Formative Intervention: University Service, Counseling, Discipline Education Program, & Evaluation)"
A student presented fake documentation to avoid drug testing.,"Violation of Rules and Regulations of the University, CHED, other Regulatory Agencies and Philippine Laws",Failure to comply with the University Drug Testing Program.,1st Offense,"Category 2 (Formative Intervention: University Service, Counseling, Discipline Education Program, & Evaluation)"
A student refused to comply with the university's request for random drug testing.,"Violation of Rules and Regulations of the University, CHED, other Regulatory Agencies and Philippine Laws",Failure to comply with the University Drug Testing Program.,1st Offense,"Category 2 (Formative Intervention: University Service, Counseling, Discipline Education Program, & Evaluation)"
A student disregarded all notifications to participate in mandatory testing.,"Violation of Rules and Regulations of the University, CHED, other Regulatory Agencies and Philippine Laws",Failure to comply with the University Drug Testing Program.,2nd Offense,"Category 3 (Non-Readmission, denial of admission but is allowed to finish current term)"
A student resisted drug testing during a campus-wide random check.,"Violation of Rules and Regulations of the University, CHED, other Regulatory Agencies and Philippine Laws",Failure to comply with the University Drug Testing Program.,2nd Offense,"Category 3 (Non-Readmission, denial of admission but is allowed to finish current term)"
A student falsified drug test results in order to comply with university requirements.,"Violation of Rules and Regulations of the University, CHED, other Regulatory Agencies and Philippine Laws",Failure to comply with the University Drug Testing Program.,2nd Offense,"Category 3 (Non-Readmission, denial of admission but is allowed to finish current term)"
A student failed to participate in the drug testing program after several notices.,"Violation of Rules and Regulations of the University, CHED, other Regulatory Agencies and Philippine Laws",Failure to comply with the University Drug Testing Program.,2nd Offense,"Category 3 (Non-Readmission, denial of admission but is allowed to finish current term)"
A student refused to participate in the school's mandatory drug testing.,"Violation of Rules and Regulations of the University, CHED, other Regulatory Agencies and Philippine Laws",Failure to comply with the University Drug Testing Program.,2nd Offense,"Category 3 (Non-Readmission, denial of admission but is allowed to finish current term)"
Students were found making offensive gestures and remarks during a graduation ceremony.,Immoral and Indecent Acts,Committing acts of lewdness or any act of immorality.,1st Offense,"Category 2 (Formative Intervention: University Service, Counseling, Discipline Education Program, & Evaluation)"
A student was reported to have defaced a campus statue with explicit content.,Immoral and Indecent Acts,Committing acts of lewdness or any act of immorality.,1st Offense,"Category 2 (Formative Intervention: University Service, Counseling, Discipline Education Program, & Evaluation)"
Students were caught exposing themselves as part of a prank in the dormitory.,Immoral and Indecent Acts,Committing acts of lewdness or any act of immorality.,1st Offense,"Category 2 (Formative Intervention: University Service, Counseling, Discipline Education Program, & Evaluation)"
"A student brought offensive, sexually explicit materials to a university study group.",Immoral and Indecent Acts,Committing acts of lewdness or any act of immorality.,1st Offense,"Category 2 (Formative Intervention: University Service, Counseling, Discipline Education Program, & Evaluation)"
A student was seen writing offensive and vulgar messages on classroom desks.,Immoral and Indecent Acts,Committing acts of lewdness or any act of immorality.,1st Offense,"Category 2 (Formative Intervention: University Service, Counseling, Discipline Education Program, & Evaluation)"
A student was found drawing inappropriate images in a university art exhibition.,Immoral and Indecent Acts,Committing acts of lewdness or any act of immorality.,1st Offense,"Category 2 (Formative Intervention: University Service, Counseling, Discipline Education Program, & Evaluation)"
A student organized a group to perform lewd dances in the cafeteria.,Immoral and Indecent Acts,Committing acts of lewdness or any act of immorality.,1st Offense,"Category 2 (Formative Intervention: University Service, Counseling, Discipline Education Program, & Evaluation)"
A student interrupted a professor’s lecture with inappropriate gestures.,Immoral and Indecent Acts,Committing acts of lewdness or any act of immorality.,1st Offense,"Category 2 (Formative Intervention: University Service, Counseling, Discipline Education Program, & Evaluation)"
A student inappropriately used sexual innuendos during a university trivia game.,Immoral and Indecent Acts,Committing acts of lewdness or any act of immorality.,1st Offense,"Category 2 (Formative Intervention: University Service, Counseling, Discipline Education Program, & Evaluation)"
A student participated in an explicit group chat during a university event.,Immoral and Indecent Acts,Committing acts of lewdness or any act of immorality.,1st Offense,"Category 2 (Formative Intervention: University Service, Counseling, Discipline Education Program, & Evaluation)"
A student performed inappropriate actions during a sports practice in front of teammates.,Immoral and Indecent Acts,Committing acts of lewdness or any act of immorality.,1st Offense,"Category 2 (Formative Intervention: University Service, Counseling, Discipline Education Program, & Evaluation)"
A student brought indecent props to use during a public speaking course.,Immoral and Indecent Acts,Committing acts of lewdness or any act of immorality.,1st Offense,"Category 2 (Formative Intervention: University Service, Counseling, Discipline Education Program, & Evaluation)"
A student performed a sexually explicit skit during a talent show.,Immoral and Indecent Acts,Committing acts of lewdness or any act of immorality.,1st Offense,"Category 2 (Formative Intervention: University Service, Counseling, Discipline Education Program, & Evaluation)"
A student was found creating lewd artwork as part of a university project.,Immoral and Indecent Acts,Committing acts of lewdness or any act of immorality.,1st Offense,"Category 2 (Formative Intervention: University Service, Counseling, Discipline Education Program, & Evaluation)"
A student made lewd remarks about a university speaker during a guest lecture.,Immoral and Indecent Acts,Committing acts of lewdness or any act of immorality.,1st Offense,"Category 2 (Formative Intervention: University Service, Counseling, Discipline Education Program, & Evaluation)"
A student was caught performing an indecent act on a video call during an online class.,Immoral and Indecent Acts,Committing acts of lewdness or any act of immorality.,1st Offense,"Category 2 (Formative Intervention: University Service, Counseling, Discipline Education Program, & Evaluation)"
A student was found with lewd posters on their dorm room door.,Immoral and Indecent Acts,Committing acts of lewdness or any act of immorality.,1st Offense,"Category 2 (Formative Intervention: University Service, Counseling, Discipline Education Program, & Evaluation)"
A student recorded an obscene video on university premises and shared it online.,Immoral and Indecent Acts,Committing acts of lewdness or any act of immorality.,1st Offense,"Category 2 (Formative Intervention: University Service, Counseling, Discipline Education Program, & Evaluation)"
A student participated in an online video challenge involving indecent acts.,Immoral and Indecent Acts,Committing acts of lewdness or any act of immorality.,1st Offense,"Category 2 (Formative Intervention: University Service, Counseling, Discipline Education Program, & Evaluation)"
A group of students were caught engaging in inappropriate behavior at a campus party.,Immoral and Indecent Acts,Committing acts of lewdness or any act of immorality.,1st Offense,"Category 2 (Formative Intervention: University Service, Counseling, Discipline Education Program, & Evaluation)"
A student made a sexually explicit comment during a class discussion.,Immoral and Indecent Acts,Committing acts of lewdness or any act of immorality.,1st Offense,"Category 2 (Formative Intervention: University Service, Counseling, Discipline Education Program, & Evaluation)"
A student created a public social media post with explicit and offensive content.,Immoral and Indecent Acts,Committing acts of lewdness or any act of immorality.,1st Offense,"Category 2 (Formative Intervention: University Service, Counseling, Discipline Education Program, & Evaluation)"
"A student made a loud, obscene joke during a club event, disrupting the environment.",Immoral and Indecent Acts,Committing acts of lewdness or any act of immorality.,1st Offense,"Category 2 (Formative Intervention: University Service, Counseling, Discipline Education Program, & Evaluation)"
A student engaged in inappropriate behavior at a university-sponsored concert.,Immoral and Indecent Acts,Committing acts of lewdness or any act of immorality.,1st Offense,"Category 2 (Formative Intervention: University Service, Counseling, Discipline Education Program, & Evaluation)"
A student defaced university brochures with inappropriate images and language.,Immoral and Indecent Acts,Committing acts of lewdness or any act of immorality.,1st Offense,"Category 2 (Formative Intervention: University Service, Counseling, Discipline Education Program, & Evaluation)"
A student was seen making offensive hand signs in a campus video recording.,Immoral and Indecent Acts,Committing acts of lewdness or any act of immorality.,1st Offense,"Category 2 (Formative Intervention: University Service, Counseling, Discipline Education Program, & Evaluation)"
A student was caught distributing offensive flyers containing lewd images.,Immoral and Indecent Acts,Committing acts of lewdness or any act of immorality.,1st Offense,"Category 2 (Formative Intervention: University Service, Counseling, Discipline Education Program, & Evaluation)"
A student was seen making obscene gestures during a university cultural event.,Immoral and Indecent Acts,Committing acts of lewdness or any act of immorality.,1st Offense,"Category 2 (Formative Intervention: University Service, Counseling, Discipline Education Program, & Evaluation)"
A student sent vulgar and obscene messages to a university-wide email thread.,Immoral and Indecent Acts,Committing acts of lewdness or any act of immorality.,1st Offense,"Category 2 (Formative Intervention: University Service, Counseling, Discipline Education Program, & Evaluation)"
A student made sexually explicit jokes in the student lounge while others were studying.,Immoral and Indecent Acts,Committing acts of lewdness or any act of immorality.,1st Offense,"Category 2 (Formative Intervention: University Service, Counseling, Discipline Education Program, & Evaluation)"
A student was seen engaging in inappropriate behavior at a university fair booth.,Immoral and Indecent Acts,Committing acts of lewdness or any act of immorality.,1st Offense,"Category 2 (Formative Intervention: University Service, Counseling, Discipline Education Program, & Evaluation)"
A student was found harassing others with inappropriate comments in a campus hallway.,Immoral and Indecent Acts,Committing acts of lewdness or any act of immorality.,1st Offense,"Category 2 (Formative Intervention: University Service, Counseling, Discipline Education Program, & Evaluation)"
A student was found streaking across the football field during a game.,Immoral and Indecent Acts,Committing acts of lewdness or any act of immorality.,1st Offense,"Category 2 (Formative Intervention: University Service, Counseling, Discipline Education Program, & Evaluation)"
A student disrupted a study session by making loud and inappropriate remarks.,Immoral and Indecent Acts,Committing acts of lewdness or any act of immorality.,1st Offense,"Category 2 (Formative Intervention: University Service, Counseling, Discipline Education Program, & Evaluation)"
A student was caught whispering inappropriate and suggestive comments to others during a lecture.,Immoral and Indecent Acts,Committing acts of lewdness or any act of immorality.,1st Offense,"Category 2 (Formative Intervention: University Service, Counseling, Discipline Education Program, & Evaluation)"
A student was overheard making vulgar and sexually suggestive comments to a peer during a study group.,Immoral and Indecent Acts,Committing acts of lewdness or any act of immorality.,1st Offense,"Category 2 (Formative Intervention: University Service, Counseling, Discipline Education Program, & Evaluation)"
A student was found sending lewd images to classmates through a messaging app.,Immoral and Indecent Acts,Committing acts of lewdness or any act of immorality.,1st Offense,"Category 2 (Formative Intervention: University Service, Counseling, Discipline Education Program, & Evaluation)"
Two students were found in a public space engaged in inappropriate physical behavior.,Immoral and Indecent Acts,Committing acts of lewdness or any act of immorality.,1st Offense,"Category 2 (Formative Intervention: University Service, Counseling, Discipline Education Program, & Evaluation)"
A student openly discussed inappropriate content during a university book club.,Immoral and Indecent Acts,Committing acts of lewdness or any act of immorality.,2nd Offense,"Category 3 (Non-Readmission, denial of admission but is allowed to finish current term)"
Two students were caught performing suggestive dances in the middle of the library.,Immoral and Indecent Acts,Committing acts of lewdness or any act of immorality.,2nd Offense,"Category 3 (Non-Readmission, denial of admission but is allowed to finish current term)"
A student was heard using explicit language in a university debate competition.,Immoral and Indecent Acts,Committing acts of lewdness or any act of immorality.,2nd Offense,"Category 3 (Non-Readmission, denial of admission but is allowed to finish current term)"
A group of students were seen engaging in inappropriate games during a university event.,Immoral and Indecent Acts,Committing acts of lewdness or any act of immorality.,2nd Offense,"Category 3 (Non-Readmission, denial of admission but is allowed to finish current term)"
A student was caught making obscene gestures to passersby on campus grounds.,Immoral and Indecent Acts,Committing acts of lewdness or any act of immorality.,2nd Offense,"Category 3 (Non-Readmission, denial of admission but is allowed to finish current term)"
A group of students were caught chanting offensive language in a rally.,Immoral and Indecent Acts,Committing acts of lewdness or any act of immorality.,2nd Offense,"Category 3 (Non-Readmission, denial of admission but is allowed to finish current term)"
A student was caught using indecent language during a group project presentation.,Immoral and Indecent Acts,Committing acts of lewdness or any act of immorality.,2nd Offense,"Category 3 (Non-Readmission, denial of admission but is allowed to finish current term)"
A student displayed inappropriate behavior during a campus tour.,Immoral and Indecent Acts,Committing acts of lewdness or any act of immorality.,2nd Offense,"Category 3 (Non-Readmission, denial of admission but is allowed to finish current term)"
Students were seen making offensive gestures in a campus café.,Immoral and Indecent Acts,Committing acts of lewdness or any act of immorality.,2nd Offense,"Category 3 (Non-Readmission, denial of admission but is allowed to finish current term)"
A student was found carving explicit images into a university desk.,Immoral and Indecent Acts,Committing acts of lewdness or any act of immorality.,2nd Offense,"Category 3 (Non-Readmission, denial of admission but is allowed to finish current term)"
A student was seen spray-painting offensive graffiti on campus property.,Immoral and Indecent Acts,Committing acts of lewdness or any act of immorality.,2nd Offense,"Category 3 (Non-Readmission, denial of admission but is allowed to finish current term)"
A student displayed lewd behavior at a university sporting event in front of spectators.,Immoral and Indecent Acts,Committing acts of lewdness or any act of immorality.,2nd Offense,"Category 3 (Non-Readmission, denial of admission but is allowed to finish current term)"
A student was caught making vulgar comments to university staff members.,Immoral and Indecent Acts,Committing acts of lewdness or any act of immorality.,2nd Offense,"Category 3 (Non-Readmission, denial of admission but is allowed to finish current term)"
A student interrupted a campus event by shouting obscenities from the audience.,Immoral and Indecent Acts,Committing acts of lewdness or any act of immorality.,2nd Offense,"Category 3 (Non-Readmission, denial of admission but is allowed to finish current term)"
A student performed an inappropriate stunt in the middle of a university football game.,Immoral and Indecent Acts,Committing acts of lewdness or any act of immorality.,2nd Offense,"Category 3 (Non-Readmission, denial of admission but is allowed to finish current term)"
A student was found with inappropriate graffiti written on their locker.,Immoral and Indecent Acts,Committing acts of lewdness or any act of immorality.,2nd Offense,"Category 3 (Non-Readmission, denial of admission but is allowed to finish current term)"
A student was found in a secluded area of campus engaged in inappropriate behavior.,Immoral and Indecent Acts,Committing acts of lewdness or any act of immorality.,2nd Offense,"Category 3 (Non-Readmission, denial of admission but is allowed to finish current term)"
A student wore an offensive costume to a campus Halloween event.,Immoral and Indecent Acts,Committing acts of lewdness or any act of immorality.,2nd Offense,"Category 3 (Non-Readmission, denial of admission but is allowed to finish current term)"
A student openly made lewd remarks to professors and classmates in an online class.,Immoral and Indecent Acts,Committing acts of lewdness or any act of immorality.,2nd Offense,"Category 3 (Non-Readmission, denial of admission but is allowed to finish current term)"
A student received a package containing explicit magazines on campus.,Immoral and Indecent Acts,"Possessing, displaying, or distributing pornographic materials, including accessing pornographic sites inside the University.",1st Offense,"Category 2 (Formative Intervention: University Service, Counseling, Discipline Education Program, & Evaluation)"
A student emailed pornographic images to other students using their university email.,Immoral and Indecent Acts,"Possessing, displaying, or distributing pornographic materials, including accessing pornographic sites inside the University.",1st Offense,"Category 2 (Formative Intervention: University Service, Counseling, Discipline Education Program, & Evaluation)"
A student was reported for watching pornography during a campus event on their phone.,Immoral and Indecent Acts,"Possessing, displaying, or distributing pornographic materials, including accessing pornographic sites inside the University.",1st Offense,"Category 2 (Formative Intervention: University Service, Counseling, Discipline Education Program, & Evaluation)"
A student was caught downloading explicit videos using university resources.,Immoral and Indecent Acts,"Possessing, displaying, or distributing pornographic materials, including accessing pornographic sites inside the University.",1st Offense,"Category 2 (Formative Intervention: University Service, Counseling, Discipline Education Program, & Evaluation)"
A student uploaded explicit images to a shared cloud folder accessible by other students.,Immoral and Indecent Acts,"Possessing, displaying, or distributing pornographic materials, including accessing pornographic sites inside the University.",1st Offense,"Category 2 (Formative Intervention: University Service, Counseling, Discipline Education Program, & Evaluation)"
A student received explicit material via email and distributed it among classmates.,Immoral and Indecent Acts,"Possessing, displaying, or distributing pornographic materials, including accessing pornographic sites inside the University.",1st Offense,"Category 2 (Formative Intervention: University Service, Counseling, Discipline Education Program, & Evaluation)"
A student downloaded inappropriate videos using the university's computer lab resources.,Immoral and Indecent Acts,"Possessing, displaying, or distributing pornographic materials, including accessing pornographic sites inside the University.",1st Offense,"Category 2 (Formative Intervention: University Service, Counseling, Discipline Education Program, & Evaluation)"
A student printed out explicit images and posted them on dorm room doors.,Immoral and Indecent Acts,"Possessing, displaying, or distributing pornographic materials, including accessing pornographic sites inside the University.",1st Offense,"Category 2 (Formative Intervention: University Service, Counseling, Discipline Education Program, & Evaluation)"
A student showed explicit videos to classmates during a campus lunch break.,Immoral and Indecent Acts,"Possessing, displaying, or distributing pornographic materials, including accessing pornographic sites inside the University.",1st Offense,"Category 2 (Formative Intervention: University Service, Counseling, Discipline Education Program, & Evaluation)"
A student was caught viewing explicit content on their phone during a campus workshop.,Immoral and Indecent Acts,"Possessing, displaying, or distributing pornographic materials, including accessing pornographic sites inside the University.",1st Offense,"Category 2 (Formative Intervention: University Service, Counseling, Discipline Education Program, & Evaluation)"
A student set an inappropriate video as their screensaver during a computer lab session.,Immoral and Indecent Acts,"Possessing, displaying, or distributing pornographic materials, including accessing pornographic sites inside the University.",1st Offense,"Category 2 (Formative Intervention: University Service, Counseling, Discipline Education Program, & Evaluation)"
A student’s presentation included inappropriate content from a pornographic site.,Immoral and Indecent Acts,"Possessing, displaying, or distributing pornographic materials, including accessing pornographic sites inside the University.",1st Offense,"Category 2 (Formative Intervention: University Service, Counseling, Discipline Education Program, & Evaluation)"
A student was caught watching pornography on a computer in the campus library.,Immoral and Indecent Acts,"Possessing, displaying, or distributing pornographic materials, including accessing pornographic sites inside the University.",1st Offense,"Category 2 (Formative Intervention: University Service, Counseling, Discipline Education Program, & Evaluation)"
A student uploaded inappropriate videos to a university-hosted social platform.,Immoral and Indecent Acts,"Possessing, displaying, or distributing pornographic materials, including accessing pornographic sites inside the University.",1st Offense,"Category 2 (Formative Intervention: University Service, Counseling, Discipline Education Program, & Evaluation)"
A student was viewing explicit content while connected to the campus Wi-Fi in the cafeteria.,Immoral and Indecent Acts,"Possessing, displaying, or distributing pornographic materials, including accessing pornographic sites inside the University.",1st Offense,"Category 2 (Formative Intervention: University Service, Counseling, Discipline Education Program, & Evaluation)"
A student brought explicit magazines to a university-hosted retreat.,Immoral and Indecent Acts,"Possessing, displaying, or distributing pornographic materials, including accessing pornographic sites inside the University.",1st Offense,"Category 2 (Formative Intervention: University Service, Counseling, Discipline Education Program, & Evaluation)"
A student used a classroom projector to show a pornographic website as a prank.,Immoral and Indecent Acts,"Possessing, displaying, or distributing pornographic materials, including accessing pornographic sites inside the University.",1st Offense,"Category 2 (Formative Intervention: University Service, Counseling, Discipline Education Program, & Evaluation)"
A student was distributing inappropriate videos using a university-provided group chat.,Immoral and Indecent Acts,"Possessing, displaying, or distributing pornographic materials, including accessing pornographic sites inside the University.",1st Offense,"Category 2 (Formative Intervention: University Service, Counseling, Discipline Education Program, & Evaluation)"
A student was caught watching pornographic material during an online lecture on campus.,Immoral and Indecent Acts,"Possessing, displaying, or distributing pornographic materials, including accessing pornographic sites inside the University.",1st Offense,"Category 2 (Formative Intervention: University Service, Counseling, Discipline Education Program, & Evaluation)"
A student was found distributing USB drives containing explicit materials to peers.,Immoral and Indecent Acts,"Possessing, displaying, or distributing pornographic materials, including accessing pornographic sites inside the University.",1st Offense,"Category 2 (Formative Intervention: University Service, Counseling, Discipline Education Program, & Evaluation)"
A student set their laptop wallpaper to a pornographic image during a group project.,Immoral and Indecent Acts,"Possessing, displaying, or distributing pornographic materials, including accessing pornographic sites inside the University.",1st Offense,"Category 2 (Formative Intervention: University Service, Counseling, Discipline Education Program, & Evaluation)"
A student shared links to inappropriate sites in a course forum.,Immoral and Indecent Acts,"Possessing, displaying, or distributing pornographic materials, including accessing pornographic sites inside the University.",1st Offense,"Category 2 (Formative Intervention: University Service, Counseling, Discipline Education Program, & Evaluation)"
A student used a university email to distribute lewd material to others in the department.,Immoral and Indecent Acts,"Possessing, displaying, or distributing pornographic materials, including accessing pornographic sites inside the University.",1st Offense,"Category 2 (Formative Intervention: University Service, Counseling, Discipline Education Program, & Evaluation)"
A group of students were sharing pornographic memes in a class group chat.,Immoral and Indecent Acts,"Possessing, displaying, or distributing pornographic materials, including accessing pornographic sites inside the University.",1st Offense,"Category 2 (Formative Intervention: University Service, Counseling, Discipline Education Program, & Evaluation)"
A group of students were caught sharing explicit videos during a study group in the student lounge.,Immoral and Indecent Acts,"Possessing, displaying, or distributing pornographic materials, including accessing pornographic sites inside the University.",1st Offense,"Category 2 (Formative Intervention: University Service, Counseling, Discipline Education Program, & Evaluation)"
A student was caught sharing inappropriate content through a university cloud storage account.,Immoral and Indecent Acts,"Possessing, displaying, or distributing pornographic materials, including accessing pornographic sites inside the University.",1st Offense,"Category 2 (Formative Intervention: University Service, Counseling, Discipline Education Program, & Evaluation)"
A student was found watching explicit content during a university workshop.,Immoral and Indecent Acts,"Possessing, displaying, or distributing pornographic materials, including accessing pornographic sites inside the University.",1st Offense,"Category 2 (Formative Intervention: University Service, Counseling, Discipline Education Program, & Evaluation)"
A student was seen viewing explicit images on a shared computer in the student lab.,Immoral and Indecent Acts,"Possessing, displaying, or distributing pornographic materials, including accessing pornographic sites inside the University.",1st Offense,"Category 2 (Formative Intervention: University Service, Counseling, Discipline Education Program, & Evaluation)"
A student was found with printed pornographic material in their locker.,Immoral and Indecent Acts,"Possessing, displaying, or distributing pornographic materials, including accessing pornographic sites inside the University.",1st Offense,"Category 2 (Formative Intervention: University Service, Counseling, Discipline Education Program, & Evaluation)"
A student was sharing links to inappropriate content in a university chatroom.,Immoral and Indecent Acts,"Possessing, displaying, or distributing pornographic materials, including accessing pornographic sites inside the University.",1st Offense,"Category 2 (Formative Intervention: University Service, Counseling, Discipline Education Program, & Evaluation)"
A group of students were caught watching explicit videos during a class break.,Immoral and Indecent Acts,"Possessing, displaying, or distributing pornographic materials, including accessing pornographic sites inside the University.",1st Offense,"Category 2 (Formative Intervention: University Service, Counseling, Discipline Education Program, & Evaluation)"
A student was viewing explicit content on their phone during a study session in the library.,Immoral and Indecent Acts,"Possessing, displaying, or distributing pornographic materials, including accessing pornographic sites inside the University.",1st Offense,"Category 2 (Formative Intervention: University Service, Counseling, Discipline Education Program, & Evaluation)"
A student was caught selling pornographic DVDs to other students.,Immoral and Indecent Acts,"Possessing, displaying, or distributing pornographic materials, including accessing pornographic sites inside the University.",1st Offense,"Category 2 (Formative Intervention: University Service, Counseling, Discipline Education Program, & Evaluation)"
A student was caught sharing explicit images during a dorm party.,Immoral and Indecent Acts,"Possessing, displaying, or distributing pornographic materials, including accessing pornographic sites inside the University.",1st Offense,"Category 2 (Formative Intervention: University Service, Counseling, Discipline Education Program, & Evaluation)"
A student posted pornographic content on a student-run campus social media page.,Immoral and Indecent Acts,"Possessing, displaying, or distributing pornographic materials, including accessing pornographic sites inside the University.",1st Offense,"Category 2 (Formative Intervention: University Service, Counseling, Discipline Education Program, & Evaluation)"
A student was caught using a university printer to print out inappropriate content.,Immoral and Indecent Acts,"Possessing, displaying, or distributing pornographic materials, including accessing pornographic sites inside the University.",1st Offense,"Category 2 (Formative Intervention: University Service, Counseling, Discipline Education Program, & Evaluation)"
A student was found distributing lewd posters in the student common area.,Immoral and Indecent Acts,"Possessing, displaying, or distributing pornographic materials, including accessing pornographic sites inside the University.",1st Offense,"Category 2 (Formative Intervention: University Service, Counseling, Discipline Education Program, & Evaluation)"
A student was found with a flash drive full of pornographic material in a campus lab.,Immoral and Indecent Acts,"Possessing, displaying, or distributing pornographic materials, including accessing pornographic sites inside the University.",1st Offense,"Category 2 (Formative Intervention: University Service, Counseling, Discipline Education Program, & Evaluation)"
A student was sharing inappropriate images in a group project file using university cloud storage.,Immoral and Indecent Acts,"Possessing, displaying, or distributing pornographic materials, including accessing pornographic sites inside the University.",2nd Offense,"Category 3 (Non-Readmission, denial of admission but is allowed to finish current term)"
A student was found with pornographic material on a flash drive during a computer science class.,Immoral and Indecent Acts,"Possessing, displaying, or distributing pornographic materials, including accessing pornographic sites inside the University.",2nd Offense,"Category 3 (Non-Readmission, denial of admission but is allowed to finish current term)"
A student was distributing explicit digital content using the university’s file-sharing system.,Immoral and Indecent Acts,"Possessing, displaying, or distributing pornographic materials, including accessing pornographic sites inside the University.",2nd Offense,"Category 3 (Non-Readmission, denial of admission but is allowed to finish current term)"
A student downloaded and distributed explicit content through a university file-sharing service.,Immoral and Indecent Acts,"Possessing, displaying, or distributing pornographic materials, including accessing pornographic sites inside the University.",2nd Offense,"Category 3 (Non-Readmission, denial of admission but is allowed to finish current term)"
A student was found with a pornographic screensaver on their university-issued laptop.,Immoral and Indecent Acts,"Possessing, displaying, or distributing pornographic materials, including accessing pornographic sites inside the University.",2nd Offense,"Category 3 (Non-Readmission, denial of admission but is allowed to finish current term)"
A student accessed a pornographic website using a campus Wi-Fi connection.,Immoral and Indecent Acts,"Possessing, displaying, or distributing pornographic materials, including accessing pornographic sites inside the University.",2nd Offense,"Category 3 (Non-Readmission, denial of admission but is allowed to finish current term)"
A student was reported for distributing lewd stickers in the university bookstore.,Immoral and Indecent Acts,"Possessing, displaying, or distributing pornographic materials, including accessing pornographic sites inside the University.",2nd Offense,"Category 3 (Non-Readmission, denial of admission but is allowed to finish current term)"
A student sent inappropriate images to a university-wide email distribution list.,Immoral and Indecent Acts,"Possessing, displaying, or distributing pornographic materials, including accessing pornographic sites inside the University.",2nd Offense,"Category 3 (Non-Readmission, denial of admission but is allowed to finish current term)"
A student was using a classroom projector to display explicit images.,Immoral and Indecent Acts,"Possessing, displaying, or distributing pornographic materials, including accessing pornographic sites inside the University.",2nd Offense,"Category 3 (Non-Readmission, denial of admission but is allowed to finish current term)"
A student was found displaying inappropriate images as part of a project presentation.,Immoral and Indecent Acts,"Possessing, displaying, or distributing pornographic materials, including accessing pornographic sites inside the University.",2nd Offense,"Category 3 (Non-Readmission, denial of admission but is allowed to finish current term)"
A student received a lewd video in a campus group chat and forwarded it to others.,Immoral and Indecent Acts,"Possessing, displaying, or distributing pornographic materials, including accessing pornographic sites inside the University.",2nd Offense,"Category 3 (Non-Readmission, denial of admission but is allowed to finish current term)"
A student was viewing explicit material on a shared campus computer in the library.,Immoral and Indecent Acts,"Possessing, displaying, or distributing pornographic materials, including accessing pornographic sites inside the University.",2nd Offense,"Category 3 (Non-Readmission, denial of admission but is allowed to finish current term)"
A student was accessing a pornographic site on a computer in the student resource center.,Immoral and Indecent Acts,"Possessing, displaying, or distributing pornographic materials, including accessing pornographic sites inside the University.",2nd Offense,"Category 3 (Non-Readmission, denial of admission but is allowed to finish current term)"
A student was found with explicit images saved on a university-provided device.,Immoral and Indecent Acts,"Possessing, displaying, or distributing pornographic materials, including accessing pornographic sites inside the University.",2nd Offense,"Category 3 (Non-Readmission, denial of admission but is allowed to finish current term)"
A student was seen printing pornographic material on a university printer.,Immoral and Indecent Acts,"Possessing, displaying, or distributing pornographic materials, including accessing pornographic sites inside the University.",2nd Offense,"Category 3 (Non-Readmission, denial of admission but is allowed to finish current term)"
A student was found streaming explicit content in a common area on campus.,Immoral and Indecent Acts,"Possessing, displaying, or distributing pornographic materials, including accessing pornographic sites inside the University.",2nd Offense,"Category 3 (Non-Readmission, denial of admission but is allowed to finish current term)"
A student was accessing a pornographic website during a computer science class.,Immoral and Indecent Acts,"Possessing, displaying, or distributing pornographic materials, including accessing pornographic sites inside the University.",2nd Offense,"Category 3 (Non-Readmission, denial of admission but is allowed to finish current term)"
A student was using a university tablet to access a pornographic site in class.,Immoral and Indecent Acts,"Possessing, displaying, or distributing pornographic materials, including accessing pornographic sites inside the University.",2nd Offense,"Category 3 (Non-Readmission, denial of admission but is allowed to finish current term)"
A student was distributing explicit images through a group chat with other students.,Immoral and Indecent Acts,"Possessing, displaying, or distributing pornographic materials, including accessing pornographic sites inside the University.",2nd Offense,"Category 3 (Non-Readmission, denial of admission but is allowed to finish current term)"
A student forced another student to kiss them during a dormitory party.,Immoral and Indecent Acts,Committing acts of lasciviousness.,1st Offense,"Category 3 (Non-Readmission, denial of admission but is allowed to finish current term)"
A student inappropriately grabbed a fellow student’s wrist while walking on campus.,Immoral and Indecent Acts,Committing acts of lasciviousness.,1st Offense,"Category 3 (Non-Readmission, denial of admission but is allowed to finish current term)"
A student made lewd remarks toward a professor during a lecture.,Immoral and Indecent Acts,Committing acts of lasciviousness.,1st Offense,"Category 3 (Non-Readmission, denial of admission but is allowed to finish current term)"
A student touched another student’s thigh inappropriately while sitting in a classroom.,Immoral and Indecent Acts,Committing acts of lasciviousness.,1st Offense,"Category 3 (Non-Readmission, denial of admission but is allowed to finish current term)"
A student grabbed a peer’s arm inappropriately during a campus event.,Immoral and Indecent Acts,Committing acts of lasciviousness.,1st Offense,"Category 3 (Non-Readmission, denial of admission but is allowed to finish current term)"
A student grabbed another student's waist without consent during a social event.,Immoral and Indecent Acts,Committing acts of lasciviousness.,1st Offense,"Category 3 (Non-Readmission, denial of admission but is allowed to finish current term)"
A student cornered a fellow student in a classroom and made lascivious comments.,Immoral and Indecent Acts,Committing acts of lasciviousness.,1st Offense,"Category 3 (Non-Readmission, denial of admission but is allowed to finish current term)"
A student brushed against another student in a sexually suggestive manner while walking to class.,Immoral and Indecent Acts,Committing acts of lasciviousness.,1st Offense,"Category 3 (Non-Readmission, denial of admission but is allowed to finish current term)"
A student made an obscene remark to a staff member during a campus tour.,Immoral and Indecent Acts,Committing acts of lasciviousness.,1st Offense,"Category 3 (Non-Readmission, denial of admission but is allowed to finish current term)"
A student made unsolicited sexual advances toward another student in a university hallway.,Immoral and Indecent Acts,Committing acts of lasciviousness.,1st Offense,"Category 3 (Non-Readmission, denial of admission but is allowed to finish current term)"
A student grabbed another student inappropriately while walking across campus.,Immoral and Indecent Acts,Committing acts of lasciviousness.,1st Offense,"Category 3 (Non-Readmission, denial of admission but is allowed to finish current term)"
A student made an inappropriate comment about a classmate’s appearance during a classroom debate.,Immoral and Indecent Acts,Committing acts of lasciviousness.,1st Offense,"Category 3 (Non-Readmission, denial of admission but is allowed to finish current term)"
A student was caught making inappropriate gestures towards another student in the hallway.,Immoral and Indecent Acts,Committing acts of lasciviousness.,1st Offense,"Category 3 (Non-Readmission, denial of admission but is allowed to finish current term)"
A student touched a classmate’s hand inappropriately during a science experiment.,Immoral and Indecent Acts,Committing acts of lasciviousness.,1st Offense,"Category 3 (Non-Readmission, denial of admission but is allowed to finish current term)"
A student made inappropriate gestures toward a classmate during a university seminar.,Immoral and Indecent Acts,Committing acts of lasciviousness.,1st Offense,"Category 3 (Non-Readmission, denial of admission but is allowed to finish current term)"
A student made suggestive comments about a professor during a university event.,Immoral and Indecent Acts,Committing acts of lasciviousness.,1st Offense,"Category 3 (Non-Readmission, denial of admission but is allowed to finish current term)"
A student touched a professor inappropriately during a campus event.,Immoral and Indecent Acts,Committing acts of lasciviousness.,1st Offense,"Category 3 (Non-Readmission, denial of admission but is allowed to finish current term)"
A student inappropriately grabbed another student’s waist while dancing at a campus event.,Immoral and Indecent Acts,Committing acts of lasciviousness.,1st Offense,"Category 3 (Non-Readmission, denial of admission but is allowed to finish current term)"
A student groped another student in a crowded hallway between classes.,Immoral and Indecent Acts,Committing acts of lasciviousness.,1st Offense,"Category 3 (Non-Readmission, denial of admission but is allowed to finish current term)"
A student made inappropriate advances toward a teaching assistant during a lab session.,Immoral and Indecent Acts,Committing acts of lasciviousness.,1st Offense,"Category 3 (Non-Readmission, denial of admission but is allowed to finish current term)"
A student was found making obscene comments about another student's appearance in class.,Immoral and Indecent Acts,Committing acts of lasciviousness.,1st Offense,"Category 3 (Non-Readmission, denial of admission but is allowed to finish current term)"
A student made a sexually suggestive joke to a classmate while passing notes in class.,Immoral and Indecent Acts,Committing acts of lasciviousness.,1st Offense,"Category 3 (Non-Readmission, denial of admission but is allowed to finish current term)"
A student inappropriately touched another student’s shoulder while sitting together in a library.,Immoral and Indecent Acts,Committing acts of lasciviousness.,1st Offense,"Category 3 (Non-Readmission, denial of admission but is allowed to finish current term)"
A student cornered a classmate and made unwanted sexual advances in the library.,Immoral and Indecent Acts,Committing acts of lasciviousness.,1st Offense,"Category 3 (Non-Readmission, denial of admission but is allowed to finish current term)"
A student made unwanted advances toward another student during a group presentation.,Immoral and Indecent Acts,Committing acts of lasciviousness.,1st Offense,"Category 3 (Non-Readmission, denial of admission but is allowed to finish current term)"
A student made sexually suggestive comments to a classmate during a lab.,Immoral and Indecent Acts,Committing acts of lasciviousness.,1st Offense,"Category 3 (Non-Readmission, denial of admission but is allowed to finish current term)"
A student was seen making sexually suggestive gestures to a peer in the library.,Immoral and Indecent Acts,Committing acts of lasciviousness.,1st Offense,"Category 3 (Non-Readmission, denial of admission but is allowed to finish current term)"
A student inappropriately touched a classmate while sitting in a lecture hall.,Immoral and Indecent Acts,Committing acts of lasciviousness.,1st Offense,"Category 3 (Non-Readmission, denial of admission but is allowed to finish current term)"
A student touched another student’s back inappropriately while waiting in line for an event.,Immoral and Indecent Acts,Committing acts of lasciviousness.,1st Offense,"Category 3 (Non-Readmission, denial of admission but is allowed to finish current term)"
A student made an inappropriate comment to a peer while waiting for a group presentation to begin.,Immoral and Indecent Acts,Committing acts of lasciviousness.,1st Offense,"Category 3 (Non-Readmission, denial of admission but is allowed to finish current term)"
A student made explicit and inappropriate jokes directed at a fellow classmate.,Immoral and Indecent Acts,Committing acts of lasciviousness.,1st Offense,"Category 3 (Non-Readmission, denial of admission but is allowed to finish current term)"
A student inappropriately touched another student during a group study session.,Immoral and Indecent Acts,Committing acts of lasciviousness.,1st Offense,"Category 3 (Non-Readmission, denial of admission but is allowed to finish current term)"
A student touched a classmate’s hand inappropriately in a shared lab activity.,Immoral and Indecent Acts,Committing acts of lasciviousness.,1st Offense,"Category 3 (Non-Readmission, denial of admission but is allowed to finish current term)"
A student made inappropriate sexual jokes during a university-organized team activity.,Immoral and Indecent Acts,Committing acts of lasciviousness.,1st Offense,"Category 3 (Non-Readmission, denial of admission but is allowed to finish current term)"
A student repeatedly stared at another student in a sexually suggestive way during class.,Immoral and Indecent Acts,Committing acts of lasciviousness.,1st Offense,"Category 3 (Non-Readmission, denial of admission but is allowed to finish current term)"
A student was found making explicit sexual advances during a university party.,Immoral and Indecent Acts,Committing acts of lasciviousness.,1st Offense,"Category 3 (Non-Readmission, denial of admission but is allowed to finish current term)"
A student attempted to kiss a classmate without consent during a group project meeting.,Immoral and Indecent Acts,Committing acts of lasciviousness.,1st Offense,"Category 3 (Non-Readmission, denial of admission but is allowed to finish current term)"
A student inappropriately touched a student’s leg during a bus ride to a university event.,Immoral and Indecent Acts,Committing acts of lasciviousness.,1st Offense,"Category 3 (Non-Readmission, denial of admission but is allowed to finish current term)"
A student sent sexually suggestive messages to a fellow student during a group project.,Immoral and Indecent Acts,Committing acts of lasciviousness.,2nd Offense,"Category 4 (Exclusion, dropping the name of the student immediately from the roll of students)"
A student made sexually explicit remarks to another student in an online class chat.,Immoral and Indecent Acts,Committing acts of lasciviousness.,2nd Offense,"Category 4 (Exclusion, dropping the name of the student immediately from the roll of students)"
A student sent sexually explicit images to a classmate via a university messaging system.,Immoral and Indecent Acts,Committing acts of lasciviousness.,2nd Offense,"Category 4 (Exclusion, dropping the name of the student immediately from the roll of students)"
A student made unsolicited sexual remarks to another student in a study session.,Immoral and Indecent Acts,Committing acts of lasciviousness.,2nd Offense,"Category 4 (Exclusion, dropping the name of the student immediately from the roll of students)"
A student sent explicit messages to another student during a university webinar.,Immoral and Indecent Acts,Committing acts of lasciviousness.,2nd Offense,"Category 4 (Exclusion, dropping the name of the student immediately from the roll of students)"
A student inappropriately touched another student during a study group.,Immoral and Indecent Acts,Committing acts of lasciviousness.,2nd Offense,"Category 4 (Exclusion, dropping the name of the student immediately from the roll of students)"
A student was caught making sexually explicit gestures during a university pep rally.,Immoral and Indecent Acts,Committing acts of lasciviousness.,2nd Offense,"Category 4 (Exclusion, dropping the name of the student immediately from the roll of students)"
A student touched another student's knee inappropriately during a university sports event.,Immoral and Indecent Acts,Committing acts of lasciviousness.,2nd Offense,"Category 4 (Exclusion, dropping the name of the student immediately from the roll of students)"
A student was overheard making lewd comments about a classmate's body in a lecture hall.,Immoral and Indecent Acts,Committing acts of lasciviousness.,2nd Offense,"Category 4 (Exclusion, dropping the name of the student immediately from the roll of students)"
A student made lewd comments during a university-sponsored dinner.,Immoral and Indecent Acts,Committing acts of lasciviousness.,2nd Offense,"Category 4 (Exclusion, dropping the name of the student immediately from the roll of students)"
A student made inappropriate comments about another student’s body during a sports event.,Immoral and Indecent Acts,Committing acts of lasciviousness.,2nd Offense,"Category 4 (Exclusion, dropping the name of the student immediately from the roll of students)"
A student made suggestive and explicit remarks during a group discussion in class.,Immoral and Indecent Acts,Committing acts of lasciviousness.,2nd Offense,"Category 4 (Exclusion, dropping the name of the student immediately from the roll of students)"
A student touched another student’s hair inappropriately while seated in class.,Immoral and Indecent Acts,Committing acts of lasciviousness.,2nd Offense,"Category 4 (Exclusion, dropping the name of the student immediately from the roll of students)"
A student inappropriately touched a professor during office hours.,Immoral and Indecent Acts,Committing acts of lasciviousness.,2nd Offense,"Category 4 (Exclusion, dropping the name of the student immediately from the roll of students)"
A student cornered a classmate in a stairwell and made unwanted advances.,Immoral and Indecent Acts,Committing acts of lasciviousness.,2nd Offense,"Category 4 (Exclusion, dropping the name of the student immediately from the roll of students)"
A student made lascivious remarks about a classmate’s outfit during a class break.,Immoral and Indecent Acts,Committing acts of lasciviousness.,2nd Offense,"Category 4 (Exclusion, dropping the name of the student immediately from the roll of students)"
A student touched another student inappropriately in the student lounge.,Immoral and Indecent Acts,Committing acts of lasciviousness.,2nd Offense,"Category 4 (Exclusion, dropping the name of the student immediately from the roll of students)"
A student made inappropriate comments about another student's clothing during a seminar.,Immoral and Indecent Acts,Committing acts of lasciviousness.,2nd Offense,"Category 4 (Exclusion, dropping the name of the student immediately from the roll of students)"
A student was caught making lewd comments to a peer while waiting in line for food.,Immoral and Indecent Acts,Committing acts of lasciviousness.,2nd Offense,"Category 4 (Exclusion, dropping the name of the student immediately from the roll of students)"
A student makes sexual remarks toward another student in the campus gym.,Immoral and Indecent Acts,Making sexual advances in words or deeds to another student or to any member of the community.,1st Offense,"Category 3 (Non-Readmission, denial of admission but is allowed to finish current term)"
"A student makes sexually explicit jokes in a study group, making others uncomfortable.",Immoral and Indecent Acts,Making sexual advances in words or deeds to another student or to any member of the community.,1st Offense,"Category 3 (Non-Readmission, denial of admission but is allowed to finish current term)"
A student loudly comments on a staff member’s body in a sexual way while in a campus cafeteria.,Immoral and Indecent Acts,Making sexual advances in words or deeds to another student or to any member of the community.,1st Offense,"Category 3 (Non-Readmission, denial of admission but is allowed to finish current term)"
A student makes persistent sexual remarks to a student working at a campus coffee shop.,Immoral and Indecent Acts,Making sexual advances in words or deeds to another student or to any member of the community.,1st Offense,"Category 3 (Non-Readmission, denial of admission but is allowed to finish current term)"
A student whispers sexual innuendos to a fellow student in the library.,Immoral and Indecent Acts,Making sexual advances in words or deeds to another student or to any member of the community.,1st Offense,"Category 3 (Non-Readmission, denial of admission but is allowed to finish current term)"
A student makes sexual advances toward another student while studying in a group room.,Immoral and Indecent Acts,Making sexual advances in words or deeds to another student or to any member of the community.,1st Offense,"Category 3 (Non-Readmission, denial of admission but is allowed to finish current term)"
A student follows a professor to their office and makes sexually suggestive comments.,Immoral and Indecent Acts,Making sexual advances in words or deeds to another student or to any member of the community.,1st Offense,"Category 3 (Non-Readmission, denial of admission but is allowed to finish current term)"
A student persistently asks a classmate to meet for drinks and mentions sexual intentions.,Immoral and Indecent Acts,Making sexual advances in words or deeds to another student or to any member of the community.,1st Offense,"Category 3 (Non-Readmission, denial of admission but is allowed to finish current term)"
A student repeatedly makes sexual gestures toward a staff member in the cafeteria.,Immoral and Indecent Acts,Making sexual advances in words or deeds to another student or to any member of the community.,1st Offense,"Category 3 (Non-Readmission, denial of admission but is allowed to finish current term)"
A student touches a classmate in a suggestive manner without consent while working on a group project.,Immoral and Indecent Acts,Making sexual advances in words or deeds to another student or to any member of the community.,1st Offense,"Category 3 (Non-Readmission, denial of admission but is allowed to finish current term)"
A student repeatedly asks a professor for a date despite their refusal.,Immoral and Indecent Acts,Making sexual advances in words or deeds to another student or to any member of the community.,1st Offense,"Category 3 (Non-Readmission, denial of admission but is allowed to finish current term)"
A student makes lewd hand gestures toward another student during a campus event.,Immoral and Indecent Acts,Making sexual advances in words or deeds to another student or to any member of the community.,1st Offense,"Category 3 (Non-Readmission, denial of admission but is allowed to finish current term)"
A student sends sexually explicit messages to another student during a group project meeting.,Immoral and Indecent Acts,Making sexual advances in words or deeds to another student or to any member of the community.,1st Offense,"Category 3 (Non-Readmission, denial of admission but is allowed to finish current term)"
A student engages in inappropriate and unsolicited sexual conversation with a lab partner.,Immoral and Indecent Acts,Making sexual advances in words or deeds to another student or to any member of the community.,1st Offense,"Category 3 (Non-Readmission, denial of admission but is allowed to finish current term)"
A student tries to touch another student in a sexual manner during a dorm party.,Immoral and Indecent Acts,Making sexual advances in words or deeds to another student or to any member of the community.,1st Offense,"Category 3 (Non-Readmission, denial of admission but is allowed to finish current term)"
"A student follows a classmate around campus, making repeated sexual advances.",Immoral and Indecent Acts,Making sexual advances in words or deeds to another student or to any member of the community.,1st Offense,"Category 3 (Non-Readmission, denial of admission but is allowed to finish current term)"
A student makes lewd comments about a professor's appearance during office hours.,Immoral and Indecent Acts,Making sexual advances in words or deeds to another student or to any member of the community.,1st Offense,"Category 3 (Non-Readmission, denial of admission but is allowed to finish current term)"
A student leaves sexually inappropriate notes in a classmate's locker.,Immoral and Indecent Acts,Making sexual advances in words or deeds to another student or to any member of the community.,1st Offense,"Category 3 (Non-Readmission, denial of admission but is allowed to finish current term)"
A student sends sexually explicit texts to a classmate during a class presentation.,Immoral and Indecent Acts,Making sexual advances in words or deeds to another student or to any member of the community.,1st Offense,"Category 3 (Non-Readmission, denial of admission but is allowed to finish current term)"
A student sends inappropriate sexual messages to a campus tour guide after the tour.,Immoral and Indecent Acts,Making sexual advances in words or deeds to another student or to any member of the community.,1st Offense,"Category 3 (Non-Readmission, denial of admission but is allowed to finish current term)"
A student whispers sexually suggestive comments to another student during an exam.,Immoral and Indecent Acts,Making sexual advances in words or deeds to another student or to any member of the community.,1st Offense,"Category 3 (Non-Readmission, denial of admission but is allowed to finish current term)"
A student whispers inappropriate sexual suggestions to a classmate during a university meeting.,Immoral and Indecent Acts,Making sexual advances in words or deeds to another student or to any member of the community.,1st Offense,"Category 3 (Non-Readmission, denial of admission but is allowed to finish current term)"
A student inappropriately touches a faculty member during a campus event.,Immoral and Indecent Acts,Making sexual advances in words or deeds to another student or to any member of the community.,1st Offense,"Category 3 (Non-Readmission, denial of admission but is allowed to finish current term)"
A student makes suggestive comments about another student’s clothing in a sexual manner.,Immoral and Indecent Acts,Making sexual advances in words or deeds to another student or to any member of the community.,1st Offense,"Category 3 (Non-Readmission, denial of admission but is allowed to finish current term)"
A student persistently stares at a classmate in a way that makes them feel uncomfortable in a lecture hall.,Immoral and Indecent Acts,Making sexual advances in words or deeds to another student or to any member of the community.,1st Offense,"Category 3 (Non-Readmission, denial of admission but is allowed to finish current term)"
A student shares sexually explicit content with another student without their permission.,Immoral and Indecent Acts,Making sexual advances in words or deeds to another student or to any member of the community.,1st Offense,"Category 3 (Non-Readmission, denial of admission but is allowed to finish current term)"
A student corners another in the library and makes sexually suggestive comments.,Immoral and Indecent Acts,Making sexual advances in words or deeds to another student or to any member of the community.,1st Offense,"Category 3 (Non-Readmission, denial of admission but is allowed to finish current term)"
A student sends inappropriate and unsolicited sexual messages to a classmate through a social media platform.,Immoral and Indecent Acts,Making sexual advances in words or deeds to another student or to any member of the community.,1st Offense,"Category 3 (Non-Readmission, denial of admission but is allowed to finish current term)"
A student propositions a staff member with inappropriate sexual requests.,Immoral and Indecent Acts,Making sexual advances in words or deeds to another student or to any member of the community.,1st Offense,"Category 3 (Non-Readmission, denial of admission but is allowed to finish current term)"
A student makes unwanted flirtatious remarks towards a teaching assistant after class.,Immoral and Indecent Acts,Making sexual advances in words or deeds to another student or to any member of the community.,1st Offense,"Category 3 (Non-Readmission, denial of admission but is allowed to finish current term)"
A student makes unwelcome sexual advances toward a campus security officer.,Immoral and Indecent Acts,Making sexual advances in words or deeds to another student or to any member of the community.,1st Offense,"Category 3 (Non-Readmission, denial of admission but is allowed to finish current term)"
A student engages in sexual innuendos while interacting with a faculty member during office hours.,Immoral and Indecent Acts,Making sexual advances in words or deeds to another student or to any member of the community.,1st Offense,"Category 3 (Non-Readmission, denial of admission but is allowed to finish current term)"
A student stares at another student in a sexual way during an extracurricular activity.,Immoral and Indecent Acts,Making sexual advances in words or deeds to another student or to any member of the community.,1st Offense,"Category 3 (Non-Readmission, denial of admission but is allowed to finish current term)"
A student touches a classmate’s lower back inappropriately during a campus tour.,Immoral and Indecent Acts,Making sexual advances in words or deeds to another student or to any member of the community.,1st Offense,"Category 3 (Non-Readmission, denial of admission but is allowed to finish current term)"
A student makes inappropriate sexual remarks about another student’s body during a sports practice.,Immoral and Indecent Acts,Making sexual advances in words or deeds to another student or to any member of the community.,1st Offense,"Category 3 (Non-Readmission, denial of admission but is allowed to finish current term)"
A student verbally harasses a classmate with sexual innuendos during a group discussion.,Immoral and Indecent Acts,Making sexual advances in words or deeds to another student or to any member of the community.,1st Offense,"Category 3 (Non-Readmission, denial of admission but is allowed to finish current term)"
A student propositions another for sexual favors in exchange for help on an assignment.,Immoral and Indecent Acts,Making sexual advances in words or deeds to another student or to any member of the community.,1st Offense,"Category 3 (Non-Readmission, denial of admission but is allowed to finish current term)"
A student sends a series of inappropriate messages with sexual content to a peer’s university email.,Immoral and Indecent Acts,Making sexual advances in words or deeds to another student or to any member of the community.,1st Offense,"Category 3 (Non-Readmission, denial of admission but is allowed to finish current term)"
A student gropes another student during a crowded event on campus.,Immoral and Indecent Acts,Making sexual advances in words or deeds to another student or to any member of the community.,1st Offense,"Category 3 (Non-Readmission, denial of admission but is allowed to finish current term)"
A student spreads rumors of a sexual nature about a classmate in a group chat.,Immoral and Indecent Acts,Making sexual advances in words or deeds to another student or to any member of the community.,1st Offense,"Category 3 (Non-Readmission, denial of admission but is allowed to finish current term)"
A student catcalls another student walking past their dormitory.,Immoral and Indecent Acts,Making sexual advances in words or deeds to another student or to any member of the community.,1st Offense,"Category 3 (Non-Readmission, denial of admission but is allowed to finish current term)"
A student makes offensive sexual comments about another student’s appearance during a class discussion.,Immoral and Indecent Acts,Making sexual advances in words or deeds to another student or to any member of the community.,1st Offense,"Category 3 (Non-Readmission, denial of admission but is allowed to finish current term)"
A student repeatedly asks another student out on a date despite being declined multiple times.,Immoral and Indecent Acts,Making sexual advances in words or deeds to another student or to any member of the community.,1st Offense,"Category 3 (Non-Readmission, denial of admission but is allowed to finish current term)"
A student tells sexually inappropriate stories to a peer during a campus event.,Immoral and Indecent Acts,Making sexual advances in words or deeds to another student or to any member of the community.,1st Offense,"Category 3 (Non-Readmission, denial of admission but is allowed to finish current term)"
A student makes inappropriate sexual comments to a fellow student during a field trip.,Immoral and Indecent Acts,Making sexual advances in words or deeds to another student or to any member of the community.,1st Offense,"Category 3 (Non-Readmission, denial of admission but is allowed to finish current term)"
A student attempts to bribe another student with money in exchange for sexual favors.,Immoral and Indecent Acts,Making sexual advances in words or deeds to another student or to any member of the community.,1st Offense,"Category 3 (Non-Readmission, denial of admission but is allowed to finish current term)"
A student repeatedly stares at a professor and makes sexually suggestive remarks in class.,Immoral and Indecent Acts,Making sexual advances in words or deeds to another student or to any member of the community.,1st Offense,"Category 3 (Non-Readmission, denial of admission but is allowed to finish current term)"
A student sends a sexually suggestive voicemail to a fellow student.,Immoral and Indecent Acts,Making sexual advances in words or deeds to another student or to any member of the community.,1st Offense,"Category 3 (Non-Readmission, denial of admission but is allowed to finish current term)"
A student tries to kiss another student during a study session without consent.,Immoral and Indecent Acts,Making sexual advances in words or deeds to another student or to any member of the community.,1st Offense,"Category 3 (Non-Readmission, denial of admission but is allowed to finish current term)"
A student repeatedly sends inappropriate memes with sexual undertones to a group chat including classmates.,Immoral and Indecent Acts,Making sexual advances in words or deeds to another student or to any member of the community.,1st Offense,"Category 3 (Non-Readmission, denial of admission but is allowed to finish current term)"
A student tries to kiss a professor without consent after a class session.,Immoral and Indecent Acts,Making sexual advances in words or deeds to another student or to any member of the community.,1st Offense,"Category 3 (Non-Readmission, denial of admission but is allowed to finish current term)"
A student touches another student’s leg under the table in a way that makes them uncomfortable.,Immoral and Indecent Acts,Making sexual advances in words or deeds to another student or to any member of the community.,1st Offense,"Category 3 (Non-Readmission, denial of admission but is allowed to finish current term)"
A student engages in sexually explicit conversation with a peer during a study session without consent.,Immoral and Indecent Acts,Making sexual advances in words or deeds to another student or to any member of the community.,1st Offense,"Category 3 (Non-Readmission, denial of admission but is allowed to finish current term)"
A student repeatedly touches a professor's arm during a campus advising session.,Immoral and Indecent Acts,Making sexual advances in words or deeds to another student or to any member of the community.,1st Offense,"Category 3 (Non-Readmission, denial of admission but is allowed to finish current term)"
A student posts inappropriate sexual comments about a peer on a campus forum.,Immoral and Indecent Acts,Making sexual advances in words or deeds to another student or to any member of the community.,1st Offense,"Category 3 (Non-Readmission, denial of admission but is allowed to finish current term)"
A student makes sexual advances toward a lab assistant during a campus workshop.,Immoral and Indecent Acts,Making sexual advances in words or deeds to another student or to any member of the community.,1st Offense,"Category 3 (Non-Readmission, denial of admission but is allowed to finish current term)"
A student sends explicit photos to another student without their consent.,Immoral and Indecent Acts,Making sexual advances in words or deeds to another student or to any member of the community.,1st Offense,"Category 3 (Non-Readmission, denial of admission but is allowed to finish current term)"
A couple shares a passionate kiss while standing in the middle of a student club meeting.,Immoral and Indecent Acts,"Public display of attention such as hugging, kissing and other overt sexual behavior.",1st Offense,Category 1 (Probation for 3 academic terms and referral for counseling)
A couple shares an intimate kiss while sitting on a table in the student lounge.,Immoral and Indecent Acts,"Public display of attention such as hugging, kissing and other overt sexual behavior.",1st Offense,Category 1 (Probation for 3 academic terms and referral for counseling)
Two students are seen holding each other and kissing while waiting for an elevator.,Immoral and Indecent Acts,"Public display of attention such as hugging, kissing and other overt sexual behavior.",1st Offense,Category 1 (Probation for 3 academic terms and referral for counseling)
"A couple makes out while sitting on a bench near a university monument, attracting attention.",Immoral and Indecent Acts,"Public display of attention such as hugging, kissing and other overt sexual behavior.",1st Offense,Category 1 (Probation for 3 academic terms and referral for counseling)
A couple is making out on a campus bench during lunchtime.,Immoral and Indecent Acts,"Public display of attention such as hugging, kissing and other overt sexual behavior.",1st Offense,Category 1 (Probation for 3 academic terms and referral for counseling)
"A couple shares a long kiss while standing in the entrance to the library, blocking others.",Immoral and Indecent Acts,"Public display of attention such as hugging, kissing and other overt sexual behavior.",1st Offense,Category 1 (Probation for 3 academic terms and referral for counseling)
A couple is kissing on a bench right outside the campus bookstore.,Immoral and Indecent Acts,"Public display of attention such as hugging, kissing and other overt sexual behavior.",1st Offense,Category 1 (Probation for 3 academic terms and referral for counseling)
A couple is observed kissing in the middle of a crowded hallway between classes.,Immoral and Indecent Acts,"Public display of attention such as hugging, kissing and other overt sexual behavior.",1st Offense,Category 1 (Probation for 3 academic terms and referral for counseling)
Two students are embracing and kissing at a campus bus stop.,Immoral and Indecent Acts,"Public display of attention such as hugging, kissing and other overt sexual behavior.",1st Offense,Category 1 (Probation for 3 academic terms and referral for counseling)
Two students engage in intimate hugging and kissing in front of a campus event stage.,Immoral and Indecent Acts,"Public display of attention such as hugging, kissing and other overt sexual behavior.",1st Offense,Category 1 (Probation for 3 academic terms and referral for counseling)
A couple shares an intimate hug and kiss while standing in the hallway between classrooms.,Immoral and Indecent Acts,"Public display of attention such as hugging, kissing and other overt sexual behavior.",1st Offense,Category 1 (Probation for 3 academic terms and referral for counseling)
Two students are seen hugging and kissing in front of the cafeteria line.,Immoral and Indecent Acts,"Public display of attention such as hugging, kissing and other overt sexual behavior.",1st Offense,Category 1 (Probation for 3 academic terms and referral for counseling)
A couple hugs and kisses each other during a university workshop.,Immoral and Indecent Acts,"Public display of attention such as hugging, kissing and other overt sexual behavior.",1st Offense,Category 1 (Probation for 3 academic terms and referral for counseling)
Two students engage in a long kiss in front of the student union building.,Immoral and Indecent Acts,"Public display of attention such as hugging, kissing and other overt sexual behavior.",1st Offense,Category 1 (Probation for 3 academic terms and referral for counseling)
"A couple is observed having an intimate moment, including kissing, in a campus lounge.",Immoral and Indecent Acts,"Public display of attention such as hugging, kissing and other overt sexual behavior.",1st Offense,Category 1 (Probation for 3 academic terms and referral for counseling)
Two students engage in a long kiss in front of a group of students waiting for a lecture to start.,Immoral and Indecent Acts,"Public display of attention such as hugging, kissing and other overt sexual behavior.",1st Offense,Category 1 (Probation for 3 academic terms and referral for counseling)
A couple is seen kissing and holding hands while sitting on the steps outside the gym.,Immoral and Indecent Acts,"Public display of attention such as hugging, kissing and other overt sexual behavior.",1st Offense,Category 1 (Probation for 3 academic terms and referral for counseling)
Two students engage in an extended public hug and kiss outside a classroom after a lecture.,Immoral and Indecent Acts,"Public display of attention such as hugging, kissing and other overt sexual behavior.",1st Offense,Category 1 (Probation for 3 academic terms and referral for counseling)
Two students are lying together and kissing on the campus lawn during a break.,Immoral and Indecent Acts,"Public display of attention such as hugging, kissing and other overt sexual behavior.",1st Offense,Category 1 (Probation for 3 academic terms and referral for counseling)
A couple hugs and kisses each other on the stairs leading up to a lecture hall.,Immoral and Indecent Acts,"Public display of attention such as hugging, kissing and other overt sexual behavior.",1st Offense,Category 1 (Probation for 3 academic terms and referral for counseling)
Two students are seen engaging in an intimate kiss during a study group session.,Immoral and Indecent Acts,"Public display of attention such as hugging, kissing and other overt sexual behavior.",1st Offense,Category 1 (Probation for 3 academic terms and referral for counseling)
"Two students sit on a bench near the campus library, kissing and cuddling.",Immoral and Indecent Acts,"Public display of attention such as hugging, kissing and other overt sexual behavior.",1st Offense,Category 1 (Probation for 3 academic terms and referral for counseling)
Two students are engaging in a passionate kiss in a common study area.,Immoral and Indecent Acts,"Public display of attention such as hugging, kissing and other overt sexual behavior.",1st Offense,Category 1 (Probation for 3 academic terms and referral for counseling)
A couple shares a long embrace and kiss during a campus event in front of many people.,Immoral and Indecent Acts,"Public display of attention such as hugging, kissing and other overt sexual behavior.",1st Offense,Category 1 (Probation for 3 academic terms and referral for counseling)
Two students are passionately kissing at the top of the stairs in the campus sports complex.,Immoral and Indecent Acts,"Public display of attention such as hugging, kissing and other overt sexual behavior.",1st Offense,Category 1 (Probation for 3 academic terms and referral for counseling)
A pair of students are seen sitting on each other's laps and kissing in a lecture hall before class.,Immoral and Indecent Acts,"Public display of attention such as hugging, kissing and other overt sexual behavior.",1st Offense,Category 1 (Probation for 3 academic terms and referral for counseling)
Two students engage in public kissing in front of the university sports facility.,Immoral and Indecent Acts,"Public display of attention such as hugging, kissing and other overt sexual behavior.",1st Offense,Category 1 (Probation for 3 academic terms and referral for counseling)
"Two students sit together in a hallway and kiss, oblivious to passersby.",Immoral and Indecent Acts,"Public display of attention such as hugging, kissing and other overt sexual behavior.",1st Offense,Category 1 (Probation for 3 academic terms and referral for counseling)
A couple is observed kissing and holding each other in a crowded elevator on campus.,Immoral and Indecent Acts,"Public display of attention such as hugging, kissing and other overt sexual behavior.",1st Offense,Category 1 (Probation for 3 academic terms and referral for counseling)
A couple embraces and kisses in front of a campus computer lab.,Immoral and Indecent Acts,"Public display of attention such as hugging, kissing and other overt sexual behavior.",1st Offense,Category 1 (Probation for 3 academic terms and referral for counseling)
Two students are passionately kissing in the hallway outside a classroom.,Immoral and Indecent Acts,"Public display of attention such as hugging, kissing and other overt sexual behavior.",1st Offense,Category 1 (Probation for 3 academic terms and referral for counseling)
A couple engages in intimate hugging and kissing in the middle of the campus quad.,Immoral and Indecent Acts,"Public display of attention such as hugging, kissing and other overt sexual behavior.",1st Offense,Category 1 (Probation for 3 academic terms and referral for counseling)
"Two students are seen lying on the grass outside a lecture hall, kissing and hugging.",Immoral and Indecent Acts,"Public display of attention such as hugging, kissing and other overt sexual behavior.",1st Offense,Category 1 (Probation for 3 academic terms and referral for counseling)
Two students are kissing passionately under a tree on campus grounds.,Immoral and Indecent Acts,"Public display of attention such as hugging, kissing and other overt sexual behavior.",1st Offense,Category 1 (Probation for 3 academic terms and referral for counseling)
"A couple engages in a long, passionate kiss outside the student health center, drawing attention.",Immoral and Indecent Acts,"Public display of attention such as hugging, kissing and other overt sexual behavior.",1st Offense,Category 1 (Probation for 3 academic terms and referral for counseling)
"Two students kiss passionately at the entrance of a crowded dormitory, making it difficult for others to pass.",Immoral and Indecent Acts,"Public display of attention such as hugging, kissing and other overt sexual behavior.",1st Offense,Category 1 (Probation for 3 academic terms and referral for counseling)
Two students engage in public kissing in the middle of the university library’s common area.,Immoral and Indecent Acts,"Public display of attention such as hugging, kissing and other overt sexual behavior.",1st Offense,Category 1 (Probation for 3 academic terms and referral for counseling)
"Two students are sitting together on a couch in the common area, kissing and cuddling.",Immoral and Indecent Acts,"Public display of attention such as hugging, kissing and other overt sexual behavior.",1st Offense,Category 1 (Probation for 3 academic terms and referral for counseling)
"A couple kisses on a stairwell leading up to a lecture hall, blocking the way.",Immoral and Indecent Acts,"Public display of attention such as hugging, kissing and other overt sexual behavior.",2nd Offense,"Category 2 (Formative Intervention: University Service, Counseling, Discipline Education Program, & Evaluation)"
A couple is observed embracing and kissing in the entrance to a student meeting room.,Immoral and Indecent Acts,"Public display of attention such as hugging, kissing and other overt sexual behavior.",2nd Offense,"Category 2 (Formative Intervention: University Service, Counseling, Discipline Education Program, & Evaluation)"
A couple is seen holding hands and kissing while walking through the university corridors.,Immoral and Indecent Acts,"Public display of attention such as hugging, kissing and other overt sexual behavior.",2nd Offense,"Category 2 (Formative Intervention: University Service, Counseling, Discipline Education Program, & Evaluation)"
Two students are making out in front of the entrance to the student center.,Immoral and Indecent Acts,"Public display of attention such as hugging, kissing and other overt sexual behavior.",2nd Offense,"Category 2 (Formative Intervention: University Service, Counseling, Discipline Education Program, & Evaluation)"
Two students are lying on the campus lawn and kissing during a university fair.,Immoral and Indecent Acts,"Public display of attention such as hugging, kissing and other overt sexual behavior.",2nd Offense,"Category 2 (Formative Intervention: University Service, Counseling, Discipline Education Program, & Evaluation)"
Two students share an intimate hug and kiss during a group project meeting.,Immoral and Indecent Acts,"Public display of attention such as hugging, kissing and other overt sexual behavior.",2nd Offense,"Category 2 (Formative Intervention: University Service, Counseling, Discipline Education Program, & Evaluation)"
A couple kisses and holds each other closely while waiting in line for coffee on campus.,Immoral and Indecent Acts,"Public display of attention such as hugging, kissing and other overt sexual behavior.",2nd Offense,"Category 2 (Formative Intervention: University Service, Counseling, Discipline Education Program, & Evaluation)"
Two students engage in a long public kiss in a crowded dorm hallway.,Immoral and Indecent Acts,"Public display of attention such as hugging, kissing and other overt sexual behavior.",2nd Offense,"Category 2 (Formative Intervention: University Service, Counseling, Discipline Education Program, & Evaluation)"
Two students are seen kissing passionately in the library during study hours.,Immoral and Indecent Acts,"Public display of attention such as hugging, kissing and other overt sexual behavior.",2nd Offense,"Category 2 (Formative Intervention: University Service, Counseling, Discipline Education Program, & Evaluation)"
A couple hugs and kisses for an extended period in front of a library's quiet study area.,Immoral and Indecent Acts,"Public display of attention such as hugging, kissing and other overt sexual behavior.",2nd Offense,"Category 2 (Formative Intervention: University Service, Counseling, Discipline Education Program, & Evaluation)"
"A couple is making out in a study lounge, disrupting other students.",Immoral and Indecent Acts,"Public display of attention such as hugging, kissing and other overt sexual behavior.",2nd Offense,"Category 2 (Formative Intervention: University Service, Counseling, Discipline Education Program, & Evaluation)"
A student sits on their partner’s lap and kisses them in a crowded dining hall.,Immoral and Indecent Acts,"Public display of attention such as hugging, kissing and other overt sexual behavior.",2nd Offense,"Category 2 (Formative Intervention: University Service, Counseling, Discipline Education Program, & Evaluation)"
Two students engage in intimate hugging and kissing at the main entrance of the cafeteria.,Immoral and Indecent Acts,"Public display of attention such as hugging, kissing and other overt sexual behavior.",2nd Offense,"Category 2 (Formative Intervention: University Service, Counseling, Discipline Education Program, & Evaluation)"
"A couple kisses in front of a professor’s office, delaying others from entering.",Immoral and Indecent Acts,"Public display of attention such as hugging, kissing and other overt sexual behavior.",2nd Offense,"Category 2 (Formative Intervention: University Service, Counseling, Discipline Education Program, & Evaluation)"
Two students are seen hugging and kissing outside of a campus bathroom.,Immoral and Indecent Acts,"Public display of attention such as hugging, kissing and other overt sexual behavior.",2nd Offense,"Category 2 (Formative Intervention: University Service, Counseling, Discipline Education Program, & Evaluation)"
A couple is seen kissing in the hallway outside the library's quiet study zone.,Immoral and Indecent Acts,"Public display of attention such as hugging, kissing and other overt sexual behavior.",2nd Offense,"Category 2 (Formative Intervention: University Service, Counseling, Discipline Education Program, & Evaluation)"
A couple is seen embracing and kissing under a campus sign in a crowded walkway.,Immoral and Indecent Acts,"Public display of attention such as hugging, kissing and other overt sexual behavior.",2nd Offense,"Category 2 (Formative Intervention: University Service, Counseling, Discipline Education Program, & Evaluation)"
Two students are holding each other and kissing in front of the campus ATM machine.,Immoral and Indecent Acts,"Public display of attention such as hugging, kissing and other overt sexual behavior.",2nd Offense,"Category 2 (Formative Intervention: University Service, Counseling, Discipline Education Program, & Evaluation)"
A couple is seen making out in a student club’s booth during a campus fair.,Immoral and Indecent Acts,"Public display of attention such as hugging, kissing and other overt sexual behavior.",2nd Offense,"Category 2 (Formative Intervention: University Service, Counseling, Discipline Education Program, & Evaluation)"
A couple is seen making out during their performance in NU Got Talent.,Immoral and Indecent Acts,"Public display of attention such as hugging, kissing and other overt sexual behavior.",2nd Offense,"Category 2 (Formative Intervention: University Service, Counseling, Discipline Education Program, & Evaluation)"
"A student modifies the lab computer settings, disrupting the system configuration.",Violations of Information Technology Policies,Violation of computer laboratory policies and guidelines as stipulated in Section X.F.,1st Offense,"Category 2 (Formative Intervention: University Service, Counseling, Discipline Education Program, & Evaluation)"
A student violates the lab’s noise policy by playing loud music through computer speakers.,Violations of Information Technology Policies,Violation of computer laboratory policies and guidelines as stipulated in Section X.F.,1st Offense,"Category 2 (Formative Intervention: University Service, Counseling, Discipline Education Program, & Evaluation)"
A student accesses restricted software on a lab computer without the necessary permissions.,Violations of Information Technology Policies,Violation of computer laboratory policies and guidelines as stipulated in Section X.F.,1st Offense,"Category 2 (Formative Intervention: University Service, Counseling, Discipline Education Program, & Evaluation)"
"A student disables antivirus software on lab computers, making them vulnerable to malware.",Violations of Information Technology Policies,Violation of computer laboratory policies and guidelines as stipulated in Section X.F.,1st Offense,"Category 2 (Formative Intervention: University Service, Counseling, Discipline Education Program, & Evaluation)"
A student turns off another student’s computer in the lab to take over the station.,Violations of Information Technology Policies,Violation of computer laboratory policies and guidelines as stipulated in Section X.F.,1st Offense,"Category 2 (Formative Intervention: University Service, Counseling, Discipline Education Program, & Evaluation)"
A student takes lab equipment such as mice and keyboards home without permission.,Violations of Information Technology Policies,Violation of computer laboratory policies and guidelines as stipulated in Section X.F.,1st Offense,"Category 2 (Formative Intervention: University Service, Counseling, Discipline Education Program, & Evaluation)"
A student continuously ignores lab staff warnings about inappropriate computer usage.,Violations of Information Technology Policies,Violation of computer laboratory policies and guidelines as stipulated in Section X.F.,1st Offense,"Category 2 (Formative Intervention: University Service, Counseling, Discipline Education Program, & Evaluation)"
A student bypasses the lab's time limit restriction by using multiple computers at once.,Violations of Information Technology Policies,Violation of computer laboratory policies and guidelines as stipulated in Section X.F.,1st Offense,"Category 2 (Formative Intervention: University Service, Counseling, Discipline Education Program, & Evaluation)"
A student physically damages a lab monitor by forcefully removing it from its stand.,Violations of Information Technology Policies,Violation of computer laboratory policies and guidelines as stipulated in Section X.F.,1st Offense,"Category 2 (Formative Intervention: University Service, Counseling, Discipline Education Program, & Evaluation)"
A student disconnects other users from the network by altering lab computer settings.,Violations of Information Technology Policies,Violation of computer laboratory policies and guidelines as stipulated in Section X.F.,1st Offense,"Category 2 (Formative Intervention: University Service, Counseling, Discipline Education Program, & Evaluation)"
A student uses lab computers to host an unauthorized server for personal use.,Violations of Information Technology Policies,Violation of computer laboratory policies and guidelines as stipulated in Section X.F.,1st Offense,"Category 2 (Formative Intervention: University Service, Counseling, Discipline Education Program, & Evaluation)"
A student accesses lab computers without swiping their ID card as required.,Violations of Information Technology Policies,Violation of computer laboratory policies and guidelines as stipulated in Section X.F.,1st Offense,"Category 2 (Formative Intervention: University Service, Counseling, Discipline Education Program, & Evaluation)"
A student installs unauthorized browser extensions on lab computers.,Violations of Information Technology Policies,Violation of computer laboratory policies and guidelines as stipulated in Section X.F.,1st Offense,"Category 2 (Formative Intervention: University Service, Counseling, Discipline Education Program, & Evaluation)"
"A student occupies a computer in the lab for personal gaming during peak hours, violating usage guidelines.",Violations of Information Technology Policies,Violation of computer laboratory policies and guidelines as stipulated in Section X.F.,1st Offense,"Category 2 (Formative Intervention: University Service, Counseling, Discipline Education Program, & Evaluation)"
A student brings unauthorized software on a USB and installs it on a lab computer.,Violations of Information Technology Policies,Violation of computer laboratory policies and guidelines as stipulated in Section X.F.,1st Offense,"Category 2 (Formative Intervention: University Service, Counseling, Discipline Education Program, & Evaluation)"
"A student stores unauthorized personal data on lab servers, violating policy.",Violations of Information Technology Policies,Violation of computer laboratory policies and guidelines as stipulated in Section X.F.,1st Offense,"Category 2 (Formative Intervention: University Service, Counseling, Discipline Education Program, & Evaluation)"
"A student leaves offensive graffiti on lab desks, violating cleanliness guidelines.",Violations of Information Technology Policies,Violation of computer laboratory policies and guidelines as stipulated in Section X.F.,1st Offense,"Category 2 (Formative Intervention: University Service, Counseling, Discipline Education Program, & Evaluation)"
"A student repeatedly exceeds the lab's computer usage time limit, ignoring staff reminders.",Violations of Information Technology Policies,Violation of computer laboratory policies and guidelines as stipulated in Section X.F.,1st Offense,"Category 2 (Formative Intervention: University Service, Counseling, Discipline Education Program, & Evaluation)"
A student accesses restricted university data from a lab computer without permission.,Violations of Information Technology Policies,Violation of computer laboratory policies and guidelines as stipulated in Section X.F.,1st Offense,"Category 2 (Formative Intervention: University Service, Counseling, Discipline Education Program, & Evaluation)"
"A student leaves their computer unattended in the lab, preventing others from using it.",Violations of Information Technology Policies,Violation of computer laboratory policies and guidelines as stipulated in Section X.F.,1st Offense,"Category 2 (Formative Intervention: University Service, Counseling, Discipline Education Program, & Evaluation)"
"A student downloads large files from unauthorized websites, slowing down the lab's network for others.",Violations of Information Technology Policies,Violation of computer laboratory policies and guidelines as stipulated in Section X.F.,1st Offense,"Category 2 (Formative Intervention: University Service, Counseling, Discipline Education Program, & Evaluation)"
"A student changes the screen resolution of a lab computer, affecting other users’ experience.",Violations of Information Technology Policies,Violation of computer laboratory policies and guidelines as stipulated in Section X.F.,1st Offense,"Category 2 (Formative Intervention: University Service, Counseling, Discipline Education Program, & Evaluation)"
"A student deliberately rearranges the seating and workstation arrangement, disrupting the lab environment.",Violations of Information Technology Policies,Violation of computer laboratory policies and guidelines as stipulated in Section X.F.,1st Offense,"Category 2 (Formative Intervention: University Service, Counseling, Discipline Education Program, & Evaluation)"
A student uses the lab computers to participate in online gambling activities.,Violations of Information Technology Policies,Violation of computer laboratory policies and guidelines as stipulated in Section X.F.,1st Offense,"Category 2 (Formative Intervention: University Service, Counseling, Discipline Education Program, & Evaluation)"
A student disconnects a lab computer from the network to connect their own personal device.,Violations of Information Technology Policies,Violation of computer laboratory policies and guidelines as stipulated in Section X.F.,1st Offense,"Category 2 (Formative Intervention: University Service, Counseling, Discipline Education Program, & Evaluation)"
A student attempts to bypass the lab's internet filter by using proxy websites.,Violations of Information Technology Policies,Violation of computer laboratory policies and guidelines as stipulated in Section X.F.,1st Offense,"Category 2 (Formative Intervention: University Service, Counseling, Discipline Education Program, & Evaluation)"
A student uses a lab computer to access prohibited websites during study hours.,Violations of Information Technology Policies,Violation of computer laboratory policies and guidelines as stipulated in Section X.F.,1st Offense,"Category 2 (Formative Intervention: University Service, Counseling, Discipline Education Program, & Evaluation)"
"A student uses the lab's Wi-Fi network to torrent large files, violating bandwidth rules.",Violations of Information Technology Policies,Violation of computer laboratory policies and guidelines as stipulated in Section X.F.,1st Offense,"Category 2 (Formative Intervention: University Service, Counseling, Discipline Education Program, & Evaluation)"
"A student downloads malicious software onto a lab computer, violating security policies.",Violations of Information Technology Policies,Violation of computer laboratory policies and guidelines as stipulated in Section X.F.,1st Offense,"Category 2 (Formative Intervention: University Service, Counseling, Discipline Education Program, & Evaluation)"
A student reconfigures lab computers to boot unauthorized operating systems.,Violations of Information Technology Policies,Violation of computer laboratory policies and guidelines as stipulated in Section X.F.,1st Offense,"Category 2 (Formative Intervention: University Service, Counseling, Discipline Education Program, & Evaluation)"
A student uses the lab computers for excessive personal social media use during study hours.,Violations of Information Technology Policies,Violation of computer laboratory policies and guidelines as stipulated in Section X.F.,1st Offense,"Category 2 (Formative Intervention: University Service, Counseling, Discipline Education Program, & Evaluation)"
A student violates the lab’s policy on food and drink by spilling a drink on a computer.,Violations of Information Technology Policies,Violation of computer laboratory policies and guidelines as stipulated in Section X.F.,1st Offense,"Category 2 (Formative Intervention: University Service, Counseling, Discipline Education Program, & Evaluation)"
A student disregards the lab's rule about cleaning up the workstation after use.,Violations of Information Technology Policies,Violation of computer laboratory policies and guidelines as stipulated in Section X.F.,1st Offense,"Category 2 (Formative Intervention: University Service, Counseling, Discipline Education Program, & Evaluation)"
A student tampers with the computer hardware in the lab by removing components.,Violations of Information Technology Policies,Violation of computer laboratory policies and guidelines as stipulated in Section X.F.,1st Offense,"Category 2 (Formative Intervention: University Service, Counseling, Discipline Education Program, & Evaluation)"
A student bypasses the lab's account login system to access a computer without proper authorization.,Violations of Information Technology Policies,Violation of computer laboratory policies and guidelines as stipulated in Section X.F.,1st Offense,"Category 2 (Formative Intervention: University Service, Counseling, Discipline Education Program, & Evaluation)"
"A student uses lab computers to access darknet websites, violating university policy.",Violations of Information Technology Policies,Violation of computer laboratory policies and guidelines as stipulated in Section X.F.,1st Offense,"Category 2 (Formative Intervention: University Service, Counseling, Discipline Education Program, & Evaluation)"
A student misuses lab computers by conducting illegal activities such as identity theft.,Violations of Information Technology Policies,Violation of computer laboratory policies and guidelines as stipulated in Section X.F.,1st Offense,"Category 2 (Formative Intervention: University Service, Counseling, Discipline Education Program, & Evaluation)"
"A student downloads illegal software on lab computers, violating copyright policies.",Violations of Information Technology Policies,Violation of computer laboratory policies and guidelines as stipulated in Section X.F.,1st Offense,"Category 2 (Formative Intervention: University Service, Counseling, Discipline Education Program, & Evaluation)"
A student shares their login credentials with unauthorized users to access the lab.,Violations of Information Technology Policies,Violation of computer laboratory policies and guidelines as stipulated in Section X.F.,1st Offense,"Category 2 (Formative Intervention: University Service, Counseling, Discipline Education Program, & Evaluation)"
A student connects unauthorized external storage devices to lab computers.,Violations of Information Technology Policies,Violation of computer laboratory policies and guidelines as stipulated in Section X.F.,1st Offense,"Category 2 (Formative Intervention: University Service, Counseling, Discipline Education Program, & Evaluation)"
A student uses lab computers to host illegal online content.,Violations of Information Technology Policies,Violation of computer laboratory policies and guidelines as stipulated in Section X.F.,1st Offense,"Category 2 (Formative Intervention: University Service, Counseling, Discipline Education Program, & Evaluation)"
A student physically destroys lab computer components out of frustration.,Violations of Information Technology Policies,Violation of computer laboratory policies and guidelines as stipulated in Section X.F.,1st Offense,"Category 2 (Formative Intervention: University Service, Counseling, Discipline Education Program, & Evaluation)"
A student defaces lab computers by removing stickers and tampering with external parts.,Violations of Information Technology Policies,Violation of computer laboratory policies and guidelines as stipulated in Section X.F.,1st Offense,"Category 2 (Formative Intervention: University Service, Counseling, Discipline Education Program, & Evaluation)"
"A student uses lab resources to run a personal business, violating university policy.",Violations of Information Technology Policies,Violation of computer laboratory policies and guidelines as stipulated in Section X.F.,1st Offense,"Category 2 (Formative Intervention: University Service, Counseling, Discipline Education Program, & Evaluation)"
"A student frequently leaves the lab without logging out, violating security guidelines.",Violations of Information Technology Policies,Violation of computer laboratory policies and guidelines as stipulated in Section X.F.,1st Offense,"Category 2 (Formative Intervention: University Service, Counseling, Discipline Education Program, & Evaluation)"
A student intentionally clogs the lab's printer queue with excessive print jobs.,Violations of Information Technology Policies,Violation of computer laboratory policies and guidelines as stipulated in Section X.F.,1st Offense,"Category 2 (Formative Intervention: University Service, Counseling, Discipline Education Program, & Evaluation)"
"A student connects unauthorized personal devices to the lab's network, against policy.",Violations of Information Technology Policies,Violation of computer laboratory policies and guidelines as stipulated in Section X.F.,1st Offense,"Category 2 (Formative Intervention: University Service, Counseling, Discipline Education Program, & Evaluation)"
"A student deliberately opens pop-up ads on lab computers, creating distractions.",Violations of Information Technology Policies,Violation of computer laboratory policies and guidelines as stipulated in Section X.F.,1st Offense,"Category 2 (Formative Intervention: University Service, Counseling, Discipline Education Program, & Evaluation)"
A student repeatedly enters the lab without signing the required usage log.,Violations of Information Technology Policies,Violation of computer laboratory policies and guidelines as stipulated in Section X.F.,2nd Offense,"Category 3 (Non-Readmission, denial of admission but is allowed to finish current term)"
A student blocks access to a computer in the lab by keeping their personal belongings at the station.,Violations of Information Technology Policies,Violation of computer laboratory policies and guidelines as stipulated in Section X.F.,2nd Offense,"Category 3 (Non-Readmission, denial of admission but is allowed to finish current term)"
"A student plays disruptive sound effects on lab computers, disturbing other students.",Violations of Information Technology Policies,Violation of computer laboratory policies and guidelines as stipulated in Section X.F.,2nd Offense,"Category 3 (Non-Readmission, denial of admission but is allowed to finish current term)"
A student transfers confidential university documents onto a personal USB drive without permission.,Violations of Information Technology Policies,Violation of computer laboratory policies and guidelines as stipulated in Section X.F.,2nd Offense,"Category 3 (Non-Readmission, denial of admission but is allowed to finish current term)"
A student repeatedly violates the lab’s policy against streaming personal videos during peak hours.,Violations of Information Technology Policies,Violation of computer laboratory policies and guidelines as stipulated in Section X.F.,2nd Offense,"Category 3 (Non-Readmission, denial of admission but is allowed to finish current term)"
"A student installs pirated software on a lab computer, violating copyright law.",Violations of Information Technology Policies,Violation of computer laboratory policies and guidelines as stipulated in Section X.F.,2nd Offense,"Category 3 (Non-Readmission, denial of admission but is allowed to finish current term)"
A student shares lab access credentials with a friend who is not authorized to use the lab.,Violations of Information Technology Policies,Violation of computer laboratory policies and guidelines as stipulated in Section X.F.,2nd Offense,"Category 3 (Non-Readmission, denial of admission but is allowed to finish current term)"
A student violates the lab’s printing policy by printing hundreds of personal documents.,Violations of Information Technology Policies,Violation of computer laboratory policies and guidelines as stipulated in Section X.F.,2nd Offense,"Category 3 (Non-Readmission, denial of admission but is allowed to finish current term)"
A student turns off lab security cameras by tampering with the equipment.,Violations of Information Technology Policies,Violation of computer laboratory policies and guidelines as stipulated in Section X.F.,2nd Offense,"Category 3 (Non-Readmission, denial of admission but is allowed to finish current term)"
"A student saves personal files to the lab computers, taking up space meant for academic use.",Violations of Information Technology Policies,Violation of computer laboratory policies and guidelines as stipulated in Section X.F.,2nd Offense,"Category 3 (Non-Readmission, denial of admission but is allowed to finish current term)"
"A student uploads unauthorized content to lab computers, bypassing security protocols.",Violations of Information Technology Policies,Violation of computer laboratory policies and guidelines as stipulated in Section X.F.,2nd Offense,"Category 3 (Non-Readmission, denial of admission but is allowed to finish current term)"
A student uses lab computers to run cryptocurrency mining software.,Violations of Information Technology Policies,Violation of computer laboratory policies and guidelines as stipulated in Section X.F.,2nd Offense,"Category 3 (Non-Readmission, denial of admission but is allowed to finish current term)"
A student takes screenshots of restricted lab software for personal use.,Violations of Information Technology Policies,Violation of computer laboratory policies and guidelines as stipulated in Section X.F.,2nd Offense,"Category 3 (Non-Readmission, denial of admission but is allowed to finish current term)"
"A student is caught eating and drinking near computer equipment in the lab, despite a clear policy prohibiting it.",Violations of Information Technology Policies,Violation of computer laboratory policies and guidelines as stipulated in Section X.F.,2nd Offense,"Category 3 (Non-Readmission, denial of admission but is allowed to finish current term)"
A student uses lab resources to develop and distribute malicious software.,Violations of Information Technology Policies,Violation of computer laboratory policies and guidelines as stipulated in Section X.F.,2nd Offense,"Category 3 (Non-Readmission, denial of admission but is allowed to finish current term)"
A student runs non-academic software that crashes multiple lab computers.,Violations of Information Technology Policies,Violation of computer laboratory policies and guidelines as stipulated in Section X.F.,2nd Offense,"Category 3 (Non-Readmission, denial of admission but is allowed to finish current term)"
"A student resets lab computers' security settings, compromising their integrity.",Violations of Information Technology Policies,Violation of computer laboratory policies and guidelines as stipulated in Section X.F.,2nd Offense,"Category 3 (Non-Readmission, denial of admission but is allowed to finish current term)"
A student violates the lab's equipment policy by using a computer to charge personal devices.,Violations of Information Technology Policies,Violation of computer laboratory policies and guidelines as stipulated in Section X.F.,2nd Offense,"Category 3 (Non-Readmission, denial of admission but is allowed to finish current term)"
"A student installs a personal firewall on a lab computer, disrupting network traffic.",Violations of Information Technology Policies,Violation of computer laboratory policies and guidelines as stipulated in Section X.F.,2nd Offense,"Category 3 (Non-Readmission, denial of admission but is allowed to finish current term)"
A student uses lab equipment to record unauthorized videos for personal projects.,Violations of Information Technology Policies,Violation of computer laboratory policies and guidelines as stipulated in Section X.F.,2nd Offense,"Category 3 (Non-Readmission, denial of admission but is allowed to finish current term)"
A student uses a lab computer to hack into other students' accounts.,Violations of Information Technology Policies,Violation of computer laboratory policies and guidelines as stipulated in Section X.F.,2nd Offense,"Category 3 (Non-Readmission, denial of admission but is allowed to finish current term)"
A student uses the lab computers to engage in illegal streaming of copyrighted content.,Violations of Information Technology Policies,Violation of computer laboratory policies and guidelines as stipulated in Section X.F.,2nd Offense,"Category 3 (Non-Readmission, denial of admission but is allowed to finish current term)"
A student ignores the lab policy requiring the proper shutdown of computers after use.,Violations of Information Technology Policies,Violation of computer laboratory policies and guidelines as stipulated in Section X.F.,2nd Offense,"Category 3 (Non-Readmission, denial of admission but is allowed to finish current term)"
A student deliberately damages a lab computer's keyboard by spilling liquid on it.,Violations of Information Technology Policies,Violation of computer laboratory policies and guidelines as stipulated in Section X.F.,2nd Offense,"Category 3 (Non-Readmission, denial of admission but is allowed to finish current term)"
A student accesses a restricted server by exploiting a security vulnerability.,Violations of Information Technology Policies,Accessing a university computer or computer network without authority or beyond authorized access.,1st Offense,"Category 3 (Non-Readmission, denial of admission but is allowed to finish current term)"
A student uses a stolen password to access confidential email accounts on the university network.,Violations of Information Technology Policies,Accessing a university computer or computer network without authority or beyond authorized access.,1st Offense,"Category 3 (Non-Readmission, denial of admission but is allowed to finish current term)"
A student accesses a restricted project database by pretending to be part of the research team.,Violations of Information Technology Policies,Accessing a university computer or computer network without authority or beyond authorized access.,1st Offense,"Category 3 (Non-Readmission, denial of admission but is allowed to finish current term)"
A student disables a university computer’s security software to install unauthorized programs.,Violations of Information Technology Policies,Accessing a university computer or computer network without authority or beyond authorized access.,1st Offense,"Category 3 (Non-Readmission, denial of admission but is allowed to finish current term)"
A student exploits a bug in the university's system to gain access to restricted files.,Violations of Information Technology Policies,Accessing a university computer or computer network without authority or beyond authorized access.,1st Offense,"Category 3 (Non-Readmission, denial of admission but is allowed to finish current term)"
A student creates fake admin credentials to gain full access to the university’s computer systems.,Violations of Information Technology Policies,Accessing a university computer or computer network without authority or beyond authorized access.,1st Offense,"Category 3 (Non-Readmission, denial of admission but is allowed to finish current term)"
A student installs malware on a university computer to gain remote access later.,Violations of Information Technology Policies,Accessing a university computer or computer network without authority or beyond authorized access.,1st Offense,"Category 3 (Non-Readmission, denial of admission but is allowed to finish current term)"
A student uses another student’s login information to access their personal files on a university computer.,Violations of Information Technology Policies,Accessing a university computer or computer network without authority or beyond authorized access.,1st Offense,"Category 3 (Non-Readmission, denial of admission but is allowed to finish current term)"
A student uses a stolen university ID card to log into restricted areas of the network.,Violations of Information Technology Policies,Accessing a university computer or computer network without authority or beyond authorized access.,1st Offense,"Category 3 (Non-Readmission, denial of admission but is allowed to finish current term)"
A student accesses the university's email server to send spam emails.,Violations of Information Technology Policies,Accessing a university computer or computer network without authority or beyond authorized access.,1st Offense,"Category 3 (Non-Readmission, denial of admission but is allowed to finish current term)"
A student accesses restricted library databases that are meant for faculty use only.,Violations of Information Technology Policies,Accessing a university computer or computer network without authority or beyond authorized access.,1st Offense,"Category 3 (Non-Readmission, denial of admission but is allowed to finish current term)"
A student accesses confidential payroll information by exploiting a security loophole.,Violations of Information Technology Policies,Accessing a university computer or computer network without authority or beyond authorized access.,1st Offense,"Category 3 (Non-Readmission, denial of admission but is allowed to finish current term)"
A student sets up an unauthorized proxy server to bypass the university’s web restrictions.,Violations of Information Technology Policies,Accessing a university computer or computer network without authority or beyond authorized access.,1st Offense,"Category 3 (Non-Readmission, denial of admission but is allowed to finish current term)"
A student installs keylogging software on a university computer to capture login details.,Violations of Information Technology Policies,Accessing a university computer or computer network without authority or beyond authorized access.,1st Offense,"Category 3 (Non-Readmission, denial of admission but is allowed to finish current term)"
A student accesses restricted building control systems through the university network.,Violations of Information Technology Policies,Accessing a university computer or computer network without authority or beyond authorized access.,1st Offense,"Category 3 (Non-Readmission, denial of admission but is allowed to finish current term)"
A student creates a phishing website to steal students' login information from the university network.,Violations of Information Technology Policies,Accessing a university computer or computer network without authority or beyond authorized access.,1st Offense,"Category 3 (Non-Readmission, denial of admission but is allowed to finish current term)"
A student uses a professor's account to upload malicious files onto the university’s server.,Violations of Information Technology Policies,Accessing a university computer or computer network without authority or beyond authorized access.,1st Offense,"Category 3 (Non-Readmission, denial of admission but is allowed to finish current term)"
A student uses a professor’s credentials to access the university’s virtual learning environment.,Violations of Information Technology Policies,Accessing a university computer or computer network without authority or beyond authorized access.,1st Offense,"Category 3 (Non-Readmission, denial of admission but is allowed to finish current term)"
A student installs unauthorized network monitoring tools on a university computer to intercept traffic.,Violations of Information Technology Policies,Accessing a university computer or computer network without authority or beyond authorized access.,1st Offense,"Category 3 (Non-Readmission, denial of admission but is allowed to finish current term)"
A student installs spyware on a university network to monitor confidential communications.,Violations of Information Technology Policies,Accessing a university computer or computer network without authority or beyond authorized access.,1st Offense,"Category 3 (Non-Readmission, denial of admission but is allowed to finish current term)"
A student uses a staff member’s credentials to access confidential academic records.,Violations of Information Technology Policies,Accessing a university computer or computer network without authority or beyond authorized access.,1st Offense,"Category 3 (Non-Readmission, denial of admission but is allowed to finish current term)"
A student uses social engineering techniques to get a university IT admin's login credentials.,Violations of Information Technology Policies,Accessing a university computer or computer network without authority or beyond authorized access.,1st Offense,"Category 3 (Non-Readmission, denial of admission but is allowed to finish current term)"
A student illegally downloads copyrighted research papers from the university network.,Violations of Information Technology Policies,Accessing a university computer or computer network without authority or beyond authorized access.,1st Offense,"Category 3 (Non-Readmission, denial of admission but is allowed to finish current term)"
A student downloads sensitive research data from a restricted university network.,Violations of Information Technology Policies,Accessing a university computer or computer network without authority or beyond authorized access.,1st Offense,"Category 3 (Non-Readmission, denial of admission but is allowed to finish current term)"
A student accesses an internal university network to change attendance logs.,Violations of Information Technology Policies,Accessing a university computer or computer network without authority or beyond authorized access.,1st Offense,"Category 3 (Non-Readmission, denial of admission but is allowed to finish current term)"
A student steals a faculty member’s account to access a restricted area on the university portal.,Violations of Information Technology Policies,Accessing a university computer or computer network without authority or beyond authorized access.,1st Offense,"Category 3 (Non-Readmission, denial of admission but is allowed to finish current term)"
A student bypasses the university firewall to access restricted websites.,Violations of Information Technology Policies,Accessing a university computer or computer network without authority or beyond authorized access.,1st Offense,"Category 3 (Non-Readmission, denial of admission but is allowed to finish current term)"
A student accesses a university server room using a stolen key card.,Violations of Information Technology Policies,Accessing a university computer or computer network without authority or beyond authorized access.,1st Offense,"Category 3 (Non-Readmission, denial of admission but is allowed to finish current term)"
A student manipulates the login portal to gain access to confidential faculty information.,Violations of Information Technology Policies,Accessing a university computer or computer network without authority or beyond authorized access.,1st Offense,"Category 3 (Non-Readmission, denial of admission but is allowed to finish current term)"
A student accesses private medical records stored on university servers.,Violations of Information Technology Policies,Accessing a university computer or computer network without authority or beyond authorized access.,1st Offense,"Category 3 (Non-Readmission, denial of admission but is allowed to finish current term)"
A student uses university resources to brute-force access to password-protected accounts.,Violations of Information Technology Policies,Accessing a university computer or computer network without authority or beyond authorized access.,1st Offense,"Category 3 (Non-Readmission, denial of admission but is allowed to finish current term)"
A student hacks into the campus Wi-Fi network to bypass access restrictions.,Violations of Information Technology Policies,Accessing a university computer or computer network without authority or beyond authorized access.,1st Offense,"Category 3 (Non-Readmission, denial of admission but is allowed to finish current term)"
A student impersonates an IT admin to gain access to restricted systems.,Violations of Information Technology Policies,Accessing a university computer or computer network without authority or beyond authorized access.,1st Offense,"Category 3 (Non-Readmission, denial of admission but is allowed to finish current term)"
A student logs into a professor’s account using a brute-force attack.,Violations of Information Technology Policies,Accessing a university computer or computer network without authority or beyond authorized access.,1st Offense,"Category 3 (Non-Readmission, denial of admission but is allowed to finish current term)"
A student exploits a vulnerability in the university’s online portal to steal other students' data.,Violations of Information Technology Policies,Accessing a university computer or computer network without authority or beyond authorized access.,1st Offense,"Category 3 (Non-Readmission, denial of admission but is allowed to finish current term)"
A student connects to a faculty-only network by spoofing their device’s MAC address.,Violations of Information Technology Policies,Accessing a university computer or computer network without authority or beyond authorized access.,1st Offense,"Category 3 (Non-Readmission, denial of admission but is allowed to finish current term)"
A student alters their network settings to gain access to admin-only systems.,Violations of Information Technology Policies,Accessing a university computer or computer network without authority or beyond authorized access.,1st Offense,"Category 3 (Non-Readmission, denial of admission but is allowed to finish current term)"
A student uses a stolen university account to access restricted academic resources.,Violations of Information Technology Policies,Accessing a university computer or computer network without authority or beyond authorized access.,1st Offense,"Category 3 (Non-Readmission, denial of admission but is allowed to finish current term)"
A student logs into a university research server to download unpublished data.,Violations of Information Technology Policies,Accessing a university computer or computer network without authority or beyond authorized access.,1st Offense,"Category 3 (Non-Readmission, denial of admission but is allowed to finish current term)"
A student accesses the university’s attendance system to falsify records.,Violations of Information Technology Policies,Accessing a university computer or computer network without authority or beyond authorized access.,1st Offense,"Category 3 (Non-Readmission, denial of admission but is allowed to finish current term)"
A student hacks into the university's online portal to post false announcements.,Violations of Information Technology Policies,Accessing a university computer or computer network without authority or beyond authorized access.,1st Offense,"Category 3 (Non-Readmission, denial of admission but is allowed to finish current term)"
A student gains access to the university’s online grading system without permission.,Violations of Information Technology Policies,Accessing a university computer or computer network without authority or beyond authorized access.,1st Offense,"Category 3 (Non-Readmission, denial of admission but is allowed to finish current term)"
A student accesses confidential exam information stored in the university system without authorization.,Violations of Information Technology Policies,Accessing a university computer or computer network without authority or beyond authorized access.,1st Offense,"Category 3 (Non-Readmission, denial of admission but is allowed to finish current term)"
A student breaks into the university's computer systems and alters stored financial records.,Violations of Information Technology Policies,Accessing a university computer or computer network without authority or beyond authorized access.,1st Offense,"Category 3 (Non-Readmission, denial of admission but is allowed to finish current term)"
A student uses a backdoor they created to maintain unauthorized access to the university network.,Violations of Information Technology Policies,Accessing a university computer or computer network without authority or beyond authorized access.,1st Offense,"Category 3 (Non-Readmission, denial of admission but is allowed to finish current term)"
A student accesses a restricted university database without the necessary permissions.,Violations of Information Technology Policies,Accessing a university computer or computer network without authority or beyond authorized access.,1st Offense,"Category 3 (Non-Readmission, denial of admission but is allowed to finish current term)"
A student bypasses the university’s password reset system to gain access to protected accounts.,Violations of Information Technology Policies,Accessing a university computer or computer network without authority or beyond authorized access.,1st Offense,"Category 3 (Non-Readmission, denial of admission but is allowed to finish current term)"
A student cracks the university’s VPN to gain remote access to restricted systems.,Violations of Information Technology Policies,Accessing a university computer or computer network without authority or beyond authorized access.,1st Offense,"Category 3 (Non-Readmission, denial of admission but is allowed to finish current term)"
A student uses a stolen access token to gain entry into secure university servers.,Violations of Information Technology Policies,Accessing a university computer or computer network without authority or beyond authorized access.,1st Offense,"Category 3 (Non-Readmission, denial of admission but is allowed to finish current term)"
A student uses university Wi-Fi to hack into restricted university data servers.,Violations of Information Technology Policies,Accessing a university computer or computer network without authority or beyond authorized access.,1st Offense,"Category 3 (Non-Readmission, denial of admission but is allowed to finish current term)"
A student uses a packet sniffer to capture confidential information from the university network.,Violations of Information Technology Policies,Accessing a university computer or computer network without authority or beyond authorized access.,1st Offense,"Category 3 (Non-Readmission, denial of admission but is allowed to finish current term)"
A student accesses and modifies server logs to erase evidence of unauthorized access.,Violations of Information Technology Policies,Accessing a university computer or computer network without authority or beyond authorized access.,1st Offense,"Category 3 (Non-Readmission, denial of admission but is allowed to finish current term)"
A student gains unauthorized access to campus security footage stored on the network.,Violations of Information Technology Policies,Accessing a university computer or computer network without authority or beyond authorized access.,1st Offense,"Category 3 (Non-Readmission, denial of admission but is allowed to finish current term)"
A student attempts to crack the password of the university's internal network system.,Violations of Information Technology Policies,Accessing a university computer or computer network without authority or beyond authorized access.,1st Offense,"Category 3 (Non-Readmission, denial of admission but is allowed to finish current term)"
A student sends a fraudulent email pretending to be from university IT support to gain unauthorized access.,Violations of Information Technology Policies,Accessing a university computer or computer network without authority or beyond authorized access.,1st Offense,"Category 3 (Non-Readmission, denial of admission but is allowed to finish current term)"
"A student uses a botnet to overwhelm the university's network, causing a denial of service.",Violations of Information Technology Policies,Accessing a university computer or computer network without authority or beyond authorized access.,1st Offense,"Category 3 (Non-Readmission, denial of admission but is allowed to finish current term)"
A student uses a stolen database key to access the university’s encrypted files.,Violations of Information Technology Policies,Accessing a university computer or computer network without authority or beyond authorized access.,1st Offense,"Category 3 (Non-Readmission, denial of admission but is allowed to finish current term)"
A student sets up a rogue Wi-Fi access point to intercept university network traffic.,Violations of Information Technology Policies,Accessing a university computer or computer network without authority or beyond authorized access.,1st Offense,"Category 3 (Non-Readmission, denial of admission but is allowed to finish current term)"
A student breaks into a secure lab and accesses restricted research computers.,Violations of Information Technology Policies,Accessing a university computer or computer network without authority or beyond authorized access.,1st Offense,"Category 3 (Non-Readmission, denial of admission but is allowed to finish current term)"
A student uses a phishing attack to acquire the login credentials of university staff.,Violations of Information Technology Policies,Accessing a university computer or computer network without authority or beyond authorized access.,1st Offense,"Category 3 (Non-Readmission, denial of admission but is allowed to finish current term)"
A student accesses restricted information on the university’s cloud system without permission.,Violations of Information Technology Policies,Accessing a university computer or computer network without authority or beyond authorized access.,1st Offense,"Category 3 (Non-Readmission, denial of admission but is allowed to finish current term)"
A student clones a university staff ID card to gain physical access to restricted computer areas.,Violations of Information Technology Policies,Accessing a university computer or computer network without authority or beyond authorized access.,1st Offense,"Category 3 (Non-Readmission, denial of admission but is allowed to finish current term)"
A student accesses a professor's lecture notes stored on a restricted server.,Violations of Information Technology Policies,Accessing a university computer or computer network without authority or beyond authorized access.,1st Offense,"Category 3 (Non-Readmission, denial of admission but is allowed to finish current term)"
A student creates a fake student account to gain unauthorized access to university computers.,Violations of Information Technology Policies,Accessing a university computer or computer network without authority or beyond authorized access.,1st Offense,"Category 3 (Non-Readmission, denial of admission but is allowed to finish current term)"
A student sets up a rogue server within the university network to spy on network traffic.,Violations of Information Technology Policies,Accessing a university computer or computer network without authority or beyond authorized access.,1st Offense,"Category 3 (Non-Readmission, denial of admission but is allowed to finish current term)"
A student accesses the university’s secure research server without proper authorization.,Violations of Information Technology Policies,Accessing a university computer or computer network without authority or beyond authorized access.,1st Offense,"Category 3 (Non-Readmission, denial of admission but is allowed to finish current term)"
A student creates a fake university account to access restricted areas of the network.,Violations of Information Technology Policies,Accessing a university computer or computer network without authority or beyond authorized access.,1st Offense,"Category 3 (Non-Readmission, denial of admission but is allowed to finish current term)"
A student manipulates their own access privileges to view restricted financial data.,Violations of Information Technology Policies,Accessing a university computer or computer network without authority or beyond authorized access.,1st Offense,"Category 3 (Non-Readmission, denial of admission but is allowed to finish current term)"
A student uses an unauthorized script to scrape confidential information from a university database.,Violations of Information Technology Policies,Accessing a university computer or computer network without authority or beyond authorized access.,1st Offense,"Category 3 (Non-Readmission, denial of admission but is allowed to finish current term)"
A student logs into a university server using credentials they obtained illegally.,Violations of Information Technology Policies,Accessing a university computer or computer network without authority or beyond authorized access.,1st Offense,"Category 3 (Non-Readmission, denial of admission but is allowed to finish current term)"
A student gains access to restricted lab data stored on university servers without authorization.,Violations of Information Technology Policies,Accessing a university computer or computer network without authority or beyond authorized access.,1st Offense,"Category 3 (Non-Readmission, denial of admission but is allowed to finish current term)"
A student uses someone else’s account to modify their grades in the university database.,Violations of Information Technology Policies,Accessing a university computer or computer network without authority or beyond authorized access.,1st Offense,"Category 3 (Non-Readmission, denial of admission but is allowed to finish current term)"
A student changes all group project members’ contributions to falsely claim credit for the entire work.,Violations of Information Technology Policies,"Committing acts that constitute computer security breach, such as but not limited to the following:
a. Altering information (e.g., changing the password of someone else’s account, changing the data in files beyond one’s authorized access, etc.), damaging or destroying information (e.g., deleting someone else’s file, etc.).
b. Introducing false information (e.g., using someone else’s account and sending offensive mail, cyber bullying, etc.).
c. Preventing the authorized use of one’s data or information.
d. Preventing normal operation of computers networks of the University (e.g., changing the configuration or CMOS set-up of a PC, introducing computer virus, etc.).",1st Offense,"Category 3 (Non-Readmission, denial of admission but is allowed to finish current term)"
A student deletes all files from a class group’s shared cloud storage without notifying others.,Violations of Information Technology Policies,"Committing acts that constitute computer security breach, such as but not limited to the following:
a. Altering information (e.g., changing the password of someone else’s account, changing the data in files beyond one’s authorized access, etc.), damaging or destroying information (e.g., deleting someone else’s file, etc.).
b. Introducing false information (e.g., using someone else’s account and sending offensive mail, cyber bullying, etc.).
c. Preventing the authorized use of one’s data or information.
d. Preventing normal operation of computers networks of the University (e.g., changing the configuration or CMOS set-up of a PC, introducing computer virus, etc.).",1st Offense,"Category 3 (Non-Readmission, denial of admission but is allowed to finish current term)"
A student accesses a university server and deletes old thesis submissions.,Violations of Information Technology Policies,"Committing acts that constitute computer security breach, such as but not limited to the following:
a. Altering information (e.g., changing the password of someone else’s account, changing the data in files beyond one’s authorized access, etc.), damaging or destroying information (e.g., deleting someone else’s file, etc.).
b. Introducing false information (e.g., using someone else’s account and sending offensive mail, cyber bullying, etc.).
c. Preventing the authorized use of one’s data or information.
d. Preventing normal operation of computers networks of the University (e.g., changing the configuration or CMOS set-up of a PC, introducing computer virus, etc.).",1st Offense,"Category 3 (Non-Readmission, denial of admission but is allowed to finish current term)"
A student alters lab data in a shared research document without notifying the team.,Violations of Information Technology Policies,"Committing acts that constitute computer security breach, such as but not limited to the following:
a. Altering information (e.g., changing the password of someone else’s account, changing the data in files beyond one’s authorized access, etc.), damaging or destroying information (e.g., deleting someone else’s file, etc.).
b. Introducing false information (e.g., using someone else’s account and sending offensive mail, cyber bullying, etc.).
c. Preventing the authorized use of one’s data or information.
d. Preventing normal operation of computers networks of the University (e.g., changing the configuration or CMOS set-up of a PC, introducing computer virus, etc.).",1st Offense,"Category 3 (Non-Readmission, denial of admission but is allowed to finish current term)"
A student deletes files from a shared lab computer after unauthorized access.,Violations of Information Technology Policies,"Committing acts that constitute computer security breach, such as but not limited to the following:
a. Altering information (e.g., changing the password of someone else’s account, changing the data in files beyond one’s authorized access, etc.), damaging or destroying information (e.g., deleting someone else’s file, etc.).
b. Introducing false information (e.g., using someone else’s account and sending offensive mail, cyber bullying, etc.).
c. Preventing the authorized use of one’s data or information.
d. Preventing normal operation of computers networks of the University (e.g., changing the configuration or CMOS set-up of a PC, introducing computer virus, etc.).",1st Offense,"Category 3 (Non-Readmission, denial of admission but is allowed to finish current term)"
A student erases video files from a class’s shared video repository.,Violations of Information Technology Policies,"Committing acts that constitute computer security breach, such as but not limited to the following:
a. Altering information (e.g., changing the password of someone else’s account, changing the data in files beyond one’s authorized access, etc.), damaging or destroying information (e.g., deleting someone else’s file, etc.).
b. Introducing false information (e.g., using someone else’s account and sending offensive mail, cyber bullying, etc.).
c. Preventing the authorized use of one’s data or information.
d. Preventing normal operation of computers networks of the University (e.g., changing the configuration or CMOS set-up of a PC, introducing computer virus, etc.).",1st Offense,"Category 3 (Non-Readmission, denial of admission but is allowed to finish current term)"
A student deletes their friend's entire academic history from the university system.,Violations of Information Technology Policies,"Committing acts that constitute computer security breach, such as but not limited to the following:
a. Altering information (e.g., changing the password of someone else’s account, changing the data in files beyond one’s authorized access, etc.), damaging or destroying information (e.g., deleting someone else’s file, etc.).
b. Introducing false information (e.g., using someone else’s account and sending offensive mail, cyber bullying, etc.).
c. Preventing the authorized use of one’s data or information.
d. Preventing normal operation of computers networks of the University (e.g., changing the configuration or CMOS set-up of a PC, introducing computer virus, etc.).",1st Offense,"Category 3 (Non-Readmission, denial of admission but is allowed to finish current term)"
A student deletes a classmate's login credentials to prevent them from accessing the online class portal.,Violations of Information Technology Policies,"Committing acts that constitute computer security breach, such as but not limited to the following:
a. Altering information (e.g., changing the password of someone else’s account, changing the data in files beyond one’s authorized access, etc.), damaging or destroying information (e.g., deleting someone else’s file, etc.).
b. Introducing false information (e.g., using someone else’s account and sending offensive mail, cyber bullying, etc.).
c. Preventing the authorized use of one’s data or information.
d. Preventing normal operation of computers networks of the University (e.g., changing the configuration or CMOS set-up of a PC, introducing computer virus, etc.).",1st Offense,"Category 3 (Non-Readmission, denial of admission but is allowed to finish current term)"
A student changes the answers in someone else’s online quiz to ensure they fail.,Violations of Information Technology Policies,"Committing acts that constitute computer security breach, such as but not limited to the following:
a. Altering information (e.g., changing the password of someone else’s account, changing the data in files beyond one’s authorized access, etc.), damaging or destroying information (e.g., deleting someone else’s file, etc.).
b. Introducing false information (e.g., using someone else’s account and sending offensive mail, cyber bullying, etc.).
c. Preventing the authorized use of one’s data or information.
d. Preventing normal operation of computers networks of the University (e.g., changing the configuration or CMOS set-up of a PC, introducing computer virus, etc.).",1st Offense,"Category 3 (Non-Readmission, denial of admission but is allowed to finish current term)"
A student deletes all emails related to a university event from a shared inbox.,Violations of Information Technology Policies,"Committing acts that constitute computer security breach, such as but not limited to the following:
a. Altering information (e.g., changing the password of someone else’s account, changing the data in files beyond one’s authorized access, etc.), damaging or destroying information (e.g., deleting someone else’s file, etc.).
b. Introducing false information (e.g., using someone else’s account and sending offensive mail, cyber bullying, etc.).
c. Preventing the authorized use of one’s data or information.
d. Preventing normal operation of computers networks of the University (e.g., changing the configuration or CMOS set-up of a PC, introducing computer virus, etc.).",1st Offense,"Category 3 (Non-Readmission, denial of admission but is allowed to finish current term)"
A student deletes their entire email history from the university server without authorization.,Violations of Information Technology Policies,"Committing acts that constitute computer security breach, such as but not limited to the following:
a. Altering information (e.g., changing the password of someone else’s account, changing the data in files beyond one’s authorized access, etc.), damaging or destroying information (e.g., deleting someone else’s file, etc.).
b. Introducing false information (e.g., using someone else’s account and sending offensive mail, cyber bullying, etc.).
c. Preventing the authorized use of one’s data or information.
d. Preventing normal operation of computers networks of the University (e.g., changing the configuration or CMOS set-up of a PC, introducing computer virus, etc.).",1st Offense,"Category 3 (Non-Readmission, denial of admission but is allowed to finish current term)"
A student deletes an entire group’s contributions from a shared online presentation.,Violations of Information Technology Policies,"Committing acts that constitute computer security breach, such as but not limited to the following:
a. Altering information (e.g., changing the password of someone else’s account, changing the data in files beyond one’s authorized access, etc.), damaging or destroying information (e.g., deleting someone else’s file, etc.).
b. Introducing false information (e.g., using someone else’s account and sending offensive mail, cyber bullying, etc.).
c. Preventing the authorized use of one’s data or information.
d. Preventing normal operation of computers networks of the University (e.g., changing the configuration or CMOS set-up of a PC, introducing computer virus, etc.).",1st Offense,"Category 3 (Non-Readmission, denial of admission but is allowed to finish current term)"
A student changes the submission date on an academic project in someone else’s online account.,Violations of Information Technology Policies,"Committing acts that constitute computer security breach, such as but not limited to the following:
a. Altering information (e.g., changing the password of someone else’s account, changing the data in files beyond one’s authorized access, etc.), damaging or destroying information (e.g., deleting someone else’s file, etc.).
b. Introducing false information (e.g., using someone else’s account and sending offensive mail, cyber bullying, etc.).
c. Preventing the authorized use of one’s data or information.
d. Preventing normal operation of computers networks of the University (e.g., changing the configuration or CMOS set-up of a PC, introducing computer virus, etc.).",1st Offense,"Category 3 (Non-Readmission, denial of admission but is allowed to finish current term)"
A student deletes important research data from a professor’s account.,Violations of Information Technology Policies,"Committing acts that constitute computer security breach, such as but not limited to the following:
a. Altering information (e.g., changing the password of someone else’s account, changing the data in files beyond one’s authorized access, etc.), damaging or destroying information (e.g., deleting someone else’s file, etc.).
b. Introducing false information (e.g., using someone else’s account and sending offensive mail, cyber bullying, etc.).
c. Preventing the authorized use of one’s data or information.
d. Preventing normal operation of computers networks of the University (e.g., changing the configuration or CMOS set-up of a PC, introducing computer virus, etc.).",1st Offense,"Category 3 (Non-Readmission, denial of admission but is allowed to finish current term)"
A student alters financial records on a university server to hide unpaid tuition fees.,Violations of Information Technology Policies,"Committing acts that constitute computer security breach, such as but not limited to the following:
a. Altering information (e.g., changing the password of someone else’s account, changing the data in files beyond one’s authorized access, etc.), damaging or destroying information (e.g., deleting someone else’s file, etc.).
b. Introducing false information (e.g., using someone else’s account and sending offensive mail, cyber bullying, etc.).
c. Preventing the authorized use of one’s data or information.
d. Preventing normal operation of computers networks of the University (e.g., changing the configuration or CMOS set-up of a PC, introducing computer virus, etc.).",1st Offense,"Category 3 (Non-Readmission, denial of admission but is allowed to finish current term)"
A student accesses a university database to alter a group’s shared research data.,Violations of Information Technology Policies,"Committing acts that constitute computer security breach, such as but not limited to the following:
a. Altering information (e.g., changing the password of someone else’s account, changing the data in files beyond one’s authorized access, etc.), damaging or destroying information (e.g., deleting someone else’s file, etc.).
b. Introducing false information (e.g., using someone else’s account and sending offensive mail, cyber bullying, etc.).
c. Preventing the authorized use of one’s data or information.
d. Preventing normal operation of computers networks of the University (e.g., changing the configuration or CMOS set-up of a PC, introducing computer virus, etc.).",1st Offense,"Category 3 (Non-Readmission, denial of admission but is allowed to finish current term)"
"A student changes the login credentials of another student’s account, causing them to lose access.",Violations of Information Technology Policies,"Committing acts that constitute computer security breach, such as but not limited to the following:
a. Altering information (e.g., changing the password of someone else’s account, changing the data in files beyond one’s authorized access, etc.), damaging or destroying information (e.g., deleting someone else’s file, etc.).
b. Introducing false information (e.g., using someone else’s account and sending offensive mail, cyber bullying, etc.).
c. Preventing the authorized use of one’s data or information.
d. Preventing normal operation of computers networks of the University (e.g., changing the configuration or CMOS set-up of a PC, introducing computer virus, etc.).",1st Offense,"Category 3 (Non-Readmission, denial of admission but is allowed to finish current term)"
A student deletes all discussion board posts related to an online course forum.,Violations of Information Technology Policies,"Committing acts that constitute computer security breach, such as but not limited to the following:
a. Altering information (e.g., changing the password of someone else’s account, changing the data in files beyond one’s authorized access, etc.), damaging or destroying information (e.g., deleting someone else’s file, etc.).
b. Introducing false information (e.g., using someone else’s account and sending offensive mail, cyber bullying, etc.).
c. Preventing the authorized use of one’s data or information.
d. Preventing normal operation of computers networks of the University (e.g., changing the configuration or CMOS set-up of a PC, introducing computer virus, etc.).",1st Offense,"Category 3 (Non-Readmission, denial of admission but is allowed to finish current term)"
A student edits the timestamp of a document submitted by another student to imply plagiarism.,Violations of Information Technology Policies,"Committing acts that constitute computer security breach, such as but not limited to the following:
a. Altering information (e.g., changing the password of someone else’s account, changing the data in files beyond one’s authorized access, etc.), damaging or destroying information (e.g., deleting someone else’s file, etc.).
b. Introducing false information (e.g., using someone else’s account and sending offensive mail, cyber bullying, etc.).
c. Preventing the authorized use of one’s data or information.
d. Preventing normal operation of computers networks of the University (e.g., changing the configuration or CMOS set-up of a PC, introducing computer virus, etc.).",1st Offense,"Category 3 (Non-Readmission, denial of admission but is allowed to finish current term)"
A student edits confidential student records on the university’s server.,Violations of Information Technology Policies,"Committing acts that constitute computer security breach, such as but not limited to the following:
a. Altering information (e.g., changing the password of someone else’s account, changing the data in files beyond one’s authorized access, etc.), damaging or destroying information (e.g., deleting someone else’s file, etc.).
b. Introducing false information (e.g., using someone else’s account and sending offensive mail, cyber bullying, etc.).
c. Preventing the authorized use of one’s data or information.
d. Preventing normal operation of computers networks of the University (e.g., changing the configuration or CMOS set-up of a PC, introducing computer virus, etc.).",1st Offense,"Category 3 (Non-Readmission, denial of admission but is allowed to finish current term)"
A student accesses another student’s online account to change their course registration.,Violations of Information Technology Policies,"Committing acts that constitute computer security breach, such as but not limited to the following:
a. Altering information (e.g., changing the password of someone else’s account, changing the data in files beyond one’s authorized access, etc.), damaging or destroying information (e.g., deleting someone else’s file, etc.).
b. Introducing false information (e.g., using someone else’s account and sending offensive mail, cyber bullying, etc.).
c. Preventing the authorized use of one’s data or information.
d. Preventing normal operation of computers networks of the University (e.g., changing the configuration or CMOS set-up of a PC, introducing computer virus, etc.).",1st Offense,"Category 3 (Non-Readmission, denial of admission but is allowed to finish current term)"
A student deletes their classmate’s work from a shared project folder.,Violations of Information Technology Policies,"Committing acts that constitute computer security breach, such as but not limited to the following:
a. Altering information (e.g., changing the password of someone else’s account, changing the data in files beyond one’s authorized access, etc.), damaging or destroying information (e.g., deleting someone else’s file, etc.).
b. Introducing false information (e.g., using someone else’s account and sending offensive mail, cyber bullying, etc.).
c. Preventing the authorized use of one’s data or information.
d. Preventing normal operation of computers networks of the University (e.g., changing the configuration or CMOS set-up of a PC, introducing computer virus, etc.).",1st Offense,"Category 3 (Non-Readmission, denial of admission but is allowed to finish current term)"
A student locks a professor out of their own email account by changing the password.,Violations of Information Technology Policies,"Committing acts that constitute computer security breach, such as but not limited to the following:
a. Altering information (e.g., changing the password of someone else’s account, changing the data in files beyond one’s authorized access, etc.), damaging or destroying information (e.g., deleting someone else’s file, etc.).
b. Introducing false information (e.g., using someone else’s account and sending offensive mail, cyber bullying, etc.).
c. Preventing the authorized use of one’s data or information.
d. Preventing normal operation of computers networks of the University (e.g., changing the configuration or CMOS set-up of a PC, introducing computer virus, etc.).",1st Offense,"Category 3 (Non-Readmission, denial of admission but is allowed to finish current term)"
A student modifies the grades in another student’s account by accessing it without permission.,Violations of Information Technology Policies,"Committing acts that constitute computer security breach, such as but not limited to the following:
a. Altering information (e.g., changing the password of someone else’s account, changing the data in files beyond one’s authorized access, etc.), damaging or destroying information (e.g., deleting someone else’s file, etc.).
b. Introducing false information (e.g., using someone else’s account and sending offensive mail, cyber bullying, etc.).
c. Preventing the authorized use of one’s data or information.
d. Preventing normal operation of computers networks of the University (e.g., changing the configuration or CMOS set-up of a PC, introducing computer virus, etc.).",1st Offense,"Category 3 (Non-Readmission, denial of admission but is allowed to finish current term)"
A student erases a professor’s recorded lectures from a shared folder.,Violations of Information Technology Policies,"Committing acts that constitute computer security breach, such as but not limited to the following:
a. Altering information (e.g., changing the password of someone else’s account, changing the data in files beyond one’s authorized access, etc.), damaging or destroying information (e.g., deleting someone else’s file, etc.).
b. Introducing false information (e.g., using someone else’s account and sending offensive mail, cyber bullying, etc.).
c. Preventing the authorized use of one’s data or information.
d. Preventing normal operation of computers networks of the University (e.g., changing the configuration or CMOS set-up of a PC, introducing computer virus, etc.).",1st Offense,"Category 3 (Non-Readmission, denial of admission but is allowed to finish current term)"
A student modifies research results in another student’s shared document.,Violations of Information Technology Policies,"Committing acts that constitute computer security breach, such as but not limited to the following:
a. Altering information (e.g., changing the password of someone else’s account, changing the data in files beyond one’s authorized access, etc.), damaging or destroying information (e.g., deleting someone else’s file, etc.).
b. Introducing false information (e.g., using someone else’s account and sending offensive mail, cyber bullying, etc.).
c. Preventing the authorized use of one’s data or information.
d. Preventing normal operation of computers networks of the University (e.g., changing the configuration or CMOS set-up of a PC, introducing computer virus, etc.).",1st Offense,"Category 3 (Non-Readmission, denial of admission but is allowed to finish current term)"
A student logs into a shared database and deletes important experimental results.,Violations of Information Technology Policies,"Committing acts that constitute computer security breach, such as but not limited to the following:
a. Altering information (e.g., changing the password of someone else’s account, changing the data in files beyond one’s authorized access, etc.), damaging or destroying information (e.g., deleting someone else’s file, etc.).
b. Introducing false information (e.g., using someone else’s account and sending offensive mail, cyber bullying, etc.).
c. Preventing the authorized use of one’s data or information.
d. Preventing normal operation of computers networks of the University (e.g., changing the configuration or CMOS set-up of a PC, introducing computer virus, etc.).",1st Offense,"Category 3 (Non-Readmission, denial of admission but is allowed to finish current term)"
A student permanently deletes files from a shared folder used for group work without permission.,Violations of Information Technology Policies,"Committing acts that constitute computer security breach, such as but not limited to the following:
a. Altering information (e.g., changing the password of someone else’s account, changing the data in files beyond one’s authorized access, etc.), damaging or destroying information (e.g., deleting someone else’s file, etc.).
b. Introducing false information (e.g., using someone else’s account and sending offensive mail, cyber bullying, etc.).
c. Preventing the authorized use of one’s data or information.
d. Preventing normal operation of computers networks of the University (e.g., changing the configuration or CMOS set-up of a PC, introducing computer virus, etc.).",1st Offense,"Category 3 (Non-Readmission, denial of admission but is allowed to finish current term)"
A student deletes vital configuration files on a university computer without permission.,Violations of Information Technology Policies,"Committing acts that constitute computer security breach, such as but not limited to the following:
a. Altering information (e.g., changing the password of someone else’s account, changing the data in files beyond one’s authorized access, etc.), damaging or destroying information (e.g., deleting someone else’s file, etc.).
b. Introducing false information (e.g., using someone else’s account and sending offensive mail, cyber bullying, etc.).
c. Preventing the authorized use of one’s data or information.
d. Preventing normal operation of computers networks of the University (e.g., changing the configuration or CMOS set-up of a PC, introducing computer virus, etc.).",1st Offense,"Category 3 (Non-Readmission, denial of admission but is allowed to finish current term)"
A student modifies lab results data in another student’s account without authorization.,Violations of Information Technology Policies,"Committing acts that constitute computer security breach, such as but not limited to the following:
a. Altering information (e.g., changing the password of someone else’s account, changing the data in files beyond one’s authorized access, etc.), damaging or destroying information (e.g., deleting someone else’s file, etc.).
b. Introducing false information (e.g., using someone else’s account and sending offensive mail, cyber bullying, etc.).
c. Preventing the authorized use of one’s data or information.
d. Preventing normal operation of computers networks of the University (e.g., changing the configuration or CMOS set-up of a PC, introducing computer virus, etc.).",1st Offense,"Category 3 (Non-Readmission, denial of admission but is allowed to finish current term)"
A student accesses a university server and deletes all exam backups.,Violations of Information Technology Policies,"Committing acts that constitute computer security breach, such as but not limited to the following:
a. Altering information (e.g., changing the password of someone else’s account, changing the data in files beyond one’s authorized access, etc.), damaging or destroying information (e.g., deleting someone else’s file, etc.).
b. Introducing false information (e.g., using someone else’s account and sending offensive mail, cyber bullying, etc.).
c. Preventing the authorized use of one’s data or information.
d. Preventing normal operation of computers networks of the University (e.g., changing the configuration or CMOS set-up of a PC, introducing computer virus, etc.).",1st Offense,"Category 3 (Non-Readmission, denial of admission but is allowed to finish current term)"
A student deletes all assignments from another student’s online folder just before the deadline.,Violations of Information Technology Policies,"Committing acts that constitute computer security breach, such as but not limited to the following:
a. Altering information (e.g., changing the password of someone else’s account, changing the data in files beyond one’s authorized access, etc.), damaging or destroying information (e.g., deleting someone else’s file, etc.).
b. Introducing false information (e.g., using someone else’s account and sending offensive mail, cyber bullying, etc.).
c. Preventing the authorized use of one’s data or information.
d. Preventing normal operation of computers networks of the University (e.g., changing the configuration or CMOS set-up of a PC, introducing computer virus, etc.).",1st Offense,"Category 3 (Non-Readmission, denial of admission but is allowed to finish current term)"
A student removes files from the university’s shared research database.,Violations of Information Technology Policies,"Committing acts that constitute computer security breach, such as but not limited to the following:
a. Altering information (e.g., changing the password of someone else’s account, changing the data in files beyond one’s authorized access, etc.), damaging or destroying information (e.g., deleting someone else’s file, etc.).
b. Introducing false information (e.g., using someone else’s account and sending offensive mail, cyber bullying, etc.).
c. Preventing the authorized use of one’s data or information.
d. Preventing normal operation of computers networks of the University (e.g., changing the configuration or CMOS set-up of a PC, introducing computer virus, etc.).",1st Offense,"Category 3 (Non-Readmission, denial of admission but is allowed to finish current term)"
A student erases all digital communications between themselves and their professor from the server.,Violations of Information Technology Policies,"Committing acts that constitute computer security breach, such as but not limited to the following:
a. Altering information (e.g., changing the password of someone else’s account, changing the data in files beyond one’s authorized access, etc.), damaging or destroying information (e.g., deleting someone else’s file, etc.).
b. Introducing false information (e.g., using someone else’s account and sending offensive mail, cyber bullying, etc.).
c. Preventing the authorized use of one’s data or information.
d. Preventing normal operation of computers networks of the University (e.g., changing the configuration or CMOS set-up of a PC, introducing computer virus, etc.).",1st Offense,"Category 3 (Non-Readmission, denial of admission but is allowed to finish current term)"
A student accesses a classmate's account to alter the data in a research project spreadsheet.,Violations of Information Technology Policies,"Committing acts that constitute computer security breach, such as but not limited to the following:
a. Altering information (e.g., changing the password of someone else’s account, changing the data in files beyond one’s authorized access, etc.), damaging or destroying information (e.g., deleting someone else’s file, etc.).
b. Introducing false information (e.g., using someone else’s account and sending offensive mail, cyber bullying, etc.).
c. Preventing the authorized use of one’s data or information.
d. Preventing normal operation of computers networks of the University (e.g., changing the configuration or CMOS set-up of a PC, introducing computer virus, etc.).",1st Offense,"Category 3 (Non-Readmission, denial of admission but is allowed to finish current term)"
A student deletes their own academic history in the university’s system to avoid accountability.,Violations of Information Technology Policies,"Committing acts that constitute computer security breach, such as but not limited to the following:
a. Altering information (e.g., changing the password of someone else’s account, changing the data in files beyond one’s authorized access, etc.), damaging or destroying information (e.g., deleting someone else’s file, etc.).
b. Introducing false information (e.g., using someone else’s account and sending offensive mail, cyber bullying, etc.).
c. Preventing the authorized use of one’s data or information.
d. Preventing normal operation of computers networks of the University (e.g., changing the configuration or CMOS set-up of a PC, introducing computer virus, etc.).",1st Offense,"Category 3 (Non-Readmission, denial of admission but is allowed to finish current term)"
A student accesses another student’s university email account and deletes all messages.,Violations of Information Technology Policies,"Committing acts that constitute computer security breach, such as but not limited to the following:
a. Altering information (e.g., changing the password of someone else’s account, changing the data in files beyond one’s authorized access, etc.), damaging or destroying information (e.g., deleting someone else’s file, etc.).
b. Introducing false information (e.g., using someone else’s account and sending offensive mail, cyber bullying, etc.).
c. Preventing the authorized use of one’s data or information.
d. Preventing normal operation of computers networks of the University (e.g., changing the configuration or CMOS set-up of a PC, introducing computer virus, etc.).",1st Offense,"Category 3 (Non-Readmission, denial of admission but is allowed to finish current term)"
A student alters the metadata of a file to falsify when it was last modified.,Violations of Information Technology Policies,"Committing acts that constitute computer security breach, such as but not limited to the following:
a. Altering information (e.g., changing the password of someone else’s account, changing the data in files beyond one’s authorized access, etc.), damaging or destroying information (e.g., deleting someone else’s file, etc.).
b. Introducing false information (e.g., using someone else’s account and sending offensive mail, cyber bullying, etc.).
c. Preventing the authorized use of one’s data or information.
d. Preventing normal operation of computers networks of the University (e.g., changing the configuration or CMOS set-up of a PC, introducing computer virus, etc.).",1st Offense,"Category 3 (Non-Readmission, denial of admission but is allowed to finish current term)"
A student accesses a faculty member’s research data and alters key findings.,Violations of Information Technology Policies,"Committing acts that constitute computer security breach, such as but not limited to the following:
a. Altering information (e.g., changing the password of someone else’s account, changing the data in files beyond one’s authorized access, etc.), damaging or destroying information (e.g., deleting someone else’s file, etc.).
b. Introducing false information (e.g., using someone else’s account and sending offensive mail, cyber bullying, etc.).
c. Preventing the authorized use of one’s data or information.
d. Preventing normal operation of computers networks of the University (e.g., changing the configuration or CMOS set-up of a PC, introducing computer virus, etc.).",1st Offense,"Category 3 (Non-Readmission, denial of admission but is allowed to finish current term)"
A student removes important peer feedback comments from another student's project.,Violations of Information Technology Policies,"Committing acts that constitute computer security breach, such as but not limited to the following:
a. Altering information (e.g., changing the password of someone else’s account, changing the data in files beyond one’s authorized access, etc.), damaging or destroying information (e.g., deleting someone else’s file, etc.).
b. Introducing false information (e.g., using someone else’s account and sending offensive mail, cyber bullying, etc.).
c. Preventing the authorized use of one’s data or information.
d. Preventing normal operation of computers networks of the University (e.g., changing the configuration or CMOS set-up of a PC, introducing computer virus, etc.).",1st Offense,"Category 3 (Non-Readmission, denial of admission but is allowed to finish current term)"
A student alters answers on a peer's quiz submission by gaining unauthorized access.,Violations of Information Technology Policies,"Committing acts that constitute computer security breach, such as but not limited to the following:
a. Altering information (e.g., changing the password of someone else’s account, changing the data in files beyond one’s authorized access, etc.), damaging or destroying information (e.g., deleting someone else’s file, etc.).
b. Introducing false information (e.g., using someone else’s account and sending offensive mail, cyber bullying, etc.).
c. Preventing the authorized use of one’s data or information.
d. Preventing normal operation of computers networks of the University (e.g., changing the configuration or CMOS set-up of a PC, introducing computer virus, etc.).",1st Offense,"Category 3 (Non-Readmission, denial of admission but is allowed to finish current term)"
A student changes another student’s account password to lock them out of their online course.,Violations of Information Technology Policies,"Committing acts that constitute computer security breach, such as but not limited to the following:
a. Altering information (e.g., changing the password of someone else’s account, changing the data in files beyond one’s authorized access, etc.), damaging or destroying information (e.g., deleting someone else’s file, etc.).
b. Introducing false information (e.g., using someone else’s account and sending offensive mail, cyber bullying, etc.).
c. Preventing the authorized use of one’s data or information.
d. Preventing normal operation of computers networks of the University (e.g., changing the configuration or CMOS set-up of a PC, introducing computer virus, etc.).",1st Offense,"Category 3 (Non-Readmission, denial of admission but is allowed to finish current term)"
A student deletes all files from a shared cloud folder after accessing it without authorization.,Violations of Information Technology Policies,"Committing acts that constitute computer security breach, such as but not limited to the following:
a. Altering information (e.g., changing the password of someone else’s account, changing the data in files beyond one’s authorized access, etc.), damaging or destroying information (e.g., deleting someone else’s file, etc.).
b. Introducing false information (e.g., using someone else’s account and sending offensive mail, cyber bullying, etc.).
c. Preventing the authorized use of one’s data or information.
d. Preventing normal operation of computers networks of the University (e.g., changing the configuration or CMOS set-up of a PC, introducing computer virus, etc.).",1st Offense,"Category 3 (Non-Readmission, denial of admission but is allowed to finish current term)"
A student accesses a classmate’s essay and changes it without their knowledge.,Violations of Information Technology Policies,"Committing acts that constitute computer security breach, such as but not limited to the following:
a. Altering information (e.g., changing the password of someone else’s account, changing the data in files beyond one’s authorized access, etc.), damaging or destroying information (e.g., deleting someone else’s file, etc.).
b. Introducing false information (e.g., using someone else’s account and sending offensive mail, cyber bullying, etc.).
c. Preventing the authorized use of one’s data or information.
d. Preventing normal operation of computers networks of the University (e.g., changing the configuration or CMOS set-up of a PC, introducing computer virus, etc.).",1st Offense,"Category 3 (Non-Readmission, denial of admission but is allowed to finish current term)"
A student deletes another student’s presentation files just before a major deadline.,Violations of Information Technology Policies,"Committing acts that constitute computer security breach, such as but not limited to the following:
a. Altering information (e.g., changing the password of someone else’s account, changing the data in files beyond one’s authorized access, etc.), damaging or destroying information (e.g., deleting someone else’s file, etc.).
b. Introducing false information (e.g., using someone else’s account and sending offensive mail, cyber bullying, etc.).
c. Preventing the authorized use of one’s data or information.
d. Preventing normal operation of computers networks of the University (e.g., changing the configuration or CMOS set-up of a PC, introducing computer virus, etc.).",1st Offense,"Category 3 (Non-Readmission, denial of admission but is allowed to finish current term)"
A student hacks into a friend’s account and changes the data in their course feedback forms.,Violations of Information Technology Policies,"Committing acts that constitute computer security breach, such as but not limited to the following:
a. Altering information (e.g., changing the password of someone else’s account, changing the data in files beyond one’s authorized access, etc.), damaging or destroying information (e.g., deleting someone else’s file, etc.).
b. Introducing false information (e.g., using someone else’s account and sending offensive mail, cyber bullying, etc.).
c. Preventing the authorized use of one’s data or information.
d. Preventing normal operation of computers networks of the University (e.g., changing the configuration or CMOS set-up of a PC, introducing computer virus, etc.).",1st Offense,"Category 3 (Non-Readmission, denial of admission but is allowed to finish current term)"
A student hacks into another student’s account to change project grades.,Violations of Information Technology Policies,"Committing acts that constitute computer security breach, such as but not limited to the following:
a. Altering information (e.g., changing the password of someone else’s account, changing the data in files beyond one’s authorized access, etc.), damaging or destroying information (e.g., deleting someone else’s file, etc.).
b. Introducing false information (e.g., using someone else’s account and sending offensive mail, cyber bullying, etc.).
c. Preventing the authorized use of one’s data or information.
d. Preventing normal operation of computers networks of the University (e.g., changing the configuration or CMOS set-up of a PC, introducing computer virus, etc.).",1st Offense,"Category 3 (Non-Readmission, denial of admission but is allowed to finish current term)"
A student edits the due dates of assignments stored on the university server.,Violations of Information Technology Policies,"Committing acts that constitute computer security breach, such as but not limited to the following:
a. Altering information (e.g., changing the password of someone else’s account, changing the data in files beyond one’s authorized access, etc.), damaging or destroying information (e.g., deleting someone else’s file, etc.).
b. Introducing false information (e.g., using someone else’s account and sending offensive mail, cyber bullying, etc.).
c. Preventing the authorized use of one’s data or information.
d. Preventing normal operation of computers networks of the University (e.g., changing the configuration or CMOS set-up of a PC, introducing computer virus, etc.).",1st Offense,"Category 3 (Non-Readmission, denial of admission but is allowed to finish current term)"
A student edits data in a university-hosted survey without authorization.,Violations of Information Technology Policies,"Committing acts that constitute computer security breach, such as but not limited to the following:
a. Altering information (e.g., changing the password of someone else’s account, changing the data in files beyond one’s authorized access, etc.), damaging or destroying information (e.g., deleting someone else’s file, etc.).
b. Introducing false information (e.g., using someone else’s account and sending offensive mail, cyber bullying, etc.).
c. Preventing the authorized use of one’s data or information.
d. Preventing normal operation of computers networks of the University (e.g., changing the configuration or CMOS set-up of a PC, introducing computer virus, etc.).",1st Offense,"Category 3 (Non-Readmission, denial of admission but is allowed to finish current term)"
A student modifies the login details of their group members to lock them out of the shared project account.,Violations of Information Technology Policies,"Committing acts that constitute computer security breach, such as but not limited to the following:
a. Altering information (e.g., changing the password of someone else’s account, changing the data in files beyond one’s authorized access, etc.), damaging or destroying information (e.g., deleting someone else’s file, etc.).
b. Introducing false information (e.g., using someone else’s account and sending offensive mail, cyber bullying, etc.).
c. Preventing the authorized use of one’s data or information.
d. Preventing normal operation of computers networks of the University (e.g., changing the configuration or CMOS set-up of a PC, introducing computer virus, etc.).",1st Offense,"Category 3 (Non-Readmission, denial of admission but is allowed to finish current term)"
"A student modifies another student's assignment submission date, making it appear late.",Violations of Information Technology Policies,"Committing acts that constitute computer security breach, such as but not limited to the following:
a. Altering information (e.g., changing the password of someone else’s account, changing the data in files beyond one’s authorized access, etc.), damaging or destroying information (e.g., deleting someone else’s file, etc.).
b. Introducing false information (e.g., using someone else’s account and sending offensive mail, cyber bullying, etc.).
c. Preventing the authorized use of one’s data or information.
d. Preventing normal operation of computers networks of the University (e.g., changing the configuration or CMOS set-up of a PC, introducing computer virus, etc.).",1st Offense,"Category 3 (Non-Readmission, denial of admission but is allowed to finish current term)"
A student accesses another student’s assignment file and alters the content without permission.,Violations of Information Technology Policies,"Committing acts that constitute computer security breach, such as but not limited to the following:
a. Altering information (e.g., changing the password of someone else’s account, changing the data in files beyond one’s authorized access, etc.), damaging or destroying information (e.g., deleting someone else’s file, etc.).
b. Introducing false information (e.g., using someone else’s account and sending offensive mail, cyber bullying, etc.).
c. Preventing the authorized use of one’s data or information.
d. Preventing normal operation of computers networks of the University (e.g., changing the configuration or CMOS set-up of a PC, introducing computer virus, etc.).",1st Offense,"Category 3 (Non-Readmission, denial of admission but is allowed to finish current term)"
A student erases the history of academic collaborations from the university’s database.,Violations of Information Technology Policies,"Committing acts that constitute computer security breach, such as but not limited to the following:
a. Altering information (e.g., changing the password of someone else’s account, changing the data in files beyond one’s authorized access, etc.), damaging or destroying information (e.g., deleting someone else’s file, etc.).
b. Introducing false information (e.g., using someone else’s account and sending offensive mail, cyber bullying, etc.).
c. Preventing the authorized use of one’s data or information.
d. Preventing normal operation of computers networks of the University (e.g., changing the configuration or CMOS set-up of a PC, introducing computer virus, etc.).",1st Offense,"Category 3 (Non-Readmission, denial of admission but is allowed to finish current term)"
A student deletes a peer’s submitted exam on an online testing platform.,Violations of Information Technology Policies,"Committing acts that constitute computer security breach, such as but not limited to the following:
a. Altering information (e.g., changing the password of someone else’s account, changing the data in files beyond one’s authorized access, etc.), damaging or destroying information (e.g., deleting someone else’s file, etc.).
b. Introducing false information (e.g., using someone else’s account and sending offensive mail, cyber bullying, etc.).
c. Preventing the authorized use of one’s data or information.
d. Preventing normal operation of computers networks of the University (e.g., changing the configuration or CMOS set-up of a PC, introducing computer virus, etc.).",1st Offense,"Category 3 (Non-Readmission, denial of admission but is allowed to finish current term)"
A student removes all comments and edits from a shared project document.,Violations of Information Technology Policies,"Committing acts that constitute computer security breach, such as but not limited to the following:
a. Altering information (e.g., changing the password of someone else’s account, changing the data in files beyond one’s authorized access, etc.), damaging or destroying information (e.g., deleting someone else’s file, etc.).
b. Introducing false information (e.g., using someone else’s account and sending offensive mail, cyber bullying, etc.).
c. Preventing the authorized use of one’s data or information.
d. Preventing normal operation of computers networks of the University (e.g., changing the configuration or CMOS set-up of a PC, introducing computer virus, etc.).",1st Offense,"Category 3 (Non-Readmission, denial of admission but is allowed to finish current term)"
A student modifies timestamps on their work to give the false impression of earlier submission.,Violations of Information Technology Policies,"Committing acts that constitute computer security breach, such as but not limited to the following:
a. Altering information (e.g., changing the password of someone else’s account, changing the data in files beyond one’s authorized access, etc.), damaging or destroying information (e.g., deleting someone else’s file, etc.).
b. Introducing false information (e.g., using someone else’s account and sending offensive mail, cyber bullying, etc.).
c. Preventing the authorized use of one’s data or information.
d. Preventing normal operation of computers networks of the University (e.g., changing the configuration or CMOS set-up of a PC, introducing computer virus, etc.).",1st Offense,"Category 3 (Non-Readmission, denial of admission but is allowed to finish current term)"
"A student alters the content of a shared research document, removing others’ contributions.",Violations of Information Technology Policies,"Committing acts that constitute computer security breach, such as but not limited to the following:
a. Altering information (e.g., changing the password of someone else’s account, changing the data in files beyond one’s authorized access, etc.), damaging or destroying information (e.g., deleting someone else’s file, etc.).
b. Introducing false information (e.g., using someone else’s account and sending offensive mail, cyber bullying, etc.).
c. Preventing the authorized use of one’s data or information.
d. Preventing normal operation of computers networks of the University (e.g., changing the configuration or CMOS set-up of a PC, introducing computer virus, etc.).",1st Offense,"Category 3 (Non-Readmission, denial of admission but is allowed to finish current term)"
A student deletes archived coursework files from the university server.,Violations of Information Technology Policies,"Committing acts that constitute computer security breach, such as but not limited to the following:
a. Altering information (e.g., changing the password of someone else’s account, changing the data in files beyond one’s authorized access, etc.), damaging or destroying information (e.g., deleting someone else’s file, etc.).
b. Introducing false information (e.g., using someone else’s account and sending offensive mail, cyber bullying, etc.).
c. Preventing the authorized use of one’s data or information.
d. Preventing normal operation of computers networks of the University (e.g., changing the configuration or CMOS set-up of a PC, introducing computer virus, etc.).",1st Offense,"Category 3 (Non-Readmission, denial of admission but is allowed to finish current term)"
A student accesses the university’s cloud storage to delete research papers stored by faculty.,Violations of Information Technology Policies,"Committing acts that constitute computer security breach, such as but not limited to the following:
a. Altering information (e.g., changing the password of someone else’s account, changing the data in files beyond one’s authorized access, etc.), damaging or destroying information (e.g., deleting someone else’s file, etc.).
b. Introducing false information (e.g., using someone else’s account and sending offensive mail, cyber bullying, etc.).
c. Preventing the authorized use of one’s data or information.
d. Preventing normal operation of computers networks of the University (e.g., changing the configuration or CMOS set-up of a PC, introducing computer virus, etc.).",1st Offense,"Category 3 (Non-Readmission, denial of admission but is allowed to finish current term)"
A student erases project feedback left by their peers in an online folder.,Violations of Information Technology Policies,"Committing acts that constitute computer security breach, such as but not limited to the following:
a. Altering information (e.g., changing the password of someone else’s account, changing the data in files beyond one’s authorized access, etc.), damaging or destroying information (e.g., deleting someone else’s file, etc.).
b. Introducing false information (e.g., using someone else’s account and sending offensive mail, cyber bullying, etc.).
c. Preventing the authorized use of one’s data or information.
d. Preventing normal operation of computers networks of the University (e.g., changing the configuration or CMOS set-up of a PC, introducing computer virus, etc.).",1st Offense,"Category 3 (Non-Readmission, denial of admission but is allowed to finish current term)"
A student removes critical documents from a shared server used for academic projects.,Violations of Information Technology Policies,"Committing acts that constitute computer security breach, such as but not limited to the following:
a. Altering information (e.g., changing the password of someone else’s account, changing the data in files beyond one’s authorized access, etc.), damaging or destroying information (e.g., deleting someone else’s file, etc.).
b. Introducing false information (e.g., using someone else’s account and sending offensive mail, cyber bullying, etc.).
c. Preventing the authorized use of one’s data or information.
d. Preventing normal operation of computers networks of the University (e.g., changing the configuration or CMOS set-up of a PC, introducing computer virus, etc.).",1st Offense,"Category 3 (Non-Readmission, denial of admission but is allowed to finish current term)"
A student deletes all of their peer's submitted homework from an online class folder.,Violations of Information Technology Policies,"Committing acts that constitute computer security breach, such as but not limited to the following:
a. Altering information (e.g., changing the password of someone else’s account, changing the data in files beyond one’s authorized access, etc.), damaging or destroying information (e.g., deleting someone else’s file, etc.).
b. Introducing false information (e.g., using someone else’s account and sending offensive mail, cyber bullying, etc.).
c. Preventing the authorized use of one’s data or information.
d. Preventing normal operation of computers networks of the University (e.g., changing the configuration or CMOS set-up of a PC, introducing computer virus, etc.).",1st Offense,"Category 3 (Non-Readmission, denial of admission but is allowed to finish current term)"
A student erases grades stored on the university’s server for an entire class.,Violations of Information Technology Policies,"Committing acts that constitute computer security breach, such as but not limited to the following:
a. Altering information (e.g., changing the password of someone else’s account, changing the data in files beyond one’s authorized access, etc.), damaging or destroying information (e.g., deleting someone else’s file, etc.).
b. Introducing false information (e.g., using someone else’s account and sending offensive mail, cyber bullying, etc.).
c. Preventing the authorized use of one’s data or information.
d. Preventing normal operation of computers networks of the University (e.g., changing the configuration or CMOS set-up of a PC, introducing computer virus, etc.).",1st Offense,"Category 3 (Non-Readmission, denial of admission but is allowed to finish current term)"
A student edits the timestamp of an exam submission to make it appear as though it was submitted on time.,Violations of Information Technology Policies,"Committing acts that constitute computer security breach, such as but not limited to the following:
a. Altering information (e.g., changing the password of someone else’s account, changing the data in files beyond one’s authorized access, etc.), damaging or destroying information (e.g., deleting someone else’s file, etc.).
b. Introducing false information (e.g., using someone else’s account and sending offensive mail, cyber bullying, etc.).
c. Preventing the authorized use of one’s data or information.
d. Preventing normal operation of computers networks of the University (e.g., changing the configuration or CMOS set-up of a PC, introducing computer virus, etc.).",1st Offense,"Category 3 (Non-Readmission, denial of admission but is allowed to finish current term)"
A student manipulates a classmate’s online grade records by changing scores.,Violations of Information Technology Policies,"Committing acts that constitute computer security breach, such as but not limited to the following:
a. Altering information (e.g., changing the password of someone else’s account, changing the data in files beyond one’s authorized access, etc.), damaging or destroying information (e.g., deleting someone else’s file, etc.).
b. Introducing false information (e.g., using someone else’s account and sending offensive mail, cyber bullying, etc.).
c. Preventing the authorized use of one’s data or information.
d. Preventing normal operation of computers networks of the University (e.g., changing the configuration or CMOS set-up of a PC, introducing computer virus, etc.).",1st Offense,"Category 3 (Non-Readmission, denial of admission but is allowed to finish current term)"
A student accesses another student's group project file and changes the content to cause issues.,Violations of Information Technology Policies,"Committing acts that constitute computer security breach, such as but not limited to the following:
a. Altering information (e.g., changing the password of someone else’s account, changing the data in files beyond one’s authorized access, etc.), damaging or destroying information (e.g., deleting someone else’s file, etc.).
b. Introducing false information (e.g., using someone else’s account and sending offensive mail, cyber bullying, etc.).
c. Preventing the authorized use of one’s data or information.
d. Preventing normal operation of computers networks of the University (e.g., changing the configuration or CMOS set-up of a PC, introducing computer virus, etc.).",1st Offense,"Category 3 (Non-Readmission, denial of admission but is allowed to finish current term)"
A student alters a professor’s lecture slides without their knowledge.,Violations of Information Technology Policies,"Committing acts that constitute computer security breach, such as but not limited to the following:
a. Altering information (e.g., changing the password of someone else’s account, changing the data in files beyond one’s authorized access, etc.), damaging or destroying information (e.g., deleting someone else’s file, etc.).
b. Introducing false information (e.g., using someone else’s account and sending offensive mail, cyber bullying, etc.).
c. Preventing the authorized use of one’s data or information.
d. Preventing normal operation of computers networks of the University (e.g., changing the configuration or CMOS set-up of a PC, introducing computer virus, etc.).",1st Offense,"Category 3 (Non-Readmission, denial of admission but is allowed to finish current term)"
A student alters data in a university financial record system to reduce their tuition balance.,Violations of Information Technology Policies,"Committing acts that constitute computer security breach, such as but not limited to the following:
a. Altering information (e.g., changing the password of someone else’s account, changing the data in files beyond one’s authorized access, etc.), damaging or destroying information (e.g., deleting someone else’s file, etc.).
b. Introducing false information (e.g., using someone else’s account and sending offensive mail, cyber bullying, etc.).
c. Preventing the authorized use of one’s data or information.
d. Preventing normal operation of computers networks of the University (e.g., changing the configuration or CMOS set-up of a PC, introducing computer virus, etc.).",1st Offense,"Category 3 (Non-Readmission, denial of admission but is allowed to finish current term)"
A student accesses a shared cloud folder and deletes the final draft of a group project.,Violations of Information Technology Policies,"Committing acts that constitute computer security breach, such as but not limited to the following:
a. Altering information (e.g., changing the password of someone else’s account, changing the data in files beyond one’s authorized access, etc.), damaging or destroying information (e.g., deleting someone else’s file, etc.).
b. Introducing false information (e.g., using someone else’s account and sending offensive mail, cyber bullying, etc.).
c. Preventing the authorized use of one’s data or information.
d. Preventing normal operation of computers networks of the University (e.g., changing the configuration or CMOS set-up of a PC, introducing computer virus, etc.).",1st Offense,"Category 3 (Non-Readmission, denial of admission but is allowed to finish current term)"
A student erases all exam data from a university account after accessing it illegally.,Violations of Information Technology Policies,"Committing acts that constitute computer security breach, such as but not limited to the following:
a. Altering information (e.g., changing the password of someone else’s account, changing the data in files beyond one’s authorized access, etc.), damaging or destroying information (e.g., deleting someone else’s file, etc.).
b. Introducing false information (e.g., using someone else’s account and sending offensive mail, cyber bullying, etc.).
c. Preventing the authorized use of one’s data or information.
d. Preventing normal operation of computers networks of the University (e.g., changing the configuration or CMOS set-up of a PC, introducing computer virus, etc.).",1st Offense,"Category 3 (Non-Readmission, denial of admission but is allowed to finish current term)"
A student accesses the system to change the attendance record of their classmate.,Violations of Information Technology Policies,"Committing acts that constitute computer security breach, such as but not limited to the following:
a. Altering information (e.g., changing the password of someone else’s account, changing the data in files beyond one’s authorized access, etc.), damaging or destroying information (e.g., deleting someone else’s file, etc.).
b. Introducing false information (e.g., using someone else’s account and sending offensive mail, cyber bullying, etc.).
c. Preventing the authorized use of one’s data or information.
d. Preventing normal operation of computers networks of the University (e.g., changing the configuration or CMOS set-up of a PC, introducing computer virus, etc.).",1st Offense,"Category 3 (Non-Readmission, denial of admission but is allowed to finish current term)"
A student manipulates files in a group project to falsely claim more contribution.,Violations of Information Technology Policies,"Committing acts that constitute computer security breach, such as but not limited to the following:
a. Altering information (e.g., changing the password of someone else’s account, changing the data in files beyond one’s authorized access, etc.), damaging or destroying information (e.g., deleting someone else’s file, etc.).
b. Introducing false information (e.g., using someone else’s account and sending offensive mail, cyber bullying, etc.).
c. Preventing the authorized use of one’s data or information.
d. Preventing normal operation of computers networks of the University (e.g., changing the configuration or CMOS set-up of a PC, introducing computer virus, etc.).",1st Offense,"Category 3 (Non-Readmission, denial of admission but is allowed to finish current term)"
A student tells their lab partner that the chemistry experiment looks like a bomb.,Criminal offense and a critical emergency security incident,Bomb jokes.,1st Offense,"Category 2 (Formative Intervention: University Service, Counseling, Discipline Education Program, & Evaluation)"
"A student makes a prank call to the university, falsely reporting a bomb threat.",Criminal offense and a critical emergency security incident,Bomb jokes.,1st Offense,"Category 2 (Formative Intervention: University Service, Counseling, Discipline Education Program, & Evaluation)"
A student jokes with a security guard about a bomb in the administrative building.,Criminal offense and a critical emergency security incident,Bomb jokes.,1st Offense,"Category 2 (Formative Intervention: University Service, Counseling, Discipline Education Program, & Evaluation)"
A student jokes about building a bomb for an upcoming chemistry project.,Criminal offense and a critical emergency security incident,Bomb jokes.,1st Offense,"Category 2 (Formative Intervention: University Service, Counseling, Discipline Education Program, & Evaluation)"
"A student yells, 'There’s a bomb!' during a crowded event on campus as a prank.",Criminal offense and a critical emergency security incident,Bomb jokes.,1st Offense,"Category 2 (Formative Intervention: University Service, Counseling, Discipline Education Program, & Evaluation)"
A student writes ‘bomb inside’ on a classroom whiteboard as a joke before leaving.,Criminal offense and a critical emergency security incident,Bomb jokes.,1st Offense,"Category 2 (Formative Intervention: University Service, Counseling, Discipline Education Program, & Evaluation)"
A student jokingly calls campus security to report a fake bomb scare.,Criminal offense and a critical emergency security incident,Bomb jokes.,1st Offense,"Category 2 (Formative Intervention: University Service, Counseling, Discipline Education Program, & Evaluation)"
A student jokes during a Zoom class that they planted a bomb in the lecture hall.,Criminal offense and a critical emergency security incident,Bomb jokes.,1st Offense,"Category 2 (Formative Intervention: University Service, Counseling, Discipline Education Program, & Evaluation)"
A student posts on a campus forum about placing a bomb in the dorms.,Criminal offense and a critical emergency security incident,Bomb jokes.,1st Offense,"Category 2 (Formative Intervention: University Service, Counseling, Discipline Education Program, & Evaluation)"
A student writes 'bomb threat' in a message board post during an online class.,Criminal offense and a critical emergency security incident,Bomb jokes.,1st Offense,"Category 2 (Formative Intervention: University Service, Counseling, Discipline Education Program, & Evaluation)"
A student jokes that the ticking clock in the hallway sounds like a bomb.,Criminal offense and a critical emergency security incident,Bomb jokes.,1st Offense,"Category 2 (Formative Intervention: University Service, Counseling, Discipline Education Program, & Evaluation)"
A student tells a friend that the package they’re holding is a bomb as a joke.,Criminal offense and a critical emergency security incident,Bomb jokes.,1st Offense,"Category 2 (Formative Intervention: University Service, Counseling, Discipline Education Program, & Evaluation)"
"A student shouts, 'I left a bomb in the library!' as a joke, causing panic.",Criminal offense and a critical emergency security incident,Bomb jokes.,1st Offense,"Category 2 (Formative Intervention: University Service, Counseling, Discipline Education Program, & Evaluation)"
A student leaves a fake bomb under their professor’s car as a prank.,Criminal offense and a critical emergency security incident,Bomb jokes.,1st Offense,"Category 2 (Formative Intervention: University Service, Counseling, Discipline Education Program, & Evaluation)"
A student writes a bomb threat on a bathroom wall as a prank.,Criminal offense and a critical emergency security incident,Bomb jokes.,1st Offense,"Category 2 (Formative Intervention: University Service, Counseling, Discipline Education Program, & Evaluation)"
A student writes a bomb threat in a chat during an online exam as a joke.,Criminal offense and a critical emergency security incident,Bomb jokes.,1st Offense,"Category 2 (Formative Intervention: University Service, Counseling, Discipline Education Program, & Evaluation)"
A student writes 'bomb alert' in an anonymous note left on the campus bulletin board.,Criminal offense and a critical emergency security incident,Bomb jokes.,1st Offense,"Category 2 (Formative Intervention: University Service, Counseling, Discipline Education Program, & Evaluation)"
A student jokes about bombing the campus at a student assembly meeting.,Criminal offense and a critical emergency security incident,Bomb jokes.,1st Offense,"Category 2 (Formative Intervention: University Service, Counseling, Discipline Education Program, & Evaluation)"
A student jokes that their science project could 'blow up like a bomb.',Criminal offense and a critical emergency security incident,Bomb jokes.,1st Offense,"Category 2 (Formative Intervention: University Service, Counseling, Discipline Education Program, & Evaluation)"
A student jokes with their lab partners about accidentally making a bomb.,Criminal offense and a critical emergency security incident,Bomb jokes.,1st Offense,"Category 2 (Formative Intervention: University Service, Counseling, Discipline Education Program, & Evaluation)"
A student leaves a fake bomb report in the campus suggestion box as a prank.,Criminal offense and a critical emergency security incident,Bomb jokes.,1st Offense,"Category 2 (Formative Intervention: University Service, Counseling, Discipline Education Program, & Evaluation)"
A student jokes with their friends that the sound of the microwave is 'like a bomb ticking.',Criminal offense and a critical emergency security incident,Bomb jokes.,1st Offense,"Category 2 (Formative Intervention: University Service, Counseling, Discipline Education Program, & Evaluation)"
A student tells a classmate that the ticking noise in the room is a bomb as a joke.,Criminal offense and a critical emergency security incident,Bomb jokes.,1st Offense,"Category 2 (Formative Intervention: University Service, Counseling, Discipline Education Program, & Evaluation)"
A student leaves a note on a professor’s desk joking about a bomb threat.,Criminal offense and a critical emergency security incident,Bomb jokes.,1st Offense,"Category 2 (Formative Intervention: University Service, Counseling, Discipline Education Program, & Evaluation)"
A student leaves a fake bomb in a lecture hall as part of a prank.,Criminal offense and a critical emergency security incident,Bomb jokes.,1st Offense,"Category 2 (Formative Intervention: University Service, Counseling, Discipline Education Program, & Evaluation)"
A student tells their friend they hid a bomb in their locker as part of a prank.,Criminal offense and a critical emergency security incident,Bomb jokes.,1st Offense,"Category 2 (Formative Intervention: University Service, Counseling, Discipline Education Program, & Evaluation)"
A student posts on the class chat that there's a bomb in the cafeteria.,Criminal offense and a critical emergency security incident,Bomb jokes.,1st Offense,"Category 2 (Formative Intervention: University Service, Counseling, Discipline Education Program, & Evaluation)"
A student says they left a bomb under their professor’s desk as a joke.,Criminal offense and a critical emergency security incident,Bomb jokes.,1st Offense,"Category 2 (Formative Intervention: University Service, Counseling, Discipline Education Program, & Evaluation)"
A student falsely claims that a suspicious package is a bomb on campus.,Criminal offense and a critical emergency security incident,Bomb jokes.,1st Offense,"Category 2 (Formative Intervention: University Service, Counseling, Discipline Education Program, & Evaluation)"
A student leaves a prank bomb threat voicemail on the university helpline.,Criminal offense and a critical emergency security incident,Bomb jokes.,1st Offense,"Category 2 (Formative Intervention: University Service, Counseling, Discipline Education Program, & Evaluation)"
A student jokes about setting off a bomb in the dorms after losing a video game.,Criminal offense and a critical emergency security incident,Bomb jokes.,1st Offense,"Category 2 (Formative Intervention: University Service, Counseling, Discipline Education Program, & Evaluation)"
A student sends a prank text to their friend about placing a bomb in the dorm.,Criminal offense and a critical emergency security incident,Bomb jokes.,1st Offense,"Category 2 (Formative Intervention: University Service, Counseling, Discipline Education Program, & Evaluation)"
A student leaves a fake bomb threat message on a friend’s voicemail as a prank.,Criminal offense and a critical emergency security incident,Bomb jokes.,1st Offense,"Category 2 (Formative Intervention: University Service, Counseling, Discipline Education Program, & Evaluation)"
A student jokingly texts their friend that there's a bomb in the science lab.,Criminal offense and a critical emergency security incident,Bomb jokes.,1st Offense,"Category 2 (Formative Intervention: University Service, Counseling, Discipline Education Program, & Evaluation)"
A student jokingly tells campus security that there’s a bomb in the library.,Criminal offense and a critical emergency security incident,Bomb jokes.,1st Offense,"Category 2 (Formative Intervention: University Service, Counseling, Discipline Education Program, & Evaluation)"
"A student sends a message in a class group chat, pretending there’s a bomb in the lecture hall.",Criminal offense and a critical emergency security incident,Bomb jokes.,1st Offense,"Category 2 (Formative Intervention: University Service, Counseling, Discipline Education Program, & Evaluation)"
A student jokes during a campus tour that they left a bomb in the dorms.,Criminal offense and a critical emergency security incident,Bomb jokes.,1st Offense,"Category 2 (Formative Intervention: University Service, Counseling, Discipline Education Program, & Evaluation)"
A student jokes about setting a bomb in the cafeteria during lunchtime.,Criminal offense and a critical emergency security incident,Bomb jokes.,1st Offense,"Category 2 (Formative Intervention: University Service, Counseling, Discipline Education Program, & Evaluation)"
A student writes 'bomb threat' in an online group chat to scare classmates.,Criminal offense and a critical emergency security incident,Bomb jokes.,1st Offense,"Category 2 (Formative Intervention: University Service, Counseling, Discipline Education Program, & Evaluation)"
A student jokingly tells their professor that the lab equipment looks like a bomb.,Criminal offense and a critical emergency security incident,Bomb jokes.,1st Offense,"Category 2 (Formative Intervention: University Service, Counseling, Discipline Education Program, & Evaluation)"
"A student posts a picture of a clock with wires, captioned 'Bomb project due tonight!', as a joke.",Criminal offense and a critical emergency security incident,Bomb jokes.,1st Offense,"Category 2 (Formative Intervention: University Service, Counseling, Discipline Education Program, & Evaluation)"
A student leaves a threatening message on a class forum about bombing the building.,Criminal offense and a critical emergency security incident,Bomb jokes.,1st Offense,"Category 2 (Formative Intervention: University Service, Counseling, Discipline Education Program, & Evaluation)"
A student sends a prank text to their friend saying there’s a bomb in their backpack.,Criminal offense and a critical emergency security incident,Bomb jokes.,1st Offense,"Category 2 (Formative Intervention: University Service, Counseling, Discipline Education Program, & Evaluation)"
A student jokes about dropping a bomb in the student center after finals.,Criminal offense and a critical emergency security incident,Bomb jokes.,1st Offense,"Category 2 (Formative Intervention: University Service, Counseling, Discipline Education Program, & Evaluation)"
A student sends an email to classmates claiming they left a bomb in a classroom as a prank.,Criminal offense and a critical emergency security incident,Bomb jokes.,1st Offense,"Category 2 (Formative Intervention: University Service, Counseling, Discipline Education Program, & Evaluation)"
A student leaves a fake bomb threat note in the hallway outside a professor's office.,Criminal offense and a critical emergency security incident,Bomb jokes.,1st Offense,"Category 2 (Formative Intervention: University Service, Counseling, Discipline Education Program, & Evaluation)"
A student posts a prank announcement about a bomb scare on the student portal.,Criminal offense and a critical emergency security incident,Bomb jokes.,1st Offense,"Category 2 (Formative Intervention: University Service, Counseling, Discipline Education Program, & Evaluation)"
A student sends a prank message in a class group chat about planting a bomb on campus.,Criminal offense and a critical emergency security incident,Bomb jokes.,1st Offense,"Category 2 (Formative Intervention: University Service, Counseling, Discipline Education Program, & Evaluation)"
"A student sends a prank email to their class, claiming a bomb was found on campus.",Criminal offense and a critical emergency security incident,Bomb jokes.,2nd Offense,"Category 3 (Non-Readmission, denial of admission but is allowed to finish current term)"
A student leaves a fake bomb in the library as part of a prank.,Criminal offense and a critical emergency security incident,Bomb jokes.,2nd Offense,"Category 3 (Non-Readmission, denial of admission but is allowed to finish current term)"
A student leaves a fake bomb threat on a sticky note outside the student lounge.,Criminal offense and a critical emergency security incident,Bomb jokes.,2nd Offense,"Category 3 (Non-Readmission, denial of admission but is allowed to finish current term)"
A student creates a fake bomb threat report on the university’s online portal as a prank.,Criminal offense and a critical emergency security incident,Bomb jokes.,2nd Offense,"Category 3 (Non-Readmission, denial of admission but is allowed to finish current term)"
A student sends a prank email about a bomb threat to their professor.,Criminal offense and a critical emergency security incident,Bomb jokes.,2nd Offense,"Category 3 (Non-Readmission, denial of admission but is allowed to finish current term)"
A student posts a photo of a suspicious package on social media with a caption about a bomb.,Criminal offense and a critical emergency security incident,Bomb jokes.,2nd Offense,"Category 3 (Non-Readmission, denial of admission but is allowed to finish current term)"
A student jokes with a campus security officer about bringing a bomb to campus.,Criminal offense and a critical emergency security incident,Bomb jokes.,2nd Offense,"Category 3 (Non-Readmission, denial of admission but is allowed to finish current term)"
A student writes 'bomb inside' on a cardboard box and leaves it in the cafeteria.,Criminal offense and a critical emergency security incident,Bomb jokes.,2nd Offense,"Category 3 (Non-Readmission, denial of admission but is allowed to finish current term)"
A student sends an anonymous email to university administration claiming there is a bomb in the parking lot as a joke.,Criminal offense and a critical emergency security incident,Bomb jokes.,2nd Offense,"Category 3 (Non-Readmission, denial of admission but is allowed to finish current term)"
"A student pretends to call the police, falsely reporting a bomb in the dorms as a prank.",Criminal offense and a critical emergency security incident,Bomb jokes.,2nd Offense,"Category 3 (Non-Readmission, denial of admission but is allowed to finish current term)"
A student makes a fake bomb report on social media during a campus event.,Criminal offense and a critical emergency security incident,Bomb jokes.,2nd Offense,"Category 3 (Non-Readmission, denial of admission but is allowed to finish current term)"
A student writes 'bomb' on a piece of paper and leaves it on a classroom desk as a prank.,Criminal offense and a critical emergency security incident,Bomb jokes.,2nd Offense,"Category 3 (Non-Readmission, denial of admission but is allowed to finish current term)"
A student posts a meme online with a caption about bombing the university.,Criminal offense and a critical emergency security incident,Bomb jokes.,2nd Offense,"Category 3 (Non-Readmission, denial of admission but is allowed to finish current term)"
"During an online lecture, a student jokes in the chat about having planted a bomb in the building.",Criminal offense and a critical emergency security incident,Bomb jokes.,2nd Offense,"Category 3 (Non-Readmission, denial of admission but is allowed to finish current term)"
A student jokingly tells their classmates that the lab experiment looks like a bomb.,Criminal offense and a critical emergency security incident,Bomb jokes.,2nd Offense,"Category 3 (Non-Readmission, denial of admission but is allowed to finish current term)"
A student leaves a note in their friend’s backpack saying it contains a bomb as a prank.,Criminal offense and a critical emergency security incident,Bomb jokes.,2nd Offense,"Category 3 (Non-Readmission, denial of admission but is allowed to finish current term)"
A student tells their friend that their lunchbox looks like a bomb as a joke.,Criminal offense and a critical emergency security incident,Bomb jokes.,2nd Offense,"Category 3 (Non-Readmission, denial of admission but is allowed to finish current term)"
A student places a ticking clock in a classroom as a prank bomb scare.,Criminal offense and a critical emergency security incident,Bomb jokes.,2nd Offense,"Category 3 (Non-Readmission, denial of admission but is allowed to finish current term)"
A student places a suspicious-looking bag in the cafeteria as a bomb scare prank.,Criminal offense and a critical emergency security incident,Bomb jokes.,2nd Offense,"Category 3 (Non-Readmission, denial of admission but is allowed to finish current term)"
A student tells a friend they hid a bomb in their backpack as a prank.,Criminal offense and a critical emergency security incident,Bomb jokes.,2nd Offense,"Category 3 (Non-Readmission, denial of admission but is allowed to finish current term)"
A student jokingly posts on social media about placing a bomb in the university's cafeteria.,Criminal offense and a critical emergency security incident,Bomb jokes.,2nd Offense,"Category 3 (Non-Readmission, denial of admission but is allowed to finish current term)"
A student leaves a suspicious box labeled 'bomb' outside the library as a joke.,Criminal offense and a critical emergency security incident,Bomb jokes.,2nd Offense,"Category 3 (Non-Readmission, denial of admission but is allowed to finish current term)"